{
"type": "FeatureCollection",
"name": "usp-points-processed-tdata",
"crs": { "type": "name", "properties": { "name": "urn:ogc:def:crs:OGC:1.3:CRS84" } },
"features": [
{ "type": "Feature", "properties": { "Category": "Roads", "LULC": "Settlement", "Coastal": "Rubble", "Surveyor": "Nathaniel Lawevuso", "Date": "2026-09-09T00:00:00", "Notes": "Near L64 building ", "LULC_code": null }, "geometry": { "type": "Point", "coordinates": [ 178.452418824428094, -18.149170876460676, 0.0 ] } },
{ "type": "Feature", "properties": { "Category": "Other", "LULC": "Grassland", "Coastal": null, "Surveyor": "Nathaniel Lawevuso", "Date": "2026-09-09T00:00:00", "Notes": "Near the Fletcher road", "LULC_code": 3 }, "geometry": { "type": "Point", "coordinates": [ 178.452532348345244, -18.149058059413417, 0.0 ] } },
{ "type": "Feature", "properties": { "Category": "Roads", "LULC": "Settlement", "Coastal": null, "Surveyor": "Nathaniel Lawevuso", "Date": "2026-09-09T00:00:00", "Notes": "Near Ln1 building ", "LULC_code": null }, "geometry": { "type": "Point", "coordinates": [ 178.452693473552927, -18.149360570056814, 7.376897958107293 ] } },
{ "type": "Feature", "properties": { "Category": null, "LULC": "Grassland", "Coastal": "Sediment", "Surveyor": "Nathaniel Lawevuso", "Date": "2026-09-09T00:00:00", "Notes": "Under the palm tree beside the road", "LULC_code": 3 }, "geometry": { "type": "Point", "coordinates": [ 178.452803900127435, -18.149529864311756, 6.953346071764827 ] } },
{ "type": "Feature", "properties": { "Category": "Drainage", "LULC": "Settlement", "Coastal": null, "Surveyor": "Nathaniel Lawevuso", "Date": "2026-09-09T00:00:00", "Notes": "Beside the tree", "LULC_code": null }, "geometry": { "type": "Point", "coordinates": [ 178.452925444718204, -18.14964700994943, 8.648337364196777 ] } },
{ "type": "Feature", "properties": { "Category": "Commercial buildings  zones", "LULC": "Settlement", "Coastal": null, "Surveyor": "Nathaniel Lawevuso", "Date": "2026-09-09T00:00:00", "Notes": "L70 Building ", "LULC_code": null }, "geometry": { "type": "Point", "coordinates": [ 178.452786031585305, -18.149722185968308, 0.0 ] } },
{ "type": "Feature", "properties": { "Category": "Biodiversity sites", "LULC": "Grassland", "Coastal": null, "Surveyor": "Nathaniel Lawevuso", "Date": "2026-09-09T00:00:00", "Notes": "Beside L70 building ", "LULC_code": 3 }, "geometry": { "type": "Point", "coordinates": [ 178.452688174018647, -18.149809894254481, 0.0 ] } },
{ "type": "Feature", "properties": { "Category": "Other", "LULC": "Grassland", "Coastal": null, "Surveyor": "Nathaniel Lawevuso", "Date": "2026-09-09T00:00:00", "Notes": "Out in the field ", "LULC_code": 3 }, "geometry": { "type": "Point", "coordinates": [ 178.452549147260868, -18.149870536785738, 7.904560145922005 ] } },
{ "type": "Feature", "properties": { "Category": "Other", "LULC": "Grassland", "Coastal": null, "Surveyor": "Nathaniel Lawevuso", "Date": "2026-09-09T00:00:00", "Notes": "Beside the drainage area", "LULC_code": 3 }, "geometry": { "type": "Point", "coordinates": [ 178.452426609117907, -18.149869363143111, 6.543363669887185 ] } },
{ "type": "Feature", "properties": { "Category": null, "LULC": "Grassland", "Coastal": null, "Surveyor": "Nathaniel Lawevuso", "Date": "2026-09-09T00:00:00", "Notes": null, "LULC_code": 3 }, "geometry": { "type": "Point", "coordinates": [ 178.45234016318463, -18.149798371698949, 7.077025624923408 ] } },
{ "type": "Feature", "properties": { "Category": "Other", "LULC": "Grassland", "Coastal": null, "Surveyor": "Nathaniel Lawevuso", "Date": "2026-09-09T00:00:00", "Notes": "Near The J containers ", "LULC_code": 3 }, "geometry": { "type": "Point", "coordinates": [ 178.452253076558549, -18.149712514437216, 8.218188996426761 ] } },
{ "type": "Feature", "properties": { "Category": null, "LULC": "Grassland", "Coastal": "Rubble", "Surveyor": "Nathaniel Lawevuso", "Date": "2026-09-09T00:00:00", "Notes": "Mixtures of rocks grass in th area", "LULC_code": 3 }, "geometry": { "type": "Point", "coordinates": [ 178.452179545567247, -18.149650840642064, 10.148212219588459 ] } },
{ "type": "Feature", "properties": { "Category": null, "LULC": null, "Coastal": null, "Surveyor": "Kijiana ", "Date": "2026-09-09T00:00:00", "Notes": null, "LULC_code": null }, "geometry": { "type": "Point", "coordinates": [ 178.45406881, -18.15086495, 63.29669189453125 ] } },
{ "type": "Feature", "properties": { "Category": null, "LULC": "Settlement", "Coastal": null, "Surveyor": "Kijiana ", "Date": "2026-09-09T00:00:00", "Notes": null, "LULC_code": null }, "geometry": { "type": "Point", "coordinates": [ 178.454282679999949, -18.15091756, 63.4090576171875 ] } },
{ "type": "Feature", "properties": { "Category": null, "LULC": "Settlement", "Coastal": null, "Surveyor": "Kijiana ", "Date": "2026-09-09T00:00:00", "Notes": null, "LULC_code": null }, "geometry": { "type": "Point", "coordinates": [ 178.454170499999947, -18.15084637, 64.61077880859375 ] } },
{ "type": "Feature", "properties": { "Category": null, "LULC": "Settlement", "Coastal": null, "Surveyor": "Kijiana ", "Date": "2026-09-09T00:00:00", "Notes": null, "LULC_code": null }, "geometry": { "type": "Point", "coordinates": [ 178.454069259999983, -18.15091307, 64.380859375 ] } },
{ "type": "Feature", "properties": { "Category": null, "LULC": "Settlement", "Coastal": null, "Surveyor": "Kijiana ", "Date": "2026-09-09T00:00:00", "Notes": null, "LULC_code": null }, "geometry": { "type": "Point", "coordinates": [ 178.45400027, -18.15082794, 64.235595703125 ] } },
{ "type": "Feature", "properties": { "Category": null, "LULC": "Settlement", "Coastal": null, "Surveyor": "Kijiana ", "Date": "2026-09-09T00:00:00", "Notes": null, "LULC_code": null }, "geometry": { "type": "Point", "coordinates": [ 178.45393931000001, -18.15070891, 62.45831298828125 ] } },
{ "type": "Feature", "properties": { "Category": null, "LULC": "Settlement", "Coastal": null, "Surveyor": "Kijiana ", "Date": "2026-09-09T00:00:00", "Notes": null, "LULC_code": null }, "geometry": { "type": "Point", "coordinates": [ 178.45381756, -18.15067229, 62.37677001953125 ] } },
{ "type": "Feature", "properties": { "Category": null, "LULC": "Settlement", "Coastal": null, "Surveyor": "Kijiana ", "Date": "2026-09-09T00:00:00", "Notes": null, "LULC_code": null }, "geometry": { "type": "Point", "coordinates": [ 178.453716029999981, -18.15064735, 62.21368408203125 ] } },
{ "type": "Feature", "properties": { "Category": null, "LULC": "Settlement", "Coastal": null, "Surveyor": "Kijiana ", "Date": "2026-09-09T00:00:00", "Notes": null, "LULC_code": null }, "geometry": { "type": "Point", "coordinates": [ 178.453608260000038, -18.150723859999989, 65.14801025390625 ] } },
{ "type": "Feature", "properties": { "Category": null, "LULC": "Settlement", "Coastal": null, "Surveyor": "Kijiana ", "Date": "2026-09-09T00:00:00", "Notes": null, "LULC_code": null }, "geometry": { "type": "Point", "coordinates": [ 178.453506699999963, -18.15073332, 64.92877197265625 ] } },
{ "type": "Feature", "properties": { "Category": null, "LULC": "Settlement", "Coastal": null, "Surveyor": "Kijiana ", "Date": "2026-09-09T00:00:00", "Notes": null, "LULC_code": null }, "geometry": { "type": "Point", "coordinates": [ 178.453400989999977, -18.15073215, 65.2877197265625 ] } },
{ "type": "Feature", "properties": { "Category": null, "LULC": "Settlement", "Coastal": null, "Surveyor": "Kijiana ", "Date": "2026-09-09T00:00:00", "Notes": null, "LULC_code": null }, "geometry": { "type": "Point", "coordinates": [ 178.453294669999963, -18.15072236, 64.0035400390625 ] } },
{ "type": "Feature", "properties": { "Category": null, "LULC": "Settlement", "Coastal": null, "Surveyor": "Kijiana ", "Date": "2026-09-09T00:00:00", "Notes": null, "LULC_code": null }, "geometry": { "type": "Point", "coordinates": [ 178.453172630000012, -18.15070582, 64.9527587890625 ] } },
{ "type": "Feature", "properties": { "Category": null, "LULC": "Forest", "Coastal": null, "Surveyor": "Kijiana ", "Date": "2026-09-09T00:00:00", "Notes": null, "LULC_code": 5 }, "geometry": { "type": "Point", "coordinates": [ 178.452540459999966, -18.15060911, 64.16546630859375 ] } },
{ "type": "Feature", "properties": { "Category": null, "LULC": "Settlement", "Coastal": null, "Surveyor": "Kijiana ", "Date": "2026-09-09T00:00:00", "Notes": null, "LULC_code": null }, "geometry": { "type": "Point", "coordinates": [ 178.452246432140129, -18.150526570323258, 0.0 ] } },
{ "type": "Feature", "properties": { "Category": null, "LULC": "Forest", "Coastal": null, "Surveyor": "Kijiana ", "Date": "2026-09-09T00:00:00", "Notes": null, "LULC_code": 5 }, "geometry": { "type": "Point", "coordinates": [ 178.45246517115487, -18.150265800442099, 0.0 ] } },
{ "type": "Feature", "properties": { "Category": null, "LULC": "Forest", "Coastal": null, "Surveyor": "Kijiana ", "Date": "2026-09-09T00:00:00", "Notes": null, "LULC_code": 5 }, "geometry": { "type": "Point", "coordinates": [ 178.45246517115487, -18.150265800442099, 0.0 ] } },
{ "type": "Feature", "properties": { "Category": null, "LULC": "Forest", "Coastal": null, "Surveyor": "Kijiana ", "Date": "2026-09-09T00:00:00", "Notes": null, "LULC_code": 5 }, "geometry": { "type": "Point", "coordinates": [ 178.45246517115487, -18.150265800442099, 0.0 ] } },
{ "type": "Feature", "properties": { "Category": null, "LULC": "Grassland", "Coastal": null, "Surveyor": "Kijiana ", "Date": "2026-09-09T00:00:00", "Notes": null, "LULC_code": 3 }, "geometry": { "type": "Point", "coordinates": [ 178.452438264337133, -18.150046191764826, 0.0 ] } },
{ "type": "Feature", "properties": { "Category": null, "LULC": "Settlement", "Coastal": null, "Surveyor": "Kijiana ", "Date": "2026-09-09T00:00:00", "Notes": null, "LULC_code": null }, "geometry": { "type": "Point", "coordinates": [ 178.45237053, -18.14928243, 65.0023193359375 ] } },
{ "type": "Feature", "properties": { "Category": null, "LULC": "Settlement", "Coastal": null, "Surveyor": "Kijiana ", "Date": "2026-09-09T00:00:00", "Notes": null, "LULC_code": null }, "geometry": { "type": "Point", "coordinates": [ 178.452542593485049, -18.149195621501988, 0.0 ] } },
{ "type": "Feature", "properties": { "Category": null, "LULC": "Grassland", "Coastal": null, "Surveyor": "Kijiana ", "Date": "2026-09-09T00:00:00", "Notes": null, "LULC_code": 3 }, "geometry": { "type": "Point", "coordinates": [ 178.452542593485049, -18.149195621501988, 0.0 ] } },
{ "type": "Feature", "properties": { "Category": null, "LULC": "Settlement", "Coastal": null, "Surveyor": "Kijiana ", "Date": "2026-09-09T00:00:00", "Notes": null, "LULC_code": null }, "geometry": { "type": "Point", "coordinates": [ 178.452933962951874, -18.149159560249185, 0.0 ] } },
{ "type": "Feature", "properties": { "Category": null, "LULC": "Forest", "Coastal": null, "Surveyor": "Kijiana ", "Date": "2026-09-09T00:00:00", "Notes": null, "LULC_code": 5 }, "geometry": { "type": "Point", "coordinates": [ 178.452933962951874, -18.149159560249185, 0.0 ] } },
{ "type": "Feature", "properties": { "Category": null, "LULC": "Settlement", "Coastal": null, "Surveyor": "Kijiana ", "Date": "2026-09-09T00:00:00", "Notes": null, "LULC_code": null }, "geometry": { "type": "Point", "coordinates": [ 178.453563527457106, -18.149204291963819, 0.0 ] } },
{ "type": "Feature", "properties": { "Category": null, "LULC": "Forest", "Coastal": null, "Surveyor": "Kijiana ", "Date": "2026-09-09T00:00:00", "Notes": null, "LULC_code": 5 }, "geometry": { "type": "Point", "coordinates": [ 178.453577304433537, -18.149271224714102, 0.0 ] } },
{ "type": "Feature", "properties": { "Category": null, "LULC": "Settlement", "Coastal": null, "Surveyor": "Kijiana ", "Date": "2026-09-09T00:00:00", "Notes": null, "LULC_code": null }, "geometry": { "type": "Point", "coordinates": [ 178.453577304433537, -18.149271224714102, 0.0 ] } },
{ "type": "Feature", "properties": { "Category": null, "LULC": "Settlement", "Coastal": null, "Surveyor": "Kijiana ", "Date": "2026-09-09T00:00:00", "Notes": null, "LULC_code": null }, "geometry": { "type": "Point", "coordinates": [ 178.454082460858871, -18.149197543874728, 0.0 ] } },
{ "type": "Feature", "properties": { "Category": null, "LULC": "Grassland", "Coastal": null, "Surveyor": "Kijiana ", "Date": "2026-09-09T00:00:00", "Notes": null, "LULC_code": 3 }, "geometry": { "type": "Point", "coordinates": [ 178.454082460858871, -18.149197543874728, 0.0 ] } },
{ "type": "Feature", "properties": { "Category": null, "LULC": "Grassland", "Coastal": null, "Surveyor": "Kijiana ", "Date": "2026-09-09T00:00:00", "Notes": null, "LULC_code": 3 }, "geometry": { "type": "Point", "coordinates": [ 178.453913, -18.14998428, 66.05816650390625 ] } },
{ "type": "Feature", "properties": { "Category": null, "LULC": "Grassland", "Coastal": null, "Surveyor": "Kijiana ", "Date": "2026-09-09T00:00:00", "Notes": null, "LULC_code": 3 }, "geometry": { "type": "Point", "coordinates": [ 178.454189369999966, -18.15000127, 69.4603271484375 ] } },
{ "type": "Feature", "properties": { "Category": null, "LULC": "Settlement", "Coastal": null, "Surveyor": "Kijiana ", "Date": "2026-09-09T00:00:00", "Notes": null, "LULC_code": null }, "geometry": { "type": "Point", "coordinates": [ 178.454635719228349, -18.149933336642533, 0.0 ] } },
{ "type": "Feature", "properties": { "Category": null, "LULC": "Water", "Coastal": null, "Surveyor": "Kijiana ", "Date": "2026-09-09T00:00:00", "Notes": null, "LULC_code": 6 }, "geometry": { "type": "Point", "coordinates": [ 178.454635719228349, -18.149933336642533, 0.0 ] } },
{ "type": "Feature", "properties": { "Category": null, "LULC": "Water", "Coastal": null, "Surveyor": "Kijiana ", "Date": "2026-09-09T00:00:00", "Notes": null, "LULC_code": 6 }, "geometry": { "type": "Point", "coordinates": [ 178.45425233, -18.15030849, 62.4913330078125 ] } },
{ "type": "Feature", "properties": { "Category": null, "LULC": "Settlement", "Coastal": null, "Surveyor": "Kijiana ", "Date": "2026-09-09T00:00:00", "Notes": null, "LULC_code": null }, "geometry": { "type": "Point", "coordinates": [ 178.45386407, -18.15052818, 66.62957763671875 ] } },
{ "type": "Feature", "properties": { "Category": null, "LULC": "Grassland", "Coastal": null, "Surveyor": null, "Date": null, "Notes": null, "LULC_code": 3 }, "geometry": { "type": "Point", "coordinates": [ 178.453673928842022, -18.150067536559103, 0.0 ] } },
{ "type": "Feature", "properties": { "Category": null, "LULC": null, "Coastal": null, "Surveyor": "Kushal", "Date": null, "Notes": null, "LULC_code": null }, "geometry": { "type": "Point", "coordinates": [ 178.45272121999551, -18.149269449153312, 0.0 ] } },
{ "type": "Feature", "properties": { "Category": null, "LULC": "Grassland", "Coastal": null, "Surveyor": "Kushal", "Date": "2026-09-09T00:00:00", "Notes": null, "LULC_code": 3 }, "geometry": { "type": "Point", "coordinates": [ 178.453697047094181, -18.150068793859788, 8.60065969824791 ] } },
{ "type": "Feature", "properties": { "Category": null, "LULC": "Grassland", "Coastal": null, "Surveyor": "Kushal", "Date": "2026-09-09T00:00:00", "Notes": null, "LULC_code": 3 }, "geometry": { "type": "Point", "coordinates": [ 178.453862123123827, -18.150098555423572, 8.113396729342639 ] } },
{ "type": "Feature", "properties": { "Category": null, "LULC": "Grassland", "Coastal": null, "Surveyor": "Kushal", "Date": "2026-09-09T00:00:00", "Notes": null, "LULC_code": 3 }, "geometry": { "type": "Point", "coordinates": [ 178.453930755896664, -18.150161118520305, 7.278283989056945 ] } },
{ "type": "Feature", "properties": { "Category": null, "LULC": "Grassland", "Coastal": null, "Surveyor": "Kushal", "Date": "2026-09-09T00:00:00", "Notes": null, "LULC_code": 3 }, "geometry": { "type": "Point", "coordinates": [ 178.453996923154449, -18.150214741088398, 6.668681685812771 ] } },
{ "type": "Feature", "properties": { "Category": null, "LULC": "Grassland", "Coastal": null, "Surveyor": "Kushal", "Date": "2026-09-09T00:00:00", "Notes": null, "LULC_code": 3 }, "geometry": { "type": "Point", "coordinates": [ 178.454065239218664, -18.150275459516052, 6.621863161213696 ] } },
{ "type": "Feature", "properties": { "Category": null, "LULC": "Grassland", "Coastal": null, "Surveyor": "Kushal", "Date": "2026-09-09T00:00:00", "Notes": null, "LULC_code": 3 }, "geometry": { "type": "Point", "coordinates": [ 178.454063998855133, -18.150297397589462, 6.116976029239595 ] } },
{ "type": "Feature", "properties": { "Category": null, "LULC": "Grassland", "Coastal": null, "Surveyor": "Kushal", "Date": "2026-09-09T00:00:00", "Notes": null, "LULC_code": 3 }, "geometry": { "type": "Point", "coordinates": [ 178.454057579821665, -18.150409702581289, 11.25299072265625 ] } },
{ "type": "Feature", "properties": { "Category": null, "LULC": "Grassland", "Coastal": null, "Surveyor": "Kushal", "Date": "2026-09-09T00:00:00", "Notes": null, "LULC_code": 3 }, "geometry": { "type": "Point", "coordinates": [ 178.453913787545986, -18.150350279189674, 9.514831404201686 ] } },
{ "type": "Feature", "properties": { "Category": null, "LULC": "Grassland", "Coastal": null, "Surveyor": "Kushal", "Date": "2026-09-09T00:00:00", "Notes": null, "LULC_code": 3 }, "geometry": { "type": "Point", "coordinates": [ 178.453731115416844, -18.15031179480232, 7.402475195005536 ] } },
{ "type": "Feature", "properties": { "Category": null, "LULC": "Grassland", "Coastal": null, "Surveyor": "Kushal", "Date": "2026-09-09T00:00:00", "Notes": null, "LULC_code": 3 }, "geometry": { "type": "Point", "coordinates": [ 178.45375391238619, -18.150177388453397, 7.918911446817219 ] } },
{ "type": "Feature", "properties": { "Category": null, "LULC": "Grassland", "Coastal": null, "Surveyor": "Kushal", "Date": "2026-09-09T00:00:00", "Notes": null, "LULC_code": 3 }, "geometry": { "type": "Point", "coordinates": [ 178.453811360689286, -18.150009764375302, 13.99237060546875 ] } },
{ "type": "Feature", "properties": { "Category": null, "LULC": "Grassland", "Coastal": null, "Surveyor": "Kushal", "Date": "2026-09-09T00:00:00", "Notes": null, "LULC_code": 3 }, "geometry": { "type": "Point", "coordinates": [ 178.453813007163319, -18.149847393307713, 8.179323663935065 ] } },
{ "type": "Feature", "properties": { "Category": null, "LULC": "Grassland", "Coastal": null, "Surveyor": "Kushal", "Date": "2026-09-09T00:00:00", "Notes": null, "LULC_code": 3 }, "geometry": { "type": "Point", "coordinates": [ 178.454048953092183, -18.149823023393672, 7.047231649979949 ] } },
{ "type": "Feature", "properties": { "Category": null, "LULC": "Forest", "Coastal": null, "Surveyor": "Kushal", "Date": "2026-09-09T00:00:00", "Notes": null, "LULC_code": 5 }, "geometry": { "type": "Point", "coordinates": [ 178.453922086429799, -18.149308080023644, 0.0 ] } },
{ "type": "Feature", "properties": { "Category": null, "LULC": "Forest", "Coastal": null, "Surveyor": "Kushal", "Date": "2026-09-09T00:00:00", "Notes": null, "LULC_code": 5 }, "geometry": { "type": "Point", "coordinates": [ 178.453949537250963, -18.149435244783053, 0.0 ] } },
{ "type": "Feature", "properties": { "Category": null, "LULC": null, "Coastal": "Rock", "Surveyor": "Kushal", "Date": "2026-09-09T00:00:00", "Notes": null, "LULC_code": null }, "geometry": { "type": "Point", "coordinates": [ 178.454315544321787, -18.150854464391454, 0.0 ] } },
{ "type": "Feature", "properties": { "Category": null, "LULC": null, "Coastal": "Rock", "Surveyor": "Kushal", "Date": "2026-09-09T00:00:00", "Notes": null, "LULC_code": null }, "geometry": { "type": "Point", "coordinates": [ 178.454242012959639, -18.150768640140196, 0.0 ] } },
{ "type": "Feature", "properties": { "Category": null, "LULC": null, "Coastal": "Rock", "Surveyor": "Kushal", "Date": "2026-09-09T00:00:00", "Notes": null, "LULC_code": null }, "geometry": { "type": "Point", "coordinates": [ 178.454127851014533, -18.150590748895517, 0.0 ] } },
{ "type": "Feature", "properties": { "Category": null, "LULC": null, "Coastal": "Sand", "Surveyor": "Kushal ", "Date": "2026-09-09T00:00:00", "Notes": null, "LULC_code": null }, "geometry": { "type": "Point", "coordinates": [ 178.454187986046861, -18.15038040666472, 0.0 ] } },
{ "type": "Feature", "properties": { "Category": null, "LULC": null, "Coastal": "Rock", "Surveyor": "Kushal", "Date": "2026-09-09T00:00:00", "Notes": null, "LULC_code": null }, "geometry": { "type": "Point", "coordinates": [ 178.454414860862784, -18.150233205870414, 0.0 ] } },
{ "type": "Feature", "properties": { "Category": null, "LULC": null, "Coastal": "Sand", "Surveyor": "Kushal", "Date": "2026-09-09T00:00:00", "Notes": null, "LULC_code": null }, "geometry": { "type": "Point", "coordinates": [ 178.454591891161215, -18.150143368745585, 0.0 ] } },
{ "type": "Feature", "properties": { "Category": null, "LULC": "Forest", "Coastal": "Sand", "Surveyor": "Kushal", "Date": "2026-09-09T00:00:00", "Notes": null, "LULC_code": 5 }, "geometry": { "type": "Point", "coordinates": [ 178.454864471980898, -18.150058466689032, 0.0 ] } },
{ "type": "Feature", "properties": { "Category": null, "LULC": null, "Coastal": "Deeps", "Surveyor": "Kushal", "Date": "2026-09-09T00:00:00", "Notes": null, "LULC_code": null }, "geometry": { "type": "Point", "coordinates": [ 178.454423978304959, -18.150663830660999, 0.0 ] } },
{ "type": "Feature", "properties": { "Category": null, "LULC": null, "Coastal": "Rock", "Surveyor": "Kushal", "Date": "2026-09-09T00:00:00", "Notes": null, "LULC_code": null }, "geometry": { "type": "Point", "coordinates": [ 178.455852080179454, -18.150600699110896, 0.0 ] } },
{ "type": "Feature", "properties": { "Category": null, "LULC": null, "Coastal": "Rock", "Surveyor": "Kushal", "Date": "2026-09-09T00:00:00", "Notes": null, "LULC_code": null }, "geometry": { "type": "Point", "coordinates": [ 178.456207270095007, -18.150974767608005, 0.0 ] } },
{ "type": "Feature", "properties": { "Category": null, "LULC": null, "Coastal": "Rock", "Surveyor": "Kushal", "Date": "2026-09-09T00:00:00", "Notes": null, "LULC_code": null }, "geometry": { "type": "Point", "coordinates": [ 178.456553957041791, -18.151344092234414, 0.0 ] } },
{ "type": "Feature", "properties": { "Category": null, "LULC": null, "Coastal": "Rock", "Surveyor": "Kushal", "Date": "2026-09-09T00:00:00", "Notes": null, "LULC_code": null }, "geometry": { "type": "Point", "coordinates": [ 178.456874374357824, -18.151654661625937, 0.0 ] } },
{ "type": "Feature", "properties": { "Category": null, "LULC": null, "Coastal": "Rock", "Surveyor": "Kushal", "Date": "2026-09-09T00:00:00", "Notes": null, "LULC_code": null }, "geometry": { "type": "Point", "coordinates": [ 178.457253593208719, -18.152000117125414, 0.0 ] } },
{ "type": "Feature", "properties": { "Category": null, "LULC": null, "Coastal": "Rock", "Surveyor": "Kushal", "Date": "2026-09-09T00:00:00", "Notes": null, "LULC_code": null }, "geometry": { "type": "Point", "coordinates": [ 178.457925336148406, -18.152606783182634, 0.0 ] } },
{ "type": "Feature", "properties": { "Category": null, "LULC": null, "Coastal": "Rock", "Surveyor": "Kushal", "Date": "2026-09-09T00:00:00", "Notes": null, "LULC_code": null }, "geometry": { "type": "Point", "coordinates": [ 178.458481590015651, -18.153370090734029, 0.0 ] } },
{ "type": "Feature", "properties": { "Category": null, "LULC": null, "Coastal": "Rock", "Surveyor": "Kushal", "Date": "2026-09-09T00:00:00", "Notes": null, "LULC_code": null }, "geometry": { "type": "Point", "coordinates": [ 178.458448182014621, -18.154451213676008, 0.0 ] } },
{ "type": "Feature", "properties": { "Category": null, "LULC": null, "Coastal": null, "Surveyor": null, "Date": null, "Notes": null, "LULC_code": null }, "geometry": { "type": "Point", "coordinates": [ 178.457981386549278, -18.15511337906921, 0.0 ] } },
{ "type": "Feature", "properties": { "Category": null, "LULC": null, "Coastal": "Deeps", "Surveyor": "Kushal", "Date": "2026-09-09T00:00:00", "Notes": null, "LULC_code": null }, "geometry": { "type": "Point", "coordinates": [ 178.45499668331513, -18.150683651452347, 0.0 ] } },
{ "type": "Feature", "properties": { "Category": null, "LULC": null, "Coastal": "Deeps", "Surveyor": "Kushal", "Date": "2026-09-09T00:00:00", "Notes": null, "LULC_code": null }, "geometry": { "type": "Point", "coordinates": [ 178.454775134522578, -18.150946177719582, 0.0 ] } },
{ "type": "Feature", "properties": { "Category": null, "LULC": null, "Coastal": "Deeps", "Surveyor": "Kushal", "Date": "2026-09-09T00:00:00", "Notes": null, "LULC_code": null }, "geometry": { "type": "Point", "coordinates": [ 178.454513691416651, -18.151116146921019, 0.0 ] } },
{ "type": "Feature", "properties": { "Category": null, "LULC": "Settlement", "Coastal": null, "Surveyor": "Kushal", "Date": "2026-09-09T00:00:00", "Notes": null, "LULC_code": null }, "geometry": { "type": "Point", "coordinates": [ 178.454026169723392, -18.150864419018788, 4.870349422097206 ] } },
{ "type": "Feature", "properties": { "Category": null, "LULC": "Settlement", "Coastal": null, "Surveyor": "Kushal", "Date": "2026-09-09T00:00:00", "Notes": null, "LULC_code": null }, "geometry": { "type": "Point", "coordinates": [ 178.45406420345401, -18.150718099026399, 0.0 ] } },
{ "type": "Feature", "properties": { "Category": null, "LULC": "Settlement", "Coastal": null, "Surveyor": "Kushal", "Date": "2026-09-09T00:00:00", "Notes": null, "LULC_code": null }, "geometry": { "type": "Point", "coordinates": [ 178.453939002374398, -18.150800071935844, 4.309371713548899 ] } },
{ "type": "Feature", "properties": { "Category": null, "LULC": "Settlement", "Coastal": null, "Surveyor": "Kushal", "Date": "2026-09-09T00:00:00", "Notes": null, "LULC_code": null }, "geometry": { "type": "Point", "coordinates": [ 178.453883845507875, -18.150695008230013, 0.0 ] } },
{ "type": "Feature", "properties": { "Category": null, "LULC": "Settlement", "Coastal": null, "Surveyor": "Kushal", "Date": "2026-09-09T00:00:00", "Notes": null, "LULC_code": null }, "geometry": { "type": "Point", "coordinates": [ 178.453739082928024, -18.150697799995807, 4.456912057474256 ] } },
{ "type": "Feature", "properties": { "Category": null, "LULC": "Settlement", "Coastal": null, "Surveyor": "Kushal", "Date": "2026-09-09T00:00:00", "Notes": null, "LULC_code": null }, "geometry": { "type": "Point", "coordinates": [ 178.453700831341081, -18.150590532737425, 0.0 ] } },
{ "type": "Feature", "properties": { "Category": null, "LULC": "Forest", "Coastal": null, "Surveyor": "Kushal", "Date": "2026-09-09T00:00:00", "Notes": null, "LULC_code": 5 }, "geometry": { "type": "Point", "coordinates": [ 178.453420650107915, -18.150415732411133, 0.0 ] } },
{ "type": "Feature", "properties": { "Category": null, "LULC": "Forest", "Coastal": null, "Surveyor": "Kushal", "Date": "2026-09-09T00:00:00", "Notes": null, "LULC_code": 5 }, "geometry": { "type": "Point", "coordinates": [ 178.453086493703012, -18.150409958342223, 7.29876708984375 ] } },
{ "type": "Feature", "properties": { "Category": null, "LULC": "Forest", "Coastal": null, "Surveyor": "Kushal", "Date": "2026-09-09T00:00:00", "Notes": null, "LULC_code": 5 }, "geometry": { "type": "Point", "coordinates": [ 178.452891326876369, -18.150360737484849, 5.803624066524208 ] } },
{ "type": "Feature", "properties": { "Category": null, "LULC": "Forest", "Coastal": null, "Surveyor": "Kushal", "Date": "2026-09-09T00:00:00", "Notes": null, "LULC_code": 5 }, "geometry": { "type": "Point", "coordinates": [ 178.453105844282817, -18.150180456655551, 0.0 ] } },
{ "type": "Feature", "properties": { "Category": null, "LULC": "Forest", "Coastal": null, "Surveyor": "Kushal", "Date": "2026-09-09T00:00:00", "Notes": null, "LULC_code": 5 }, "geometry": { "type": "Point", "coordinates": [ 178.452470196937469, -18.149556172874647, 0.0 ] } },
{ "type": "Feature", "properties": { "Category": null, "LULC": "Forest", "Coastal": null, "Surveyor": "Kushal", "Date": "2026-09-09T00:00:00", "Notes": null, "LULC_code": 5 }, "geometry": { "type": "Point", "coordinates": [ 178.452656527144967, -18.149482561217084, 0.0 ] } },
{ "type": "Feature", "properties": { "Category": null, "LULC": "Forest", "Coastal": null, "Surveyor": "Kushal ", "Date": "2026-09-09T00:00:00", "Notes": null, "LULC_code": 5 }, "geometry": { "type": "Point", "coordinates": [ 178.45271685543571, -18.14966076520232, 0.0 ] } },
{ "type": "Feature", "properties": { "Category": null, "LULC": "Forest", "Coastal": null, "Surveyor": "Kushal", "Date": "2026-09-09T00:00:00", "Notes": null, "LULC_code": 5 }, "geometry": { "type": "Point", "coordinates": [ 178.452624861247472, -18.149767608314342, 0.0 ] } },
{ "type": "Feature", "properties": { "Category": null, "LULC": "Settlement", "Coastal": null, "Surveyor": "Kushal", "Date": "2026-09-09T00:00:00", "Notes": null, "LULC_code": null }, "geometry": { "type": "Point", "coordinates": [ 178.45277818489447, -18.14976868753736, 0.0 ] } },
{ "type": "Feature", "properties": { "Category": null, "LULC": "Forest", "Coastal": null, "Surveyor": "Kushal ", "Date": "2026-09-09T00:00:00", "Notes": null, "LULC_code": 5 }, "geometry": { "type": "Point", "coordinates": [ 178.452348599717311, -18.149770722633903, 0.0 ] } },
{ "type": "Feature", "properties": { "Category": null, "LULC": "Forest", "Coastal": null, "Surveyor": "Kushal", "Date": "2026-09-09T00:00:00", "Notes": null, "LULC_code": 5 }, "geometry": { "type": "Point", "coordinates": [ 178.452812822194346, -18.149591309295563, 0.0 ] } },
{ "type": "Feature", "properties": { "Category": null, "LULC": "Forest", "Coastal": null, "Surveyor": "Kushal", "Date": "2026-09-09T00:00:00", "Notes": null, "LULC_code": 5 }, "geometry": { "type": "Point", "coordinates": [ 178.454159106145909, -18.149956347059536, 0.0 ] } },
{ "type": "Feature", "properties": { "Category": null, "LULC": "Forest", "Coastal": null, "Surveyor": "Kushal ", "Date": "2026-09-09T00:00:00", "Notes": null, "LULC_code": 5 }, "geometry": { "type": "Point", "coordinates": [ 178.452610115294192, -18.149614506814959, 0.0 ] } },
{ "type": "Feature", "properties": { "Category": null, "LULC": "Forest", "Coastal": null, "Surveyor": "Kushal", "Date": "2026-09-09T00:00:00", "Notes": null, "LULC_code": 5 }, "geometry": { "type": "Point", "coordinates": [ 178.452510923642592, -18.149683196667699, 0.0 ] } },
{ "type": "Feature", "properties": { "Category": null, "LULC": "Settlement", "Coastal": null, "Surveyor": "Tushaal ", "Date": "2026-09-09T00:00:00", "Notes": null, "LULC_code": null }, "geometry": { "type": "Point", "coordinates": [ 178.453991666666639, -18.150776666666665, 51.6 ] } },
{ "type": "Feature", "properties": { "Category": null, "LULC": "Settlement", "Coastal": null, "Surveyor": "Tushaal", "Date": "2026-09-09T00:00:00", "Notes": null, "LULC_code": null }, "geometry": { "type": "Point", "coordinates": [ 178.45389, -18.150691666666667, 53.8 ] } },
{ "type": "Feature", "properties": { "Category": null, "LULC": "Settlement", "Coastal": null, "Surveyor": "Tushaal ", "Date": "2026-09-09T00:00:00", "Notes": null, "LULC_code": null }, "geometry": { "type": "Point", "coordinates": [ 178.453706666666619, -18.150578333333332, 57.8 ] } },
{ "type": "Feature", "properties": { "Category": null, "LULC": "Settlement", "Coastal": null, "Surveyor": "Tushaal ", "Date": "2026-09-09T00:00:00", "Notes": null, "LULC_code": null }, "geometry": { "type": "Point", "coordinates": [ 178.453623333333326, -18.150505, 54.5 ] } },
{ "type": "Feature", "properties": { "Category": null, "LULC": "Forest", "Coastal": null, "Surveyor": "Tushaal", "Date": "2026-09-09T00:00:00", "Notes": null, "LULC_code": 5 }, "geometry": { "type": "Point", "coordinates": [ 178.453173333333325, -18.1504, 58.4 ] } },
{ "type": "Feature", "properties": { "Category": null, "LULC": "Grassland", "Coastal": null, "Surveyor": "Tushal ", "Date": "2026-09-09T00:00:00", "Notes": null, "LULC_code": 3 }, "geometry": { "type": "Point", "coordinates": [ 178.453798333333339, -18.15006, 57.6 ] } },
{ "type": "Feature", "properties": { "Category": null, "LULC": "Grassland", "Coastal": null, "Surveyor": "Tushaal", "Date": null, "Notes": null, "LULC_code": 3 }, "geometry": { "type": "Point", "coordinates": [ 178.45386666666667, -18.150015, 54.7 ] } },
{ "type": "Feature", "properties": { "Category": null, "LULC": "Grassland", "Coastal": null, "Surveyor": "Tushal", "Date": "2026-09-09T00:00:00", "Notes": null, "LULC_code": 3 }, "geometry": { "type": "Point", "coordinates": [ 178.453983333333355, -18.150001666666661, 53.5 ] } },
{ "type": "Feature", "properties": { "Category": null, "LULC": "Grassland", "Coastal": null, "Surveyor": "Tushaal", "Date": "2026-09-09T00:00:00", "Notes": null, "LULC_code": 3 }, "geometry": { "type": "Point", "coordinates": [ 178.454031666666623, -18.150086666666663, 52.8 ] } },
{ "type": "Feature", "properties": { "Category": null, "LULC": "Grassland", "Coastal": null, "Surveyor": "Tushal", "Date": "2026-09-09T00:00:00", "Notes": null, "LULC_code": 3 }, "geometry": { "type": "Point", "coordinates": [ 178.454171666666639, -18.150261666666665, 50.9 ] } },
{ "type": "Feature", "properties": { "Category": null, "LULC": "Grassland", "Coastal": null, "Surveyor": "Tushaal", "Date": "2026-09-09T00:00:00", "Notes": null, "LULC_code": 3 }, "geometry": { "type": "Point", "coordinates": [ 178.454043333333289, -18.150471666666661, 48.1 ] } },
{ "type": "Feature", "properties": { "Category": null, "LULC": "Grassland", "Coastal": null, "Surveyor": "Tushal", "Date": "2026-09-09T00:00:00", "Notes": null, "LULC_code": 3 }, "geometry": { "type": "Point", "coordinates": [ 178.454043333333289, -18.150608333333331, 51.5 ] } },
{ "type": "Feature", "properties": { "Category": null, "LULC": "Grassland", "Coastal": null, "Surveyor": "Tushaal", "Date": "2026-09-09T00:00:00", "Notes": null, "LULC_code": 3 }, "geometry": { "type": "Point", "coordinates": [ 178.453846666666692, -18.150413333333333, 58.4 ] } },
{ "type": "Feature", "properties": { "Category": null, "LULC": "Grassland", "Coastal": null, "Surveyor": "Tushal", "Date": "2026-09-09T00:00:00", "Notes": null, "LULC_code": 3 }, "geometry": { "type": "Point", "coordinates": [ 178.453716666666651, -18.15024833333333, 54.1 ] } },
{ "type": "Feature", "properties": { "Category": null, "LULC": "Grassland", "Coastal": null, "Surveyor": "Tushaal", "Date": "2026-09-09T00:00:00", "Notes": null, "LULC_code": 3 }, "geometry": { "type": "Point", "coordinates": [ 178.45369333333332, -18.150065, 50.8 ] } },
{ "type": "Feature", "properties": { "Category": null, "LULC": "Grassland", "Coastal": null, "Surveyor": "Tushal", "Date": "2026-09-09T00:00:00", "Notes": null, "LULC_code": 3 }, "geometry": { "type": "Point", "coordinates": [ 178.454026550276922, -18.149742184914672, 0.0 ] } },
{ "type": "Feature", "properties": { "Category": null, "LULC": "Grassland", "Coastal": null, "Surveyor": "Tushaal", "Date": "2026-09-09T00:00:00", "Notes": null, "LULC_code": 3 }, "geometry": { "type": "Point", "coordinates": [ 178.453918333333348, -18.149911666666664, 51.6 ] } },
{ "type": "Feature", "properties": { "Category": null, "LULC": "Forest", "Coastal": null, "Surveyor": "Tushaal ", "Date": "2026-09-09T00:00:00", "Notes": null, "LULC_code": 5 }, "geometry": { "type": "Point", "coordinates": [ 178.454014179207036, -18.149300075269526, 0.0 ] } },
{ "type": "Feature", "properties": { "Category": null, "LULC": "Forest", "Coastal": null, "Surveyor": "Tushaal", "Date": "2026-09-09T00:00:00", "Notes": null, "LULC_code": 5 }, "geometry": { "type": "Point", "coordinates": [ 178.453530792997469, -18.149417382447307, 0.0 ] } },
{ "type": "Feature", "properties": { "Category": null, "LULC": null, "Coastal": "Sand", "Surveyor": "Tushaal ", "Date": "2026-09-09T00:00:00", "Notes": null, "LULC_code": null }, "geometry": { "type": "Point", "coordinates": [ 178.454529415406398, -18.15014472631044, 0.0 ] } },
{ "type": "Feature", "properties": { "Category": null, "LULC": null, "Coastal": "Sand", "Surveyor": "Tushal", "Date": "2026-09-09T00:00:00", "Notes": null, "LULC_code": null }, "geometry": { "type": "Point", "coordinates": [ 178.454487867311542, -18.150322981224345, 0.0 ] } },
{ "type": "Feature", "properties": { "Category": null, "LULC": null, "Coastal": "Sand", "Surveyor": "Tushal", "Date": "2026-09-09T00:00:00", "Notes": null, "LULC_code": null }, "geometry": { "type": "Point", "coordinates": [ 178.4543214509184, -18.150428941896202, 0.0 ] } },
{ "type": "Feature", "properties": { "Category": null, "LULC": null, "Coastal": "Sand", "Surveyor": "Tushal", "Date": "2026-09-09T00:00:00", "Notes": null, "LULC_code": null }, "geometry": { "type": "Point", "coordinates": [ 178.45474237520898, -18.150239497106824, 0.0 ] } },
{ "type": "Feature", "properties": { "Category": null, "LULC": null, "Coastal": "Deeps", "Surveyor": "Tushal", "Date": "2026-09-09T00:00:00", "Notes": null, "LULC_code": null }, "geometry": { "type": "Point", "coordinates": [ 178.458773699839156, -18.156220346056962, 0.0 ] } },
{ "type": "Feature", "properties": { "Category": null, "LULC": null, "Coastal": "Rock", "Surveyor": "Tushaal", "Date": "2026-09-09T00:00:00", "Notes": null, "LULC_code": null }, "geometry": { "type": "Point", "coordinates": [ 178.45693062732289, -18.156292099661144, 0.0 ] } },
{ "type": "Feature", "properties": { "Category": null, "LULC": "Settlement", "Coastal": null, "Surveyor": "Tushaal", "Date": "2026-09-09T00:00:00", "Notes": null, "LULC_code": null }, "geometry": { "type": "Point", "coordinates": [ 178.454010910343641, -18.150833300594162, 0.0 ] } },
{ "type": "Feature", "properties": { "Category": null, "LULC": null, "Coastal": null, "Surveyor": "Tushaal ", "Date": null, "Notes": null, "LULC_code": null }, "geometry": { "type": "Point", "coordinates": [ 178.452635, -18.149305, 54.0 ] } },
{ "type": "Feature", "properties": { "Category": null, "LULC": "Settlement", "Coastal": null, "Surveyor": "Tushaal", "Date": "2026-09-09T00:00:00", "Notes": null, "LULC_code": null }, "geometry": { "type": "Point", "coordinates": [ 178.45268021873801, -18.149349273978718, 0.0 ] } },
{ "type": "Feature", "properties": { "Category": null, "LULC": "Grassland", "Coastal": null, "Surveyor": "Tushaal", "Date": "2026-09-09T00:00:00", "Notes": null, "LULC_code": 3 }, "geometry": { "type": "Point", "coordinates": [ 178.45374, -18.150071666666669, 55.0 ] } },
{ "type": "Feature", "properties": { "Category": null, "LULC": "Forest", "Coastal": null, "Surveyor": "Tushaal", "Date": "2026-09-09T00:00:00", "Notes": null, "LULC_code": 5 }, "geometry": { "type": "Point", "coordinates": [ 178.45296, -18.150296666666669, 63.3 ] } },
{ "type": "Feature", "properties": { "Category": null, "LULC": "Forest", "Coastal": null, "Surveyor": "Tushaal ", "Date": "2026-09-09T00:00:00", "Notes": null, "LULC_code": 5 }, "geometry": { "type": "Point", "coordinates": [ 178.453053333333315, -18.150196666666666, 60.8 ] } },
{ "type": "Feature", "properties": { "Category": null, "LULC": "Forest", "Coastal": null, "Surveyor": "Tushaal", "Date": "2026-09-09T00:00:00", "Notes": null, "LULC_code": 5 }, "geometry": { "type": "Point", "coordinates": [ 178.452621666666658, -18.14946, 57.7 ] } },
{ "type": "Feature", "properties": { "Category": null, "LULC": "Forest", "Coastal": null, "Surveyor": "Tushaal ", "Date": "2026-09-09T00:00:00", "Notes": null, "LULC_code": 5 }, "geometry": { "type": "Point", "coordinates": [ 178.452825728572861, -18.149588447270862, 0.0 ] } },
{ "type": "Feature", "properties": { "Category": null, "LULC": "Forest", "Coastal": null, "Surveyor": "Tushaal ", "Date": "2026-09-09T00:00:00", "Notes": null, "LULC_code": 5 }, "geometry": { "type": "Point", "coordinates": [ 178.453059335829977, -18.149876488593673, 0.0 ] } },
{ "type": "Feature", "properties": { "Category": null, "LULC": "Forest", "Coastal": null, "Surveyor": "Tushaal ", "Date": "2026-09-09T00:00:00", "Notes": null, "LULC_code": 5 }, "geometry": { "type": "Point", "coordinates": [ 178.452779630143084, -18.149902360249975, 0.0 ] } },
{ "type": "Feature", "properties": { "Category": null, "LULC": "Forest", "Coastal": null, "Surveyor": "Tushaal ", "Date": "2026-09-09T00:00:00", "Notes": null, "LULC_code": 5 }, "geometry": { "type": "Point", "coordinates": [ 178.453355178108524, -18.149235552977288, 0.0 ] } },
{ "type": "Feature", "properties": { "Category": null, "LULC": "Grassland", "Coastal": null, "Surveyor": "Tushaal ", "Date": "2026-09-09T00:00:00", "Notes": null, "LULC_code": 3 }, "geometry": { "type": "Point", "coordinates": [ 178.454184068717041, -18.150038644776401, 0.0 ] } },
{ "type": "Feature", "properties": { "Category": "Roads", "LULC": "Settlement", "Coastal": "Rubble", "Surveyor": "Samansen", "Date": "2026-09-09T00:00:00", "Notes": null, "LULC_code": null }, "geometry": { "type": "Point", "coordinates": [ 178.452517180860269, -18.149203078920998, 0.0 ] } },
{ "type": "Feature", "properties": { "Category": "Roads", "LULC": "Settlement", "Coastal": "Rubble", "Surveyor": "Samansen ", "Date": "2026-09-09T00:00:00", "Notes": "On footpath infront of building ", "LULC_code": null }, "geometry": { "type": "Point", "coordinates": [ 178.452323321253061, -18.149393945932385, 59.0 ] } },
{ "type": "Feature", "properties": { "Category": "Other", "LULC": "Grassland", "Coastal": "Sediment", "Surveyor": "Samansen ", "Date": "2026-09-09T00:00:00", "Notes": "Used to be a computer lab site", "LULC_code": 3 }, "geometry": { "type": "Point", "coordinates": [ 178.452422562986612, -18.149598967283961, 66.0 ] } },
{ "type": "Feature", "properties": { "Category": "Roads", "LULC": "Settlement", "Coastal": "Rubble", "Surveyor": "Samansen ", "Date": "2026-09-09T00:00:00", "Notes": "Road", "LULC_code": null }, "geometry": { "type": "Point", "coordinates": [ 178.45276596955955, -18.149460582062602, 64.0 ] } },
{ "type": "Feature", "properties": { "Category": "Roads", "LULC": "Settlement", "Coastal": "Rubble", "Surveyor": "Samansen ", "Date": "2026-09-09T00:00:00", "Notes": null, "LULC_code": null }, "geometry": { "type": "Point", "coordinates": [ 178.452925393357845, -18.14964079298079, 63.0 ] } },
{ "type": "Feature", "properties": { "Category": "Flood Drainage channels", "LULC": "Settlement", "Coastal": "Sediment", "Surveyor": "Samansen ", "Date": "2026-09-09T00:00:00", "Notes": null, "LULC_code": null }, "geometry": { "type": "Point", "coordinates": [ 178.45287141390142, -18.14987481571734, 65.0 ] } },
{ "type": "Feature", "properties": { "Category": "Roads", "LULC": "Settlement", "Coastal": "Rubble", "Surveyor": "Samansen ", "Date": "2026-09-09T00:00:00", "Notes": null, "LULC_code": null }, "geometry": { "type": "Point", "coordinates": [ 178.453139383345842, -18.149884161539376, 65.0 ] } },
{ "type": "Feature", "properties": { "Category": "Roads", "LULC": "Settlement", "Coastal": "Rubble", "Surveyor": "Samansen ", "Date": "2026-09-09T00:00:00", "Notes": null, "LULC_code": null }, "geometry": { "type": "Point", "coordinates": [ 178.453240972012253, -18.149981517344713, 67.0 ] } },
{ "type": "Feature", "properties": { "Category": "Dumpsite", "LULC": "Settlement", "Coastal": "Sediment", "Surveyor": "Samansen ", "Date": null, "Notes": "Recycling plastics site", "LULC_code": null }, "geometry": { "type": "Point", "coordinates": [ 178.45334834419188, -18.150125350803137, 71.0 ] } },
{ "type": "Feature", "properties": { "Category": "Other", "LULC": "Grassland", "Coastal": null, "Surveyor": "Samansen ", "Date": "2026-09-09T00:00:00", "Notes": "Lower campus lawn", "LULC_code": 3 }, "geometry": { "type": "Point", "coordinates": [ 178.453906411305042, -18.150035035796456, 68.0 ] } },
{ "type": "Feature", "properties": { "Category": "Other", "LULC": "Grassland", "Coastal": null, "Surveyor": "Samansen ", "Date": "2026-09-09T00:00:00", "Notes": "Lower campus lawn", "LULC_code": 3 }, "geometry": { "type": "Point", "coordinates": [ 178.454099949449301, -18.15003071911633, 66.0 ] } },
{ "type": "Feature", "properties": { "Category": "Other", "LULC": "Grassland", "Coastal": null, "Surveyor": "Samansen ", "Date": "2026-09-09T00:00:00", "Notes": "Lower campus lawn", "LULC_code": 3 }, "geometry": { "type": "Point", "coordinates": [ 178.45427085645494, -18.150060852058232, 65.0 ] } },
{ "type": "Feature", "properties": { "Category": "Other", "LULC": "Grassland", "Coastal": null, "Surveyor": "Samansen ", "Date": "2026-09-09T00:00:00", "Notes": "Lower campus lawn", "LULC_code": 3 }, "geometry": { "type": "Point", "coordinates": [ 178.454498006030917, -18.150065378285944, 67.0 ] } },
{ "type": "Feature", "properties": { "Category": "Slope", "LULC": "Water", "Coastal": "Sand", "Surveyor": "Samansen ", "Date": "2026-09-09T00:00:00", "Notes": "Coastline", "LULC_code": 6 }, "geometry": { "type": "Point", "coordinates": [ 178.454815847799154, -18.150097355246544, 66.0 ] } },
{ "type": "Feature", "properties": { "Category": "Other", "LULC": "Water", "Coastal": "Rock", "Surveyor": "Samansen ", "Date": "2026-09-09T00:00:00", "Notes": "Coastline", "LULC_code": 6 }, "geometry": { "type": "Point", "coordinates": [ 178.454242022708002, -18.150304346345365, 63.0 ] } },
{ "type": "Feature", "properties": { "Category": "Other", "LULC": "Settlement", "Coastal": null, "Surveyor": "Samansen ", "Date": "2026-09-09T00:00:00", "Notes": "Building", "LULC_code": null }, "geometry": { "type": "Point", "coordinates": [ 178.454037588089705, -18.150635431520637, 67.0 ] } },
{ "type": "Feature", "properties": { "Category": "Other", "LULC": "Settlement", "Coastal": "Rubble", "Surveyor": "Samansen ", "Date": "2026-09-09T00:00:00", "Notes": "FZ4", "LULC_code": null }, "geometry": { "type": "Point", "coordinates": [ 178.454243196174474, -18.150922763161361, 67.0 ] } },
{ "type": "Feature", "properties": { "Category": null, "LULC": null, "Coastal": null, "Surveyor": null, "Date": null, "Notes": null, "LULC_code": null }, "geometry": { "type": "Point", "coordinates": [ 178.453960080773527, -18.150768225163038, 0.0 ] } },
{ "type": "Feature", "properties": { "Category": "Roads", "LULC": "Settlement", "Coastal": "Rubble", "Surveyor": "GraceH", "Date": "2026-09-09T00:00:00", "Notes": "Next to mango tree", "LULC_code": null }, "geometry": { "type": "Point", "coordinates": [ 178.452446535420705, -18.149216476404707, 0.0 ] } },
{ "type": "Feature", "properties": { "Category": "Other", "LULC": "Grassland", "Coastal": null, "Surveyor": "GraceH", "Date": "2026-09-09T00:00:00", "Notes": "Near laboratory", "LULC_code": 3 }, "geometry": { "type": "Point", "coordinates": [ 178.452361666666604, -18.149003333333333, 64.5 ] } },
{ "type": "Feature", "properties": { "Category": "Other", "LULC": "Grassland", "Coastal": null, "Surveyor": "GraceH", "Date": "2026-09-09T00:00:00", "Notes": "Near GSlab", "LULC_code": 3 }, "geometry": { "type": "Point", "coordinates": [ 178.452585, -18.149215, 59.7 ] } },
{ "type": "Feature", "properties": { "Category": "Other", "LULC": "Settlement", "Coastal": null, "Surveyor": "GraceH", "Date": "2026-09-09T00:00:00", "Notes": "Near carpark", "LULC_code": null }, "geometry": { "type": "Point", "coordinates": [ 178.452765, -18.14952, 59.7 ] } },
{ "type": "Feature", "properties": { "Category": "Roads", "LULC": "Settlement", "Coastal": "Rock", "Surveyor": "GraceH", "Date": "2026-09-09T00:00:00", "Notes": "Near footpath", "LULC_code": null }, "geometry": { "type": "Point", "coordinates": [ 178.452928907910632, -18.149661093911664, 0.0 ] } },
{ "type": "Feature", "properties": { "Category": "Roads", "LULC": "Settlement", "Coastal": "Rock", "Surveyor": "GraceH", "Date": "2026-09-09T00:00:00", "Notes": "Near office", "LULC_code": null }, "geometry": { "type": "Point", "coordinates": [ 178.453191666666669, -18.149831666666667, 57.5 ] } },
{ "type": "Feature", "properties": { "Category": "Roads", "LULC": "Settlement", "Coastal": "Rock", "Surveyor": "GraceH", "Date": "2026-09-09T00:00:00", "Notes": "Near lab", "LULC_code": null }, "geometry": { "type": "Point", "coordinates": [ 178.453418333333332, -18.150033333333333, 57.2 ] } },
{ "type": "Feature", "properties": { "Category": "Other", "LULC": "Settlement", "Coastal": "Rock", "Surveyor": "GraceH", "Date": "2026-09-09T00:00:00", "Notes": "Near restuarant", "LULC_code": null }, "geometry": { "type": "Point", "coordinates": [ 178.45366, -18.150241666666656, 60.4 ] } },
{ "type": "Feature", "properties": { "Category": "Other", "LULC": "Settlement", "Coastal": null, "Surveyor": "GraceH", "Date": "2026-09-09T00:00:00", "Notes": "Lower campus grounds", "LULC_code": null }, "geometry": { "type": "Point", "coordinates": [ 178.453853333333257, -18.15023, 62.3 ] } },
{ "type": "Feature", "properties": { "Category": "Other", "LULC": "Grassland", "Coastal": null, "Surveyor": "GraceH", "Date": "2026-09-09T00:00:00", "Notes": "Lower grounds", "LULC_code": 3 }, "geometry": { "type": "Point", "coordinates": [ 178.454485, -18.150138333333334, 60.1 ] } },
{ "type": "Feature", "properties": { "Category": "Other", "LULC": "Water", "Coastal": "Rock", "Surveyor": "GraceH", "Date": "2026-09-09T00:00:00", "Notes": "Between beach and grounds", "LULC_code": 6 }, "geometry": { "type": "Point", "coordinates": [ 178.454165, -18.15038, 59.4 ] } },
{ "type": "Feature", "properties": { "Category": "Other", "LULC": "Settlement", "Coastal": "Rock", "Surveyor": "GraceH", "Date": "2026-09-09T00:00:00", "Notes": "Near building", "LULC_code": null }, "geometry": { "type": "Point", "coordinates": [ 178.454158333333311, -18.15076333333333, 62.3 ] } },
{ "type": "Feature", "properties": { "Category": "Roads", "LULC": "Settlement", "Coastal": "Rubble", "Surveyor": "Taraivini", "Date": "2026-09-09T00:00:00", "Notes": "Road is next to mangoe tree", "LULC_code": null }, "geometry": { "type": "Point", "coordinates": [ 178.452442821301531, -18.149233679002243, 0.0 ] } },
{ "type": "Feature", "properties": { "Category": "Rubbish collection points", "LULC": "Settlement", "Coastal": "Rock", "Surveyor": "Taraivini", "Date": "2026-09-09T00:00:00", "Notes": "Behind the container", "LULC_code": null }, "geometry": { "type": "Point", "coordinates": [ 178.452044991453135, -18.149434262712898, 0.0 ] } },
{ "type": "Feature", "properties": { "Category": "Other", "LULC": "Grassland", "Coastal": "Rock", "Surveyor": "Taraivini", "Date": "2026-09-09T00:00:00", "Notes": "This point is behind a breadfruit tree", "LULC_code": 3 }, "geometry": { "type": "Point", "coordinates": [ 178.452389785642538, -18.149633392461546, 0.0 ] } },
{ "type": "Feature", "properties": { "Category": "Other", "LULC": "Grassland", "Coastal": "Rock", "Surveyor": " Taraivini", "Date": "2026-09-09T00:00:00", "Notes": "This point is in the back of Sunderland Lab", "LULC_code": 3 }, "geometry": { "type": "Point", "coordinates": [ 178.452891758190077, -18.149391235669892, 0.0 ] } },
{ "type": "Feature", "properties": { "Category": "Roads", "LULC": "Settlement", "Coastal": "Rubble", "Surveyor": "Taraivini", "Date": "2026-09-09T00:00:00", "Notes": "Point is in front of lecture theater ", "LULC_code": null }, "geometry": { "type": "Point", "coordinates": [ 178.453192655433043, -18.149907470281093, 0.0 ] } },
{ "type": "Feature", "properties": { "Category": "Other", "LULC": "Grassland", "Coastal": null, "Surveyor": "Taraivini", "Date": "2026-09-09T00:00:00", "Notes": "Point is behind the bure", "LULC_code": 3 }, "geometry": { "type": "Point", "coordinates": [ 178.453788229984411, -18.15013746860124, 0.0 ] } },
{ "type": "Feature", "properties": { "Category": "Other", "LULC": "Grassland", "Coastal": null, "Surveyor": "Taraivini", "Date": "2026-09-09T00:00:00", "Notes": "Point is on the playground ", "LULC_code": 3 }, "geometry": { "type": "Point", "coordinates": [ 178.454015860857936, -18.150220196237079, 0.0 ] } },
{ "type": "Feature", "properties": { "Category": "Other", "LULC": "Grassland", "Coastal": null, "Surveyor": "Taraivini ", "Date": "2026-09-09T00:00:00", "Notes": "Point is in the playground ", "LULC_code": 3 }, "geometry": { "type": "Point", "coordinates": [ 178.45431982046162, -18.150117180929939, 0.0 ] } },
{ "type": "Feature", "properties": { "Category": "Other", "LULC": "Grassland", "Coastal": null, "Surveyor": "Taraivini", "Date": "2026-09-09T00:00:00", "Notes": "Point is in the playground ", "LULC_code": 3 }, "geometry": { "type": "Point", "coordinates": [ 178.454050737073629, -18.149777413817134, 0.0 ] } },
{ "type": "Feature", "properties": { "Category": "Other", "LULC": "Grassland", "Coastal": "Sand", "Surveyor": "Taraivini", "Date": "2026-09-09T00:00:00", "Notes": "Point on the playground near the coastline", "LULC_code": 3 }, "geometry": { "type": "Point", "coordinates": [ 178.454489202059619, -18.149858253856948, 0.0 ] } },
{ "type": "Feature", "properties": { "Category": "Sites of rubbish washed ashore", "LULC": "Bareland", "Coastal": "Sand", "Surveyor": "Taraivini", "Date": "2026-09-09T00:00:00", "Notes": "Point along the Coastline along lower campus", "LULC_code": null }, "geometry": { "type": "Point", "coordinates": [ 178.454587874003181, -18.150158109043335, 0.0 ] } },
{ "type": "Feature", "properties": { "Category": "Other", "LULC": "Settlement", "Coastal": "Rubble", "Surveyor": "Taraivini", "Date": "2026-09-09T00:00:00", "Notes": "Point is right beside FZ4", "LULC_code": null }, "geometry": { "type": "Point", "coordinates": [ 178.454251152174947, -18.150887685658184, 0.0 ] } },
{ "type": "Feature", "properties": { "Category": null, "LULC": null, "Coastal": null, "Surveyor": "Taneiti Tekena ", "Date": "2026-09-09T00:00:00", "Notes": null, "LULC_code": null }, "geometry": { "type": "Point", "coordinates": [ 178.452272267882108, -18.148644826063382, 0.0 ] } },
{ "type": "Feature", "properties": { "Category": null, "LULC": "Grassland", "Coastal": null, "Surveyor": null, "Date": null, "Notes": null, "LULC_code": 3 }, "geometry": { "type": "Point", "coordinates": [ 178.454140727739372, -18.15040779427142, 0.0 ] } },
{ "type": "Feature", "properties": { "Category": null, "LULC": "Grassland", "Coastal": null, "Surveyor": null, "Date": null, "Notes": null, "LULC_code": 3 }, "geometry": { "type": "Point", "coordinates": [ 178.454153166666657, -18.15023225, 49.4 ] } },
{ "type": "Feature", "properties": { "Category": null, "LULC": "Grassland", "Coastal": null, "Surveyor": null, "Date": null, "Notes": null, "LULC_code": 3 }, "geometry": { "type": "Point", "coordinates": [ 178.453898199999969, -18.150438783333332, 53.9 ] } },
{ "type": "Feature", "properties": { "Category": null, "LULC": "Forest", "Coastal": null, "Surveyor": null, "Date": null, "Notes": null, "LULC_code": 5 }, "geometry": { "type": "Point", "coordinates": [ 178.453906241701702, -18.149415534666023, 0.0 ] } },
{ "type": "Feature", "properties": { "Category": null, "LULC": "Forest", "Coastal": null, "Surveyor": null, "Date": null, "Notes": null, "LULC_code": 5 }, "geometry": { "type": "Point", "coordinates": [ 178.453841282562848, -18.149636826034559, 0.0 ] } },
{ "type": "Feature", "properties": { "Category": null, "LULC": "Water", "Coastal": "Deeps", "Surveyor": "Taneiti Tekena ", "Date": "2026-09-09T00:00:00", "Notes": null, "LULC_code": 6 }, "geometry": { "type": "Point", "coordinates": [ 178.453369855104114, -18.152495386857744, 0.0 ] } },
{ "type": "Feature", "properties": { "Category": null, "LULC": null, "Coastal": null, "Surveyor": null, "Date": null, "Notes": null, "LULC_code": null }, "geometry": { "type": "Point", "coordinates": [ 178.453966170039763, -18.150772992735952, 0.0 ] } },
{ "type": "Feature", "properties": { "Category": null, "LULC": "Settlement", "Coastal": null, "Surveyor": "Taneiti", "Date": "2026-09-09T00:00:00", "Notes": null, "LULC_code": null }, "geometry": { "type": "Point", "coordinates": [ 178.453966170039763, -18.150772992735952, 0.0 ] } },
{ "type": "Feature", "properties": { "Category": null, "LULC": "Settlement", "Coastal": null, "Surveyor": "Taneiti", "Date": "2026-09-09T00:00:00", "Notes": null, "LULC_code": null }, "geometry": { "type": "Point", "coordinates": [ 178.453897888010005, -18.150709511813169, 0.0 ] } },
{ "type": "Feature", "properties": { "Category": null, "LULC": "Settlement", "Coastal": null, "Surveyor": "Taneiti", "Date": "2026-09-09T00:00:00", "Notes": null, "LULC_code": null }, "geometry": { "type": "Point", "coordinates": [ 178.453845039281987, -18.150744952678814, 0.0 ] } },
{ "type": "Feature", "properties": { "Category": null, "LULC": "Forest", "Coastal": null, "Surveyor": "Taneiti", "Date": "2026-09-09T00:00:00", "Notes": null, "LULC_code": 5 }, "geometry": { "type": "Point", "coordinates": [ 178.453032676840735, -18.150194820050523, 0.0 ] } },
{ "type": "Feature", "properties": { "Category": null, "LULC": "Forest", "Coastal": null, "Surveyor": "Taneiti", "Date": "2026-09-09T00:00:00", "Notes": null, "LULC_code": 5 }, "geometry": { "type": "Point", "coordinates": [ 178.453088447955167, -18.150355811562132, 0.0 ] } },
{ "type": "Feature", "properties": { "Category": null, "LULC": "Forest", "Coastal": null, "Surveyor": "Taneiti", "Date": "2026-09-09T00:00:00", "Notes": null, "LULC_code": 5 }, "geometry": { "type": "Point", "coordinates": [ 178.4530402319632, -18.150082979803038, 0.0 ] } },
{ "type": "Feature", "properties": { "Category": null, "LULC": "Grassland", "Coastal": null, "Surveyor": "Taneiti", "Date": "2026-09-09T00:00:00", "Notes": null, "LULC_code": 3 }, "geometry": { "type": "Point", "coordinates": [ 178.451977033226513, -18.149316264499461, 0.0 ] } },
{ "type": "Feature", "properties": { "Category": null, "LULC": "Grassland", "Coastal": null, "Surveyor": "Taneiti", "Date": "2026-09-09T00:00:00", "Notes": null, "LULC_code": 3 }, "geometry": { "type": "Point", "coordinates": [ 178.452065241721613, -18.149405396751767, 0.0 ] } },
{ "type": "Feature", "properties": { "Category": null, "LULC": "Grassland", "Coastal": null, "Surveyor": "Taneiti ", "Date": "2026-09-09T00:00:00", "Notes": null, "LULC_code": 3 }, "geometry": { "type": "Point", "coordinates": [ 178.452040582920802, -18.14922770451475, 0.0 ] } },
{ "type": "Feature", "properties": { "Category": null, "LULC": "Settlement", "Coastal": null, "Surveyor": "Taneiti", "Date": "2026-09-09T00:00:00", "Notes": null, "LULC_code": null }, "geometry": { "type": "Point", "coordinates": [ 178.452741283601569, -18.150462784771697, 0.0 ] } },
{ "type": "Feature", "properties": { "Category": null, "LULC": "Settlement", "Coastal": null, "Surveyor": "Taneiti", "Date": "2026-09-09T00:00:00", "Notes": null, "LULC_code": null }, "geometry": { "type": "Point", "coordinates": [ 178.452298577555439, -18.14925290180306, 0.0 ] } },
{ "type": "Feature", "properties": { "Category": null, "LULC": "Forest", "Coastal": null, "Surveyor": "Taneiti", "Date": "2026-09-09T00:00:00", "Notes": null, "LULC_code": 5 }, "geometry": { "type": "Point", "coordinates": [ 178.452585008595747, -18.149994553219685, 0.0 ] } },
{ "type": "Feature", "properties": { "Category": null, "LULC": "Forest", "Coastal": null, "Surveyor": "Taneiti", "Date": "2026-09-09T00:00:00", "Notes": null, "LULC_code": 5 }, "geometry": { "type": "Point", "coordinates": [ 178.452658122885566, -18.149710272930367, 0.0 ] } },
{ "type": "Feature", "properties": { "Category": null, "LULC": "Settlement", "Coastal": null, "Surveyor": "Taneiti", "Date": "2026-09-09T00:00:00", "Notes": null, "LULC_code": null }, "geometry": { "type": "Point", "coordinates": [ 178.453375610370472, -18.149923246013209, 0.0 ] } },
{ "type": "Feature", "properties": { "Category": null, "LULC": "Settlement", "Coastal": null, "Surveyor": "Taneiti", "Date": "2026-09-09T00:00:00", "Notes": null, "LULC_code": null }, "geometry": { "type": "Point", "coordinates": [ 178.453392978342038, -18.150222359337736, 0.0 ] } },
{ "type": "Feature", "properties": { "Category": null, "LULC": "Settlement", "Coastal": null, "Surveyor": "Taneiti", "Date": "2026-09-09T00:00:00", "Notes": null, "LULC_code": null }, "geometry": { "type": "Point", "coordinates": [ 178.453502727127159, -18.149637602537815, 0.0 ] } },
{ "type": "Feature", "properties": { "Category": null, "LULC": "Grassland", "Coastal": null, "Surveyor": "Taneiti", "Date": "2026-09-09T00:00:00", "Notes": null, "LULC_code": 3 }, "geometry": { "type": "Point", "coordinates": [ 178.45425128009154, -18.149995288258204, 0.0 ] } },
{ "type": "Feature", "properties": { "Category": null, "LULC": "Grassland", "Coastal": null, "Surveyor": "Marisela", "Date": "2026-09-09T00:00:00", "Notes": null, "LULC_code": 3 }, "geometry": { "type": "Point", "coordinates": [ 178.452982219999939, -18.14969487, 69.97412109375 ] } },
{ "type": "Feature", "properties": { "Category": null, "LULC": "Grassland", "Coastal": null, "Surveyor": "Marisela", "Date": "2026-09-09T00:00:00", "Notes": null, "LULC_code": 3 }, "geometry": { "type": "Point", "coordinates": [ 178.453799319999973, -18.14998044, 66.50030517578125 ] } },
{ "type": "Feature", "properties": { "Category": null, "LULC": "Grassland", "Coastal": null, "Surveyor": "Marisela", "Date": "2026-09-09T00:00:00", "Notes": null, "LULC_code": 3 }, "geometry": { "type": "Point", "coordinates": [ 178.45389115, -18.14992886, 63.98846435546875 ] } },
{ "type": "Feature", "properties": { "Category": null, "LULC": "Grassland", "Coastal": null, "Surveyor": "Marisela", "Date": "2026-09-09T00:00:00", "Notes": null, "LULC_code": 3 }, "geometry": { "type": "Point", "coordinates": [ 178.453942469999959, -18.14975851, 62.67230224609375 ] } },
{ "type": "Feature", "properties": { "Category": null, "LULC": "Grassland", "Coastal": null, "Surveyor": "Marisela", "Date": "2026-09-09T00:00:00", "Notes": null, "LULC_code": 3 }, "geometry": { "type": "Point", "coordinates": [ 178.45394998, -18.14984358, 65.2901611328125 ] } },
{ "type": "Feature", "properties": { "Category": null, "LULC": "Grassland", "Coastal": null, "Surveyor": "Marisela", "Date": "2026-09-09T00:00:00", "Notes": null, "LULC_code": 3 }, "geometry": { "type": "Point", "coordinates": [ 178.454078119999963, -18.15000309, 64.62139892578125 ] } },
{ "type": "Feature", "properties": { "Category": null, "LULC": "Grassland", "Coastal": null, "Surveyor": "Marisela", "Date": "2026-09-09T00:00:00", "Notes": null, "LULC_code": 3 }, "geometry": { "type": "Point", "coordinates": [ 178.45418084, -18.15006562, 65.8870849609375 ] } },
{ "type": "Feature", "properties": { "Category": null, "LULC": "Grassland", "Coastal": null, "Surveyor": "Marisela", "Date": "2026-09-09T00:00:00", "Notes": null, "LULC_code": 3 }, "geometry": { "type": "Point", "coordinates": [ 178.454280899999986, -18.14993142, 64.15814208984375 ] } },
{ "type": "Feature", "properties": { "Category": null, "LULC": "Grassland", "Coastal": null, "Surveyor": "Marisela", "Date": "2026-09-09T00:00:00", "Notes": null, "LULC_code": 3 }, "geometry": { "type": "Point", "coordinates": [ 178.454395459999972, -18.14990451, 64.20703125 ] } },
{ "type": "Feature", "properties": { "Category": null, "LULC": "Grassland", "Coastal": null, "Surveyor": "Marisela", "Date": "2026-09-09T00:00:00", "Notes": null, "LULC_code": 3 }, "geometry": { "type": "Point", "coordinates": [ 178.454111518099694, -18.150187930853683, 0.0 ] } },
{ "type": "Feature", "properties": { "Category": null, "LULC": "Grassland", "Coastal": null, "Surveyor": "Marisela", "Date": "2026-09-09T00:00:00", "Notes": null, "LULC_code": 3 }, "geometry": { "type": "Point", "coordinates": [ 178.454111518099694, -18.150187930853683, 0.0 ] } },
{ "type": "Feature", "properties": { "Category": null, "LULC": "Grassland", "Coastal": null, "Surveyor": "Marisela", "Date": "2026-09-09T00:00:00", "Notes": null, "LULC_code": 3 }, "geometry": { "type": "Point", "coordinates": [ 178.454132080329543, -18.150230361261897, 0.0 ] } },
{ "type": "Feature", "properties": { "Category": null, "LULC": null, "Coastal": null, "Surveyor": "Marisela", "Date": "2026-09-09T00:00:00", "Notes": null, "LULC_code": null }, "geometry": { "type": "Point", "coordinates": [ 178.454089520122324, -18.150052309337614, 0.0 ] } },
{ "type": "Feature", "properties": { "Category": null, "LULC": "Forest", "Coastal": null, "Surveyor": "Marisela", "Date": "2026-09-09T00:00:00", "Notes": null, "LULC_code": 5 }, "geometry": { "type": "Point", "coordinates": [ 178.454009877938546, -18.149383214741935, 0.0 ] } },
{ "type": "Feature", "properties": { "Category": null, "LULC": "Forest", "Coastal": null, "Surveyor": "Marisela", "Date": "2026-09-09T00:00:00", "Notes": null, "LULC_code": 5 }, "geometry": { "type": "Point", "coordinates": [ 178.453725637420376, -18.149816243539981, 0.0 ] } },
{ "type": "Feature", "properties": { "Category": null, "LULC": null, "Coastal": "Sand", "Surveyor": "Marisela", "Date": "2026-09-09T00:00:00", "Notes": null, "LULC_code": null }, "geometry": { "type": "Point", "coordinates": [ 178.454586705391847, -18.150149108786174, 0.0 ] } },
{ "type": "Feature", "properties": { "Category": null, "LULC": null, "Coastal": "Sand", "Surveyor": "Marisela", "Date": "2026-09-09T00:00:00", "Notes": null, "LULC_code": null }, "geometry": { "type": "Point", "coordinates": [ 178.454552332652753, -18.150159996790837, 0.0 ] } },
{ "type": "Feature", "properties": { "Category": null, "LULC": null, "Coastal": "Sand", "Surveyor": "Marisela", "Date": "2026-09-09T00:00:00", "Notes": null, "LULC_code": null }, "geometry": { "type": "Point", "coordinates": [ 178.454505112323318, -18.150173674968325, 0.0 ] } },
{ "type": "Feature", "properties": { "Category": null, "LULC": null, "Coastal": "Sand", "Surveyor": "Marisela", "Date": "2026-09-09T00:00:00", "Notes": null, "LULC_code": null }, "geometry": { "type": "Point", "coordinates": [ 178.454463034071011, -18.150195230673493, 0.0 ] } },
{ "type": "Feature", "properties": { "Category": null, "LULC": null, "Coastal": "Rock", "Surveyor": "Marisela", "Date": "2026-09-09T00:00:00", "Notes": null, "LULC_code": null }, "geometry": { "type": "Point", "coordinates": [ 178.454209770907738, -18.150354531357443, 0.0 ] } },
{ "type": "Feature", "properties": { "Category": null, "LULC": null, "Coastal": "Rock", "Surveyor": "Marisela", "Date": "2026-09-09T00:00:00", "Notes": null, "LULC_code": null }, "geometry": { "type": "Point", "coordinates": [ 178.454226399843918, -18.150334641263946, 0.0 ] } },
{ "type": "Feature", "properties": { "Category": null, "LULC": null, "Coastal": "Rock", "Surveyor": "Marisela", "Date": "2026-09-09T00:00:00", "Notes": null, "LULC_code": null }, "geometry": { "type": "Point", "coordinates": [ 178.454189308244253, -18.150375357074115, 0.0 ] } },
{ "type": "Feature", "properties": { "Category": null, "LULC": null, "Coastal": "Deeps", "Surveyor": "Marisela", "Date": "2026-09-09T00:00:00", "Notes": null, "LULC_code": null }, "geometry": { "type": "Point", "coordinates": [ 178.455494016207723, -18.151881455805249, 0.0 ] } },
{ "type": "Feature", "properties": { "Category": null, "LULC": null, "Coastal": "Deeps", "Surveyor": "Marisela", "Date": "2026-09-09T00:00:00", "Notes": null, "LULC_code": null }, "geometry": { "type": "Point", "coordinates": [ 178.455390817662504, -18.152058266173206, 0.0 ] } },
{ "type": "Feature", "properties": { "Category": null, "LULC": null, "Coastal": "Rock", "Surveyor": "Marisela", "Date": "2026-09-09T00:00:00", "Notes": null, "LULC_code": null }, "geometry": { "type": "Point", "coordinates": [ 178.455240122974999, -18.152364054501685, 0.0 ] } },
{ "type": "Feature", "properties": { "Category": null, "LULC": null, "Coastal": "Deeps", "Surveyor": "Marisela", "Date": "2026-09-09T00:00:00", "Notes": null, "LULC_code": null }, "geometry": { "type": "Point", "coordinates": [ 178.456193018392781, -18.151776080013271, 0.0 ] } },
{ "type": "Feature", "properties": { "Category": null, "LULC": null, "Coastal": "Deeps", "Surveyor": "Marisela", "Date": "2026-09-09T00:00:00", "Notes": null, "LULC_code": null }, "geometry": { "type": "Point", "coordinates": [ 178.455175132342362, -18.153005976776722, 0.0 ] } },
{ "type": "Feature", "properties": { "Category": null, "LULC": null, "Coastal": "Sediment", "Surveyor": "Marisela", "Date": "2026-09-09T00:00:00", "Notes": null, "LULC_code": null }, "geometry": { "type": "Point", "coordinates": [ 178.454140750015114, -18.150319341267704, 0.0 ] } },
{ "type": "Feature", "properties": { "Category": null, "LULC": null, "Coastal": null, "Surveyor": "Marisela", "Date": "2026-09-09T00:00:00", "Notes": null, "LULC_code": null }, "geometry": { "type": "Point", "coordinates": [ 178.454003071520816, -18.150487984394616, 0.0 ] } },
{ "type": "Feature", "properties": { "Category": null, "LULC": null, "Coastal": "Sediment", "Surveyor": "Marisela", "Date": "2026-09-09T00:00:00", "Notes": null, "LULC_code": null }, "geometry": { "type": "Point", "coordinates": [ 178.453989911867637, -18.150522706098837, 0.0 ] } },
{ "type": "Feature", "properties": { "Category": null, "LULC": null, "Coastal": "Sediment", "Surveyor": "Marisela", "Date": "2026-09-09T00:00:00", "Notes": null, "LULC_code": null }, "geometry": { "type": "Point", "coordinates": [ 178.453720410899308, -18.150357631014234, 0.0 ] } },
{ "type": "Feature", "properties": { "Category": null, "LULC": null, "Coastal": "Sediment", "Surveyor": "Marisela", "Date": "2026-09-09T00:00:00", "Notes": null, "LULC_code": null }, "geometry": { "type": "Point", "coordinates": [ 178.453720410899308, -18.150357631014234, 0.0 ] } },
{ "type": "Feature", "properties": { "Category": null, "LULC": "Forest", "Coastal": null, "Surveyor": "Marisela", "Date": "2026-09-09T00:00:00", "Notes": null, "LULC_code": 5 }, "geometry": { "type": "Point", "coordinates": [ 178.453679452800401, -18.150027236725368, 0.0 ] } },
{ "type": "Feature", "properties": { "Category": null, "LULC": "Forest", "Coastal": null, "Surveyor": "Marisela", "Date": "2026-09-09T00:00:00", "Notes": null, "LULC_code": 5 }, "geometry": { "type": "Point", "coordinates": [ 178.453626442327902, -18.149905406150722, 0.0 ] } },
{ "type": "Feature", "properties": { "Category": null, "LULC": "Forest", "Coastal": null, "Surveyor": "Marisela", "Date": "2026-09-09T00:00:00", "Notes": null, "LULC_code": 5 }, "geometry": { "type": "Point", "coordinates": [ 178.45344635322752, -18.150378858421533, 0.0 ] } },
{ "type": "Feature", "properties": { "Category": null, "LULC": "Forest", "Coastal": null, "Surveyor": "Marisela", "Date": "2026-09-09T00:00:00", "Notes": null, "LULC_code": 5 }, "geometry": { "type": "Point", "coordinates": [ 178.453107246928198, -18.150167019922048, 0.0 ] } },
{ "type": "Feature", "properties": { "Category": null, "LULC": "Forest", "Coastal": null, "Surveyor": "Marisela", "Date": "2026-09-09T00:00:00", "Notes": null, "LULC_code": 5 }, "geometry": { "type": "Point", "coordinates": [ 178.452806163633312, -18.149894642031658, 0.0 ] } },
{ "type": "Feature", "properties": { "Category": null, "LULC": "Forest", "Coastal": null, "Surveyor": "Marisela", "Date": "2026-09-09T00:00:00", "Notes": null, "LULC_code": 5 }, "geometry": { "type": "Point", "coordinates": [ 178.452940558407789, -18.150323284261844, 0.0 ] } },
{ "type": "Feature", "properties": { "Category": null, "LULC": "Grassland", "Coastal": null, "Surveyor": "Marisela", "Date": "2026-09-09T00:00:00", "Notes": null, "LULC_code": 3 }, "geometry": { "type": "Point", "coordinates": [ 178.452960884021849, -18.149305338311169, 0.0 ] } },
{ "type": "Feature", "properties": { "Category": null, "LULC": "Grassland", "Coastal": null, "Surveyor": "Marisela", "Date": "2026-09-09T00:00:00", "Notes": null, "LULC_code": 3 }, "geometry": { "type": "Point", "coordinates": [ 178.452968327983854, -18.149253403670478, 0.0 ] } },
{ "type": "Feature", "properties": { "Category": null, "LULC": "Grassland", "Coastal": null, "Surveyor": "Marisela", "Date": "2026-09-09T00:00:00", "Notes": null, "LULC_code": 3 }, "geometry": { "type": "Point", "coordinates": [ 178.452987503290018, -18.14918801619201, 0.0 ] } },
{ "type": "Feature", "properties": { "Category": null, "LULC": "Grassland", "Coastal": null, "Surveyor": "Marisela", "Date": "2026-09-09T00:00:00", "Notes": null, "LULC_code": 3 }, "geometry": { "type": "Point", "coordinates": [ 178.452868779222314, -18.149295746414683, 0.0 ] } },
{ "type": "Feature", "properties": { "Category": null, "LULC": "Settlement", "Coastal": null, "Surveyor": "Riya", "Date": "2026-09-09T00:00:00", "Notes": null, "LULC_code": null }, "geometry": { "type": "Point", "coordinates": [ 178.454199345271832, -18.15084605612218, 0.0 ] } },
{ "type": "Feature", "properties": { "Category": null, "LULC": "Settlement", "Coastal": null, "Surveyor": "Riya", "Date": "2026-09-09T00:00:00", "Notes": null, "LULC_code": null }, "geometry": { "type": "Point", "coordinates": [ 178.454206312104787, -18.150956004242214, 5.147151121869683 ] } },
{ "type": "Feature", "properties": { "Category": null, "LULC": "Settlement", "Coastal": null, "Surveyor": "Riya", "Date": "2026-09-09T00:00:00", "Notes": null, "LULC_code": null }, "geometry": { "type": "Point", "coordinates": [ 178.454055085435471, -18.150885955713491, 4.648264490999281 ] } },
{ "type": "Feature", "properties": { "Category": null, "LULC": "Settlement", "Coastal": null, "Surveyor": "Riya", "Date": "2026-09-09T00:00:00", "Notes": null, "LULC_code": null }, "geometry": { "type": "Point", "coordinates": [ 178.453940843977222, -18.150855776475773, 3.448206214234233 ] } },
{ "type": "Feature", "properties": { "Category": null, "LULC": "Settlement", "Coastal": null, "Surveyor": "Riya", "Date": "2026-09-09T00:00:00", "Notes": null, "LULC_code": null }, "geometry": { "type": "Point", "coordinates": [ 178.453874456054194, -18.150704494795349, 3.461482086218894 ] } },
{ "type": "Feature", "properties": { "Category": null, "LULC": "Forest", "Coastal": null, "Surveyor": "Riya", "Date": "2026-09-09T00:00:00", "Notes": null, "LULC_code": 5 }, "geometry": { "type": "Point", "coordinates": [ 178.453718142013656, -18.150755489244101, 3.289647527970374 ] } },
{ "type": "Feature", "properties": { "Category": null, "LULC": "Forest", "Coastal": null, "Surveyor": "Riya", "Date": "2026-09-09T00:00:00", "Notes": null, "LULC_code": 5 }, "geometry": { "type": "Point", "coordinates": [ 178.45359812647223, -18.150683233602706, 4.4441530238837 ] } },
{ "type": "Feature", "properties": { "Category": null, "LULC": "Settlement", "Coastal": null, "Surveyor": "Riya", "Date": "2026-09-09T00:00:00", "Notes": null, "LULC_code": null }, "geometry": { "type": "Point", "coordinates": [ 178.453488248969364, -18.150771688485811, 3.275634818710387 ] } },
{ "type": "Feature", "properties": { "Category": null, "LULC": "Settlement", "Coastal": null, "Surveyor": "Riya", "Date": "2026-09-09T00:00:00", "Notes": null, "LULC_code": null }, "geometry": { "type": "Point", "coordinates": [ 178.453306386620824, -18.150685741718725, 3.963293980807066 ] } },
{ "type": "Feature", "properties": { "Category": null, "LULC": "Settlement", "Coastal": null, "Surveyor": "Riya", "Date": "2026-09-09T00:00:00", "Notes": null, "LULC_code": null }, "geometry": { "type": "Point", "coordinates": [ 178.453144384596754, -18.150669779570528, 4.529315203428268 ] } },
{ "type": "Feature", "properties": { "Category": null, "LULC": "Settlement", "Coastal": null, "Surveyor": "Riya", "Date": "2026-09-09T00:00:00", "Notes": null, "LULC_code": null }, "geometry": { "type": "Point", "coordinates": [ 178.452974330737646, -18.150641876036314, 5.587128089740872 ] } },
{ "type": "Feature", "properties": { "Category": null, "LULC": "Forest", "Coastal": null, "Surveyor": "Riya", "Date": "2026-09-09T00:00:00", "Notes": null, "LULC_code": 5 }, "geometry": { "type": "Point", "coordinates": [ 178.452928146654273, -18.150723644351462, 4.750625615939498 ] } },
{ "type": "Feature", "properties": { "Category": null, "LULC": "Settlement", "Coastal": null, "Surveyor": "Riya", "Date": "2026-09-09T00:00:00", "Notes": null, "LULC_code": null }, "geometry": { "type": "Point", "coordinates": [ 178.452698658008813, -18.150614550451099, 5.507034266367555 ] } },
{ "type": "Feature", "properties": { "Category": null, "LULC": "Forest", "Coastal": null, "Surveyor": "Riya", "Date": "2026-09-09T00:00:00", "Notes": null, "LULC_code": 5 }, "geometry": { "type": "Point", "coordinates": [ 178.452523204440723, -18.150608336036086, 5.766896766610444 ] } },
{ "type": "Feature", "properties": { "Category": null, "LULC": "Settlement", "Coastal": null, "Surveyor": "Riya", "Date": "2026-09-09T00:00:00", "Notes": null, "LULC_code": null }, "geometry": { "type": "Point", "coordinates": [ 178.452383216840815, -18.150506089572545, 5.080783962272108 ] } },
{ "type": "Feature", "properties": { "Category": null, "LULC": "Settlement", "Coastal": null, "Surveyor": "Riya", "Date": "2026-09-09T00:00:00", "Notes": null, "LULC_code": null }, "geometry": { "type": "Point", "coordinates": [ 178.452432010310702, -18.150348816865399, 6.098936369642615 ] } },
{ "type": "Feature", "properties": { "Category": null, "LULC": "Forest", "Coastal": null, "Surveyor": "Riya", "Date": "2026-09-09T00:00:00", "Notes": null, "LULC_code": 5 }, "geometry": { "type": "Point", "coordinates": [ 178.452566437306814, -18.150127185365918, 5.552928400225937 ] } },
{ "type": "Feature", "properties": { "Category": null, "LULC": "Forest", "Coastal": null, "Surveyor": "Riya", "Date": "2026-09-09T00:00:00", "Notes": null, "LULC_code": 5 }, "geometry": { "type": "Point", "coordinates": [ 178.452459101054501, -18.150006207084854, 7.277203892357647 ] } },
{ "type": "Feature", "properties": { "Category": null, "LULC": "Forest", "Coastal": null, "Surveyor": "Riya", "Date": "2026-09-09T00:00:00", "Notes": null, "LULC_code": 5 }, "geometry": { "type": "Point", "coordinates": [ 178.452386319713099, -18.149817044524308, 7.853698040358722 ] } },
{ "type": "Feature", "properties": { "Category": null, "LULC": "Grassland", "Coastal": null, "Surveyor": "Riya", "Date": "2026-09-09T00:00:00", "Notes": null, "LULC_code": 3 }, "geometry": { "type": "Point", "coordinates": [ 178.452342984294745, -18.149634387844202, 6.624421359971166 ] } },
{ "type": "Feature", "properties": { "Category": null, "LULC": "Settlement", "Coastal": null, "Surveyor": "Riya", "Date": "2026-09-09T00:00:00", "Notes": null, "LULC_code": null }, "geometry": { "type": "Point", "coordinates": [ 178.452328160408172, -18.14932942238865, 6.72305275965482 ] } },
{ "type": "Feature", "properties": { "Category": null, "LULC": "Grassland", "Coastal": null, "Surveyor": "Riya", "Date": "2026-09-09T00:00:00", "Notes": null, "LULC_code": 3 }, "geometry": { "type": "Point", "coordinates": [ 178.452555007559397, -18.149243348046959, 6.04051723331213 ] } },
{ "type": "Feature", "properties": { "Category": null, "LULC": "Settlement", "Coastal": null, "Surveyor": "Riya", "Date": "2026-09-09T00:00:00", "Notes": null, "LULC_code": null }, "geometry": { "type": "Point", "coordinates": [ 178.452667834605251, -18.149387771525078, 6.061461021192372 ] } },
{ "type": "Feature", "properties": { "Category": null, "LULC": "Grassland", "Coastal": null, "Surveyor": "Riya", "Date": "2026-09-09T00:00:00", "Notes": null, "LULC_code": 3 }, "geometry": { "type": "Point", "coordinates": [ 178.452876076891584, -18.149382779510201, 8.309098516590893 ] } },
{ "type": "Feature", "properties": { "Category": null, "LULC": "Settlement", "Coastal": null, "Surveyor": "Riya", "Date": "2026-09-09T00:00:00", "Notes": null, "LULC_code": null }, "geometry": { "type": "Point", "coordinates": [ 178.453132740612546, -18.149391998333034, 7.345583581365645 ] } },
{ "type": "Feature", "properties": { "Category": null, "LULC": "Forest", "Coastal": null, "Surveyor": "Riya", "Date": "2026-09-09T00:00:00", "Notes": null, "LULC_code": 5 }, "geometry": { "type": "Point", "coordinates": [ 178.453383430821106, -18.149498500184347, 6.408350573852658 ] } },
{ "type": "Feature", "properties": { "Category": null, "LULC": "Settlement", "Coastal": null, "Surveyor": "Riya", "Date": "2026-09-09T00:00:00", "Notes": null, "LULC_code": null }, "geometry": { "type": "Point", "coordinates": [ 178.453635886342141, -18.149607181944464, 6.045058336108923 ] } },
{ "type": "Feature", "properties": { "Category": null, "LULC": "Grassland", "Coastal": null, "Surveyor": "Riya", "Date": "2026-09-09T00:00:00", "Notes": null, "LULC_code": 3 }, "geometry": { "type": "Point", "coordinates": [ 178.453813888947053, -18.149526296967309, 6.604781119152904 ] } },
{ "type": "Feature", "properties": { "Category": null, "LULC": "Settlement", "Coastal": null, "Surveyor": "Riya", "Date": "2026-09-09T00:00:00", "Notes": null, "LULC_code": null }, "geometry": { "type": "Point", "coordinates": [ 178.453791713157898, -18.149763275390576, 6.662104905582964 ] } },
{ "type": "Feature", "properties": { "Category": null, "LULC": "Settlement", "Coastal": null, "Surveyor": "Riya", "Date": "2026-09-09T00:00:00", "Notes": null, "LULC_code": null }, "geometry": { "type": "Point", "coordinates": [ 178.453564513434259, -18.150098409450788, 6.224760845303535 ] } },
{ "type": "Feature", "properties": { "Category": null, "LULC": "Grassland", "Coastal": null, "Surveyor": "Riya", "Date": "2026-09-09T00:00:00", "Notes": null, "LULC_code": 3 }, "geometry": { "type": "Point", "coordinates": [ 178.453824098841778, -18.150114077065925, 6.12331529520452 ] } },
{ "type": "Feature", "properties": { "Category": null, "LULC": "Grassland", "Coastal": null, "Surveyor": "Riya", "Date": "2026-09-09T00:00:00", "Notes": null, "LULC_code": 3 }, "geometry": { "type": "Point", "coordinates": [ 178.454140186286679, -18.150033762324707, 4.538681640289724 ] } },
{ "type": "Feature", "properties": { "Category": null, "LULC": "Grassland", "Coastal": null, "Surveyor": "Riya", "Date": "2026-09-09T00:00:00", "Notes": null, "LULC_code": 3 }, "geometry": { "type": "Point", "coordinates": [ 178.454581868186295, -18.149983137170931, 3.417863046750426 ] } },
{ "type": "Feature", "properties": { "Category": null, "LULC": "Water", "Coastal": null, "Surveyor": "Riya", "Date": "2026-09-09T00:00:00", "Notes": null, "LULC_code": 6 }, "geometry": { "type": "Point", "coordinates": [ 178.45460657047272, -18.150188342741227, 3.490016791038215 ] } },
{ "type": "Feature", "properties": { "Category": null, "LULC": "Water", "Coastal": null, "Surveyor": "Riya", "Date": "2026-09-09T00:00:00", "Notes": null, "LULC_code": 6 }, "geometry": { "type": "Point", "coordinates": [ 178.454343641294116, -18.150292564109051, 3.866302916780114 ] } },
{ "type": "Feature", "properties": { "Category": null, "LULC": "Grassland", "Coastal": null, "Surveyor": "Riya", "Date": "2026-09-09T00:00:00", "Notes": null, "LULC_code": 3 }, "geometry": { "type": "Point", "coordinates": [ 178.454001056982349, -18.150562662684887, 3.618970516137779 ] } },
{ "type": "Feature", "properties": { "Category": null, "LULC": null, "Coastal": null, "Surveyor": null, "Date": null, "Notes": null, "LULC_code": null }, "geometry": { "type": "Point", "coordinates": [ 178.453752482846113, -18.149967295321641, 0.0 ] } },
{ "type": "Feature", "properties": { "Category": null, "LULC": "Forest", "Coastal": null, "Surveyor": "Adivuna ", "Date": "2026-09-09T00:00:00", "Notes": null, "LULC_code": 5 }, "geometry": { "type": "Point", "coordinates": [ 178.452517581478162, -18.150685767791224, 0.0 ] } },
{ "type": "Feature", "properties": { "Category": null, "LULC": "Forest", "Coastal": null, "Surveyor": "Adivuna ", "Date": "2026-09-09T00:00:00", "Notes": null, "LULC_code": 5 }, "geometry": { "type": "Point", "coordinates": [ 178.452368107666672, -18.150583045243884, 0.0 ] } },
{ "type": "Feature", "properties": { "Category": null, "LULC": "Settlement", "Coastal": null, "Surveyor": "Adivuna", "Date": "2026-09-09T00:00:00", "Notes": null, "LULC_code": null }, "geometry": { "type": "Point", "coordinates": [ 178.454217846083765, -18.15094828069347, 0.0 ] } },
{ "type": "Feature", "properties": { "Category": null, "LULC": "Settlement", "Coastal": null, "Surveyor": "Adivuna ", "Date": "2026-09-09T00:00:00", "Notes": null, "LULC_code": null }, "geometry": { "type": "Point", "coordinates": [ 178.454048353458319, -18.150887408171538, 0.0 ] } },
{ "type": "Feature", "properties": { "Category": null, "LULC": "Settlement", "Coastal": null, "Surveyor": "Adivuna ", "Date": "2026-09-09T00:00:00", "Notes": null, "LULC_code": null }, "geometry": { "type": "Point", "coordinates": [ 178.453970947377371, -18.150812585667627, 0.0 ] } },
{ "type": "Feature", "properties": { "Category": null, "LULC": "Settlement", "Coastal": null, "Surveyor": "Adivuna ", "Date": "2026-09-09T00:00:00", "Notes": null, "LULC_code": null }, "geometry": { "type": "Point", "coordinates": [ 178.453873522482382, -18.150674354177831, 0.0 ] } },
{ "type": "Feature", "properties": { "Category": null, "LULC": "Settlement", "Coastal": null, "Surveyor": "Adivuna ", "Date": "2026-09-09T00:00:00", "Notes": null, "LULC_code": null }, "geometry": { "type": "Point", "coordinates": [ 178.453725383258501, -18.150608408841435, 0.0 ] } },
{ "type": "Feature", "properties": { "Category": null, "LULC": "Settlement", "Coastal": null, "Surveyor": "Adivuna ", "Date": "2026-09-09T00:00:00", "Notes": null, "LULC_code": null }, "geometry": { "type": "Point", "coordinates": [ 178.453595928261052, -18.150725081342749, 0.0 ] } },
{ "type": "Feature", "properties": { "Category": null, "LULC": "Settlement", "Coastal": null, "Surveyor": "Adivuna ", "Date": "2026-09-09T00:00:00", "Notes": null, "LULC_code": null }, "geometry": { "type": "Point", "coordinates": [ 178.453473146201617, -18.150766931242721, 0.0 ] } },
{ "type": "Feature", "properties": { "Category": null, "LULC": "Settlement", "Coastal": null, "Surveyor": "Adivuna ", "Date": "2026-09-09T00:00:00", "Notes": null, "LULC_code": null }, "geometry": { "type": "Point", "coordinates": [ 178.453312995689316, -18.150722544984852, 0.0 ] } },
{ "type": "Feature", "properties": { "Category": null, "LULC": "Settlement", "Coastal": null, "Surveyor": "Adivuna ", "Date": "2026-09-09T00:00:00", "Notes": null, "LULC_code": null }, "geometry": { "type": "Point", "coordinates": [ 178.453164856465406, -18.15069718140386, 0.0 ] } },
{ "type": "Feature", "properties": { "Category": null, "LULC": "Settlement", "Coastal": null, "Surveyor": "Adivuna ", "Date": "2026-09-09T00:00:00", "Notes": null, "LULC_code": null }, "geometry": { "type": "Point", "coordinates": [ 178.452991360077078, -18.15066928146053, 0.0 ] } },
{ "type": "Feature", "properties": { "Category": null, "LULC": "Settlement", "Coastal": null, "Surveyor": "Adivuna ", "Date": "2026-09-09T00:00:00", "Notes": null, "LULC_code": null }, "geometry": { "type": "Point", "coordinates": [ 178.452815194513562, -18.150645186051339, 0.0 ] } },
{ "type": "Feature", "properties": { "Category": null, "LULC": "Forest", "Coastal": null, "Surveyor": "Adivuna ", "Date": "2026-09-09T00:00:00", "Notes": null, "LULC_code": 5 }, "geometry": { "type": "Point", "coordinates": [ 178.452677731990434, -18.150666745101823, 0.0 ] } },
{ "type": "Feature", "properties": { "Category": null, "LULC": "Settlement", "Coastal": null, "Surveyor": "Adivuna ", "Date": "2026-09-09T00:00:00", "Notes": null, "LULC_code": null }, "geometry": { "type": "Point", "coordinates": [ 178.452314724162534, -18.15043339994342, 0.0 ] } },
{ "type": "Feature", "properties": { "Category": null, "LULC": "Settlement", "Coastal": null, "Surveyor": "Adivuna ", "Date": "2026-09-09T00:00:00", "Notes": null, "LULC_code": null }, "geometry": { "type": "Point", "coordinates": [ 178.452364103903903, -18.150333213611336, 0.0 ] } },
{ "type": "Feature", "properties": { "Category": null, "LULC": "Settlement", "Coastal": null, "Surveyor": "Adivuna ", "Date": "2026-09-09T00:00:00", "Notes": null, "LULC_code": null }, "geometry": { "type": "Point", "coordinates": [ 178.452465532561661, -18.150264731781675, 0.0 ] } },
{ "type": "Feature", "properties": { "Category": null, "LULC": "Settlement", "Coastal": null, "Surveyor": "Adivuna ", "Date": "2026-09-09T00:00:00", "Notes": null, "LULC_code": null }, "geometry": { "type": "Point", "coordinates": [ 178.452494893488932, -18.150145522606785, 0.0 ] } },
{ "type": "Feature", "properties": { "Category": null, "LULC": "Forest", "Coastal": null, "Surveyor": "Adivuna ", "Date": "2026-09-09T00:00:00", "Notes": null, "LULC_code": 5 }, "geometry": { "type": "Point", "coordinates": [ 178.452569630394635, -18.150078308887213, 0.0 ] } },
{ "type": "Feature", "properties": { "Category": null, "LULC": "Forest", "Coastal": null, "Surveyor": "Adivuna ", "Date": "2026-09-09T00:00:00", "Notes": null, "LULC_code": 5 }, "geometry": { "type": "Point", "coordinates": [ 178.452474874674948, -18.1499248586004, 0.0 ] } },
{ "type": "Feature", "properties": { "Category": null, "LULC": "Forest", "Coastal": null, "Surveyor": "Adivuna ", "Date": "2026-09-09T00:00:00", "Notes": null, "LULC_code": 5 }, "geometry": { "type": "Point", "coordinates": [ 178.452385457305525, -18.149785358222751, 0.0 ] } },
{ "type": "Feature", "properties": { "Category": null, "LULC": "Grassland", "Coastal": null, "Surveyor": "Adivuna ", "Date": "2026-09-09T00:00:00", "Notes": null, "LULC_code": 3 }, "geometry": { "type": "Point", "coordinates": [ 178.452422825758447, -18.149636980426148, 0.0 ] } },
{ "type": "Feature", "properties": { "Category": null, "LULC": "Grassland", "Coastal": null, "Surveyor": "Adivuna ", "Date": "2026-09-09T00:00:00", "Notes": null, "LULC_code": 3 }, "geometry": { "type": "Point", "coordinates": [ 178.452445, -18.149633333333334, 56.0 ] } },
{ "type": "Feature", "properties": { "Category": null, "LULC": "Settlement", "Coastal": null, "Surveyor": "Adivuna ", "Date": "2026-09-09T00:00:00", "Notes": null, "LULC_code": null }, "geometry": { "type": "Point", "coordinates": [ 178.452346666666699, -18.149463333333333, 61.8 ] } },
{ "type": "Feature", "properties": { "Category": null, "LULC": "Settlement", "Coastal": null, "Surveyor": "Adivuna ", "Date": "2026-09-09T00:00:00", "Notes": null, "LULC_code": null }, "geometry": { "type": "Point", "coordinates": [ 178.452443333333321, -18.149273333333333, 49.5 ] } },
{ "type": "Feature", "properties": { "Category": null, "LULC": "Settlement", "Coastal": null, "Surveyor": "Adivuna ", "Date": "2026-09-09T00:00:00", "Notes": null, "LULC_code": null }, "geometry": { "type": "Point", "coordinates": [ 178.452591666666677, -18.14935, 50.2 ] } },
{ "type": "Feature", "properties": { "Category": null, "LULC": "Settlement", "Coastal": null, "Surveyor": "Adivuna ", "Date": "2026-09-09T00:00:00", "Notes": null, "LULC_code": null }, "geometry": { "type": "Point", "coordinates": [ 178.45273, -18.149425, 47.3 ] } },
{ "type": "Feature", "properties": { "Category": null, "LULC": "Grassland", "Coastal": null, "Surveyor": "Adivuna ", "Date": "2026-09-09T00:00:00", "Notes": null, "LULC_code": 3 }, "geometry": { "type": "Point", "coordinates": [ 178.452875, -18.149351666666664, 51.3 ] } },
{ "type": "Feature", "properties": { "Category": null, "LULC": "Settlement", "Coastal": null, "Surveyor": "Adivuna ", "Date": "2026-09-09T00:00:00", "Notes": null, "LULC_code": null }, "geometry": { "type": "Point", "coordinates": [ 178.453008333333315, -18.149376666666662, 52.4 ] } },
{ "type": "Feature", "properties": { "Category": null, "LULC": "Settlement", "Coastal": null, "Surveyor": "Adivuna ", "Date": "2026-09-09T00:00:00", "Notes": null, "LULC_code": null }, "geometry": { "type": "Point", "coordinates": [ 178.453175, -18.149375, 53.0 ] } },
{ "type": "Feature", "properties": { "Category": null, "LULC": "Settlement", "Coastal": null, "Surveyor": "Adivuna ", "Date": "2026-09-09T00:00:00", "Notes": null, "LULC_code": null }, "geometry": { "type": "Point", "coordinates": [ 178.453308333333297, -18.14935333333333, 52.8 ] } },
{ "type": "Feature", "properties": { "Category": null, "LULC": "Settlement", "Coastal": null, "Surveyor": "Adivuna ", "Date": "2026-09-09T00:00:00", "Notes": null, "LULC_code": null }, "geometry": { "type": "Point", "coordinates": [ 178.453476666666688, -18.14939, 53.4 ] } },
{ "type": "Feature", "properties": { "Category": null, "LULC": "Settlement", "Coastal": null, "Surveyor": "Adivuna ", "Date": "2026-09-09T00:00:00", "Notes": null, "LULC_code": null }, "geometry": { "type": "Point", "coordinates": [ 178.453578333333297, -18.149483333333325, 58.2 ] } },
{ "type": "Feature", "properties": { "Category": null, "LULC": "Settlement", "Coastal": null, "Surveyor": "Adivuna ", "Date": "2026-09-09T00:00:00", "Notes": null, "LULC_code": null }, "geometry": { "type": "Point", "coordinates": [ 178.453676666666667, -18.14963, 58.0 ] } },
{ "type": "Feature", "properties": { "Category": null, "LULC": "Grassland", "Coastal": null, "Surveyor": "Adivuna ", "Date": "2026-09-09T00:00:00", "Notes": null, "LULC_code": 3 }, "geometry": { "type": "Point", "coordinates": [ 178.453836666666689, -18.149568333333335, 57.9 ] } },
{ "type": "Feature", "properties": { "Category": null, "LULC": "Settlement", "Coastal": null, "Surveyor": "Adivuna ", "Date": "2026-09-09T00:00:00", "Notes": null, "LULC_code": null }, "geometry": { "type": "Point", "coordinates": [ 178.4538, -18.149705, 50.5 ] } },
{ "type": "Feature", "properties": { "Category": null, "LULC": "Settlement", "Coastal": null, "Surveyor": "Adivuna ", "Date": "2026-09-09T00:00:00", "Notes": null, "LULC_code": null }, "geometry": { "type": "Point", "coordinates": [ 178.453575, -18.149945, 46.8 ] } },
{ "type": "Feature", "properties": { "Category": null, "LULC": "Grassland", "Coastal": null, "Surveyor": "Adivuna ", "Date": "2026-09-09T00:00:00", "Notes": null, "LULC_code": 3 }, "geometry": { "type": "Point", "coordinates": [ 178.453803333333326, -18.150021666666653, 51.1 ] } },
{ "type": "Feature", "properties": { "Category": null, "LULC": "Grassland", "Coastal": null, "Surveyor": "Adivuna ", "Date": "2026-09-09T00:00:00", "Notes": null, "LULC_code": 3 }, "geometry": { "type": "Point", "coordinates": [ 178.454116666666664, -18.149983333333335, 56.4 ] } },
{ "type": "Feature", "properties": { "Category": null, "LULC": "Settlement", "Coastal": null, "Surveyor": "Adivuna ", "Date": "2026-09-09T00:00:00", "Notes": null, "LULC_code": null }, "geometry": { "type": "Point", "coordinates": [ 178.454533333333359, -18.149916666666662, 55.9 ] } },
{ "type": "Feature", "properties": { "Category": null, "LULC": "Water", "Coastal": null, "Surveyor": "Adivuna ", "Date": "2026-09-09T00:00:00", "Notes": null, "LULC_code": 6 }, "geometry": { "type": "Point", "coordinates": [ 178.454625, -18.150175, 51.1 ] } },
{ "type": "Feature", "properties": { "Category": null, "LULC": "Water", "Coastal": null, "Surveyor": "Adivuna ", "Date": "2026-09-09T00:00:00", "Notes": null, "LULC_code": 6 }, "geometry": { "type": "Point", "coordinates": [ 178.454448333333318, -18.150235, 49.0 ] } },
{ "type": "Feature", "properties": { "Category": null, "LULC": "Water", "Coastal": null, "Surveyor": "Adivuna ", "Date": "2026-09-09T00:00:00", "Notes": null, "LULC_code": 6 }, "geometry": { "type": "Point", "coordinates": [ 178.454283333333365, -18.150293333333323, 48.5 ] } },
{ "type": "Feature", "properties": { "Category": null, "LULC": "Water", "Coastal": null, "Surveyor": "Adivuna ", "Date": "2026-09-09T00:00:00", "Notes": null, "LULC_code": 6 }, "geometry": { "type": "Point", "coordinates": [ 178.454148333333279, -18.1504, 54.6 ] } },
{ "type": "Feature", "properties": { "Category": null, "LULC": "Water", "Coastal": null, "Surveyor": "Adivuna ", "Date": "2026-09-09T00:00:00", "Notes": null, "LULC_code": 6 }, "geometry": { "type": "Point", "coordinates": [ 178.454121666666651, -18.150578333333332, 52.6 ] } },
{ "type": "Feature", "properties": { "Category": null, "LULC": "Settlement", "Coastal": null, "Surveyor": "Adivuna ", "Date": "2026-09-09T00:00:00", "Notes": null, "LULC_code": null }, "geometry": { "type": "Point", "coordinates": [ 178.454178333333346, -18.150778333333335, 57.8 ] } },
{ "type": "Feature", "properties": { "Category": "Roads", "LULC": "Settlement", "Coastal": "Rubble", "Surveyor": "Divisha & Naaila", "Date": "2026-09-09T00:00:00", "Notes": "Next to the mango tree", "LULC_code": null }, "geometry": { "type": "Point", "coordinates": [ 178.45247836963236, -18.149243502699079, 0.0 ] } },
{ "type": "Feature", "properties": { "Category": null, "LULC": "Grassland", "Coastal": "Sediment", "Surveyor": "Divisha & Naaila", "Date": "2026-09-09T00:00:00", "Notes": "Next to coconut tree", "LULC_code": 3 }, "geometry": { "type": "Point", "coordinates": [ 178.45257831943411, -18.149229187889652, 0.0 ] } },
{ "type": "Feature", "properties": { "Category": null, "LULC": "Grassland", "Coastal": null, "Surveyor": "Divisha & Naaila", "Date": "2026-09-09T00:00:00", "Notes": "Next to the palm tree", "LULC_code": 3 }, "geometry": { "type": "Point", "coordinates": [ 178.45255389351567, -18.149364394907163, 0.0 ] } },
{ "type": "Feature", "properties": { "Category": null, "LULC": "Settlement", "Coastal": null, "Surveyor": "Divisha & Naaila", "Date": "2026-09-09T00:00:00", "Notes": "Next to the palm tree ", "LULC_code": null }, "geometry": { "type": "Point", "coordinates": [ 178.452691538539398, -18.149519741782125, 0.0 ] } },
{ "type": "Feature", "properties": { "Category": null, "LULC": "Settlement", "Coastal": null, "Surveyor": "Divisha & Naaila", "Date": "2026-09-09T00:00:00", "Notes": "Infront of the L66 building ", "LULC_code": null }, "geometry": { "type": "Point", "coordinates": [ 178.452919862142579, -18.149544096115111, 0.0 ] } },
{ "type": "Feature", "properties": { "Category": null, "LULC": "Grassland", "Coastal": null, "Surveyor": "Divisha & Naaila", "Date": "2026-09-09T00:00:00", "Notes": "Infront of the palm tree", "LULC_code": 3 }, "geometry": { "type": "Point", "coordinates": [ 178.452992846898411, -18.149767992514366, 0.0 ] } },
{ "type": "Feature", "properties": { "Category": null, "LULC": "Settlement", "Coastal": null, "Surveyor": "Divisha & Naaila", "Date": "2026-09-09T00:00:00", "Notes": "Next to the pole", "LULC_code": null }, "geometry": { "type": "Point", "coordinates": [ 178.453201065250397, -18.149994004777316, 0.0 ] } },
{ "type": "Feature", "properties": { "Category": null, "LULC": "Settlement", "Coastal": null, "Surveyor": "Divisha & Naaila", "Date": "2026-09-09T00:00:00", "Notes": "Infront of the marine lecture hall ", "LULC_code": null }, "geometry": { "type": "Point", "coordinates": [ 178.453340093461463, -18.150103988442542, 0.0 ] } },
{ "type": "Feature", "properties": { "Category": null, "LULC": "Settlement", "Coastal": null, "Surveyor": "Divisha & Naaila ", "Date": "2026-09-09T00:00:00", "Notes": "Infront of the bure ", "LULC_code": null }, "geometry": { "type": "Point", "coordinates": [ 178.45369956781451, -18.150146358344728, 0.0 ] } },
{ "type": "Feature", "properties": { "Category": null, "LULC": "Grassland", "Coastal": null, "Surveyor": "Divisha & Naaila ", "Date": "2026-09-09T00:00:00", "Notes": "In the middle of the field ", "LULC_code": 3 }, "geometry": { "type": "Point", "coordinates": [ 178.454072167370839, -18.149975254575011, 0.0 ] } },
{ "type": "Feature", "properties": { "Category": null, "LULC": "Grassland", "Coastal": null, "Surveyor": "Divisha & Naaila ", "Date": "2026-09-09T00:00:00", "Notes": "Under the coconut tree ", "LULC_code": 3 }, "geometry": { "type": "Point", "coordinates": [ 178.454329979852844, -18.150203746970735, 0.0 ] } },
{ "type": "Feature", "properties": { "Category": null, "LULC": "Grassland", "Coastal": null, "Surveyor": "Divisha & Naaila ", "Date": "2026-09-09T00:00:00", "Notes": "Next to the paddle board ", "LULC_code": 3 }, "geometry": { "type": "Point", "coordinates": [ 178.454506438041932, -18.149960077767776, 0.0 ] } },
{ "type": "Feature", "properties": { "Category": null, "LULC": "Water", "Coastal": "Sand", "Surveyor": "Divisha & Naaila ", "Date": "2026-09-09T00:00:00", "Notes": "Near the shoreline ", "LULC_code": 6 }, "geometry": { "type": "Point", "coordinates": [ 178.454679667599464, -18.150124602610571, 0.0 ] } },
{ "type": "Feature", "properties": { "Category": null, "LULC": "Water", "Coastal": "Rock", "Surveyor": "Divisha & Naaila ", "Date": "2026-09-09T00:00:00", "Notes": "Next to the coconut tree ", "LULC_code": 6 }, "geometry": { "type": "Point", "coordinates": [ 178.454195219640269, -18.150362747493109, 0.0 ] } },
{ "type": "Feature", "properties": { "Category": null, "LULC": "Settlement", "Coastal": null, "Surveyor": "Divisha & Naaila ", "Date": "2026-09-09T00:00:00", "Notes": "Next to the security booth ", "LULC_code": null }, "geometry": { "type": "Point", "coordinates": [ 178.454182626643558, -18.150906383649644, 0.0 ] } },
{ "type": "Feature", "properties": { "Category": null, "LULC": "Settlement", "Coastal": null, "Surveyor": "Divisha & Naaila ", "Date": "2026-09-09T00:00:00", "Notes": "Next to the boat", "LULC_code": null }, "geometry": { "type": "Point", "coordinates": [ 178.453913113499482, -18.15072604543526, 0.0 ] } },
{ "type": "Feature", "properties": { "Category": null, "LULC": "Settlement", "Coastal": null, "Surveyor": "Divisha & Naaila ", "Date": "2026-09-09T00:00:00", "Notes": "Next to the back parking area ", "LULC_code": null }, "geometry": { "type": "Point", "coordinates": [ 178.453512700765828, -18.150420526673244, 0.0 ] } },
{ "type": "Feature", "properties": { "Category": null, "LULC": "Grassland", "Coastal": null, "Surveyor": "KV", "Date": "2026-09-09T00:00:00", "Notes": null, "LULC_code": 3 }, "geometry": { "type": "Point", "coordinates": [ 178.454268499999955, -18.14997114, 65.58111572265625 ] } },
{ "type": "Feature", "properties": { "Category": null, "LULC": "Settlement", "Coastal": null, "Surveyor": "KV", "Date": "2026-09-09T00:00:00", "Notes": null, "LULC_code": null }, "geometry": { "type": "Point", "coordinates": [ 178.454569830000025, -18.14995213, 66.11236572265625 ] } },
{ "type": "Feature", "properties": { "Category": null, "LULC": "Water", "Coastal": null, "Surveyor": "KV", "Date": "2026-09-09T00:00:00", "Notes": null, "LULC_code": 6 }, "geometry": { "type": "Point", "coordinates": [ 178.454597189999959, -18.15017884, 61.45556640625 ] } },
{ "type": "Feature", "properties": { "Category": null, "LULC": null, "Coastal": null, "Surveyor": null, "Date": null, "Notes": null, "LULC_code": null }, "geometry": { "type": "Point", "coordinates": [ 178.454191969999982, -18.15098788, 59.5963134765625 ] } },
{ "type": "Feature", "properties": { "Category": null, "LULC": "Settlement", "Coastal": null, "Surveyor": "KV", "Date": null, "Notes": null, "LULC_code": null }, "geometry": { "type": "Point", "coordinates": [ 178.454197060000013, -18.15099278, 59.458740234375 ] } },
{ "type": "Feature", "properties": { "Category": null, "LULC": null, "Coastal": null, "Surveyor": null, "Date": null, "Notes": null, "LULC_code": null }, "geometry": { "type": "Point", "coordinates": [ 178.45403442, -18.15090972, 62.546630859375 ] } },
{ "type": "Feature", "properties": { "Category": null, "LULC": "Settlement", "Coastal": null, "Surveyor": "KV", "Date": null, "Notes": null, "LULC_code": null }, "geometry": { "type": "Point", "coordinates": [ 178.45404799, -18.15091081, 62.1239013671875 ] } },
{ "type": "Feature", "properties": { "Category": null, "LULC": "Settlement", "Coastal": null, "Surveyor": "KV", "Date": "2026-09-09T00:00:00", "Notes": null, "LULC_code": null }, "geometry": { "type": "Point", "coordinates": [ 178.45388517, -18.15081521, 63.305908203125 ] } },
{ "type": "Feature", "properties": { "Category": null, "LULC": "Forest", "Coastal": null, "Surveyor": "KV", "Date": "2026-09-09T00:00:00", "Notes": null, "LULC_code": 5 }, "geometry": { "type": "Point", "coordinates": [ 178.453721294033755, -18.150885215940953, 0.0 ] } },
{ "type": "Feature", "properties": { "Category": null, "LULC": "Settlement", "Coastal": null, "Surveyor": "KV", "Date": "2026-09-09T00:00:00", "Notes": null, "LULC_code": null }, "geometry": { "type": "Point", "coordinates": [ 178.453721294033755, -18.150885215940953, 0.0 ] } },
{ "type": "Feature", "properties": { "Category": null, "LULC": "Settlement", "Coastal": null, "Surveyor": "KV", "Date": "2026-09-09T00:00:00", "Notes": null, "LULC_code": null }, "geometry": { "type": "Point", "coordinates": [ 178.453721294033755, -18.150950262579261, 0.0 ] } },
{ "type": "Feature", "properties": { "Category": null, "LULC": "Forest", "Coastal": null, "Surveyor": "KV", "Date": "2026-09-09T00:00:00", "Notes": null, "LULC_code": 5 }, "geometry": { "type": "Point", "coordinates": [ 178.453721294033755, -18.150950262579261, 0.0 ] } },
{ "type": "Feature", "properties": { "Category": null, "LULC": "Forest", "Coastal": null, "Surveyor": "KV", "Date": "2026-09-09T00:00:00", "Notes": null, "LULC_code": 5 }, "geometry": { "type": "Point", "coordinates": [ 178.453721294033755, -18.150950262579261, 0.0 ] } },
{ "type": "Feature", "properties": { "Category": null, "LULC": "Forest", "Coastal": null, "Surveyor": "KV", "Date": "2026-09-09T00:00:00", "Notes": null, "LULC_code": 5 }, "geometry": { "type": "Point", "coordinates": [ 178.453721294033755, -18.150950262579261, 0.0 ] } },
{ "type": "Feature", "properties": { "Category": null, "LULC": "Settlement", "Coastal": null, "Surveyor": "KV", "Date": "2026-09-09T00:00:00", "Notes": null, "LULC_code": null }, "geometry": { "type": "Point", "coordinates": [ 178.453721294033755, -18.150950262579261, 0.0 ] } },
{ "type": "Feature", "properties": { "Category": null, "LULC": "Settlement", "Coastal": null, "Surveyor": "KV", "Date": "2026-09-09T00:00:00", "Notes": null, "LULC_code": null }, "geometry": { "type": "Point", "coordinates": [ 178.453721294033755, -18.150950262579261, 0.0 ] } },
{ "type": "Feature", "properties": { "Category": null, "LULC": "Forest", "Coastal": null, "Surveyor": "KV", "Date": "2026-09-09T00:00:00", "Notes": null, "LULC_code": 5 }, "geometry": { "type": "Point", "coordinates": [ 178.453721294033755, -18.150950262579261, 0.0 ] } },
{ "type": "Feature", "properties": { "Category": null, "LULC": null, "Coastal": null, "Surveyor": null, "Date": null, "Notes": null, "LULC_code": null }, "geometry": { "type": "Point", "coordinates": [ 178.452473169999934, -18.14992292, 68.2762451171875 ] } },
{ "type": "Feature", "properties": { "Category": null, "LULC": "Grassland", "Coastal": null, "Surveyor": "KV", "Date": "2026-09-09T00:00:00", "Notes": null, "LULC_code": 3 }, "geometry": { "type": "Point", "coordinates": [ 178.452409929999988, -18.1497925, 66.97882080078125 ] } },
{ "type": "Feature", "properties": { "Category": null, "LULC": "Forest", "Coastal": null, "Surveyor": "KV", "Date": "2026-09-09T00:00:00", "Notes": null, "LULC_code": 5 }, "geometry": { "type": "Point", "coordinates": [ 178.452269009999981, -18.14979467, 66.7034912109375 ] } },
{ "type": "Feature", "properties": { "Category": null, "LULC": "Settlement", "Coastal": null, "Surveyor": "KV", "Date": "2026-09-09T00:00:00", "Notes": null, "LULC_code": null }, "geometry": { "type": "Point", "coordinates": [ 178.45222819, -18.14952815, 67.01812744140625 ] } },
{ "type": "Feature", "properties": { "Category": null, "LULC": "Settlement", "Coastal": null, "Surveyor": "KV", "Date": "2026-09-09T00:00:00", "Notes": null, "LULC_code": null }, "geometry": { "type": "Point", "coordinates": [ 178.45242927000001, -18.1492006, 64.78106689453125 ] } },
{ "type": "Feature", "properties": { "Category": null, "LULC": "Settlement", "Coastal": null, "Surveyor": "KV", "Date": "2026-09-09T00:00:00", "Notes": null, "LULC_code": null }, "geometry": { "type": "Point", "coordinates": [ 178.45263449, -18.14939872, 64.13922119140625 ] } },
{ "type": "Feature", "properties": { "Category": null, "LULC": "Grassland", "Coastal": null, "Surveyor": "KV", "Date": "2026-09-09T00:00:00", "Notes": null, "LULC_code": 3 }, "geometry": { "type": "Point", "coordinates": [ 178.45286514, -18.14934831, 66.3961181640625 ] } },
{ "type": "Feature", "properties": { "Category": null, "LULC": "Settlement", "Coastal": null, "Surveyor": "KV", "Date": "2026-09-09T00:00:00", "Notes": null, "LULC_code": null }, "geometry": { "type": "Point", "coordinates": [ 178.453144, -18.14941801, 66.04364013671875 ] } },
{ "type": "Feature", "properties": { "Category": null, "LULC": "Settlement", "Coastal": null, "Surveyor": "KV", "Date": "2026-09-09T00:00:00", "Notes": null, "LULC_code": null }, "geometry": { "type": "Point", "coordinates": [ 178.45330843, -18.14945408, 64.526611328125 ] } },
{ "type": "Feature", "properties": { "Category": null, "LULC": "Settlement", "Coastal": null, "Surveyor": "KV", "Date": "2026-09-09T00:00:00", "Notes": null, "LULC_code": null }, "geometry": { "type": "Point", "coordinates": [ 178.45363738, -18.14962955, 63.80517578125 ] } },
{ "type": "Feature", "properties": { "Category": null, "LULC": "Grassland", "Coastal": null, "Surveyor": "KV", "Date": "2026-09-09T00:00:00", "Notes": null, "LULC_code": 3 }, "geometry": { "type": "Point", "coordinates": [ 178.45380409, -18.149575559999985, 65.094482421875 ] } },
{ "type": "Feature", "properties": { "Category": null, "LULC": "Settlement", "Coastal": null, "Surveyor": "KV", "Date": "2026-09-09T00:00:00", "Notes": null, "LULC_code": null }, "geometry": { "type": "Point", "coordinates": [ 178.453604039999988, -18.14991139, 64.200927734375 ] } },
{ "type": "Feature", "properties": { "Category": null, "LULC": "Grassland", "Coastal": null, "Surveyor": "KV", "Date": "2026-09-09T00:00:00", "Notes": null, "LULC_code": 3 }, "geometry": { "type": "Point", "coordinates": [ 178.45384384, -18.15002992, 63.66265869140625 ] } },
{ "type": "Feature", "properties": { "Category": null, "LULC": "Water", "Coastal": null, "Surveyor": "KV", "Date": "2026-09-09T00:00:00", "Notes": null, "LULC_code": 6 }, "geometry": { "type": "Point", "coordinates": [ 178.454397429999943, -18.15025305, 61.729248046875 ] } },
{ "type": "Feature", "properties": { "Category": null, "LULC": "Water", "Coastal": null, "Surveyor": "KV", "Date": "2026-09-09T00:00:00", "Notes": null, "LULC_code": 6 }, "geometry": { "type": "Point", "coordinates": [ 178.454186669999956, -18.15037968, 61.63970947265625 ] } },
{ "type": "Feature", "properties": { "Category": null, "LULC": "Water", "Coastal": null, "Surveyor": "KV", "Date": "2026-09-09T00:00:00", "Notes": null, "LULC_code": 6 }, "geometry": { "type": "Point", "coordinates": [ 178.45409079999996, -18.15060517, 64.0087890625 ] } },
{ "type": "Feature", "properties": { "Category": null, "LULC": "Settlement", "Coastal": null, "Surveyor": "KV", "Date": "2026-09-09T00:00:00", "Notes": null, "LULC_code": null }, "geometry": { "type": "Point", "coordinates": [ 178.45415895, -18.15079827, 66.20745849609375 ] } },
{ "type": "Feature", "properties": { "Category": "Commercial buildings  zones", "LULC": "Settlement", "Coastal": null, "Surveyor": "Nathan", "Date": "2026-09-09T00:00:00", "Notes": "Marine Campus Building", "LULC_code": null }, "geometry": { "type": "Point", "coordinates": [ 178.454204807057977, -18.150880644097924, 62.0 ] } },
{ "type": "Feature", "properties": { "Category": "Commercial buildings  zones", "LULC": "Settlement", "Coastal": null, "Surveyor": "Nathan", "Date": "2026-09-09T00:00:00", "Notes": "Marine Campus Building", "LULC_code": null }, "geometry": { "type": "Point", "coordinates": [ 178.454125849530044, -18.150921799242496, 61.0 ] } },
{ "type": "Feature", "properties": { "Category": "Commercial buildings  zones", "LULC": "Settlement", "Coastal": null, "Surveyor": "Nathan", "Date": "2026-09-09T00:00:00", "Notes": "Marine Campus Building", "LULC_code": null }, "geometry": { "type": "Point", "coordinates": [ 178.454076731577516, -18.150880392640826, 62.0 ] } },
{ "type": "Feature", "properties": { "Category": "Commercial buildings  zones", "LULC": "Settlement", "Coastal": null, "Surveyor": "Nathan", "Date": "2026-09-09T00:00:00", "Notes": "Marine Campus Building", "LULC_code": null }, "geometry": { "type": "Point", "coordinates": [ 178.454006742685976, -18.150843260809779, 62.0 ] } },
{ "type": "Feature", "properties": { "Category": "Commercial buildings  zones", "LULC": "Settlement", "Coastal": null, "Surveyor": "Nathan", "Date": "2026-09-09T00:00:00", "Notes": "Near the boats", "LULC_code": null }, "geometry": { "type": "Point", "coordinates": [ 178.453928623348475, -18.15077951643616, 63.0 ] } },
{ "type": "Feature", "properties": { "Category": "Roads", "LULC": "Water", "Coastal": null, "Surveyor": "Nathan", "Date": "2026-09-09T00:00:00", "Notes": "Near the boats", "LULC_code": 6 }, "geometry": { "type": "Point", "coordinates": [ 178.453788394108358, -18.150661876425147, 66.0 ] } },
{ "type": "Feature", "properties": { "Category": "Roads", "LULC": "Water", "Coastal": null, "Surveyor": "Nathan", "Date": "2026-09-09T00:00:00", "Notes": "Near the boats", "LULC_code": 6 }, "geometry": { "type": "Point", "coordinates": [ 178.45371974632144, -18.15061145927757, 66.0 ] } },
{ "type": "Feature", "properties": { "Category": "Roads", "LULC": "Water", "Coastal": null, "Surveyor": "Nathan", "Date": "2026-09-09T00:00:00", "Notes": "Near the buildings and trees", "LULC_code": 6 }, "geometry": { "type": "Point", "coordinates": [ 178.45362637192008, -18.150532711297274, 65.0 ] } },
{ "type": "Feature", "properties": { "Category": "Roads", "LULC": "Water", "Coastal": null, "Surveyor": "Nathan", "Date": "2026-09-09T00:00:00", "Notes": "Near the Lecture Room Theatre", "LULC_code": 6 }, "geometry": { "type": "Point", "coordinates": [ 178.45351045019919, -18.150404007174075, 65.0 ] } },
{ "type": "Feature", "properties": { "Category": "Roads", "LULC": "Water", "Coastal": null, "Surveyor": "Nathan", "Date": "2026-09-09T00:00:00", "Notes": "Near the Lecture Room Theatre", "LULC_code": 6 }, "geometry": { "type": "Point", "coordinates": [ 178.453457225114079, -18.150250702165064, 66.0 ] } },
{ "type": "Feature", "properties": { "Category": "Roads", "LULC": "Water", "Coastal": null, "Surveyor": "Nathan", "Date": "2026-09-09T00:00:00", "Notes": "Near the Lecture Room Theatre and Marine Campus Buildings", "LULC_code": 6 }, "geometry": { "type": "Point", "coordinates": [ 178.453418416902423, -18.150107874535024, 67.0 ] } },
{ "type": "Feature", "properties": { "Category": "Roads", "LULC": "Water", "Coastal": null, "Surveyor": "Nathan", "Date": "2026-09-09T00:00:00", "Notes": "Near the Lecture Room Theatre and Marine Campus Buildings", "LULC_code": 6 }, "geometry": { "type": "Point", "coordinates": [ 178.453319007530808, -18.150023049674925, 67.0 ] } },
{ "type": "Feature", "properties": { "Category": "Roads", "LULC": "Water", "Coastal": null, "Surveyor": "Nathan", "Date": "2026-09-09T00:00:00", "Notes": "Near Marine Campus Buildings", "LULC_code": 6 }, "geometry": { "type": "Point", "coordinates": [ 178.45327885821456, -18.149965130724016, 67.0 ] } },
{ "type": "Feature", "properties": { "Category": "Roads", "LULC": "Water", "Coastal": null, "Surveyor": "Nathan", "Date": "2026-09-09T00:00:00", "Notes": "Near Marine Campus Buildings", "LULC_code": 6 }, "geometry": { "type": "Point", "coordinates": [ 178.453232254832955, -18.149927160702642, 66.0 ] } },
{ "type": "Feature", "properties": { "Category": "Roads", "LULC": "Water", "Coastal": null, "Surveyor": "Nathan", "Date": "2026-09-09T00:00:00", "Notes": "Near Marine Campus Buildings and trees", "LULC_code": 6 }, "geometry": { "type": "Point", "coordinates": [ 178.453174754977226, -18.149881856516004, 67.0 ] } },
{ "type": "Feature", "properties": { "Category": "Roads", "LULC": "Water", "Coastal": null, "Surveyor": "Nathan", "Date": "2026-09-09T00:00:00", "Notes": "Near Marine Campus Buildings and trees", "LULC_code": 6 }, "geometry": { "type": "Point", "coordinates": [ 178.453120492832113, -18.149823859119937, 0.0 ] } },
{ "type": "Feature", "properties": { "Category": "Roads", "LULC": "Water", "Coastal": null, "Surveyor": "Nathan", "Date": "2026-09-09T00:00:00", "Notes": "Near Marine Campus Buildings and trees", "LULC_code": 6 }, "geometry": { "type": "Point", "coordinates": [ 178.453020192682743, -18.149680690839883, 65.0 ] } },
{ "type": "Feature", "properties": { "Category": "Other", "LULC": "Grassland", "Coastal": "Sediment", "Surveyor": "Nathaniel Lawevuso", "Date": "2026-09-09T00:00:00", "Notes": "Lower Campus Ground ", "LULC_code": 3 }, "geometry": { "type": "Point", "coordinates": [ 178.453794724752584, -18.150015903939252, 0.0 ] } },
{ "type": "Feature", "properties": { "Category": "Other", "LULC": "Grassland", "Coastal": null, "Surveyor": "Nathan", "Date": "2026-09-09T00:00:00", "Notes": "Lower campus ground ", "LULC_code": 3 }, "geometry": { "type": "Point", "coordinates": [ 178.453992493450642, -18.150020409375418, 60.0 ] } },
{ "type": "Feature", "properties": { "Category": "Other", "LULC": "Grassland", "Coastal": null, "Surveyor": "Nathan", "Date": "2026-09-09T00:00:00", "Notes": "Lower campus ground ", "LULC_code": 3 }, "geometry": { "type": "Point", "coordinates": [ 178.454164406284633, -18.150006453506645, 60.0 ] } },
{ "type": "Feature", "properties": { "Category": "Other", "LULC": "Grassland", "Coastal": null, "Surveyor": "Nathan", "Date": "2026-09-09T00:00:00", "Notes": "Lower campus ground ", "LULC_code": 3 }, "geometry": { "type": "Point", "coordinates": [ 178.454306479543419, -18.149995137937367, 63.0 ] } },
{ "type": "Feature", "properties": { "Category": "Other", "LULC": "Grassland", "Coastal": null, "Surveyor": "Nathan", "Date": "2026-09-09T00:00:00", "Notes": "Lower campus ground ", "LULC_code": 3 }, "geometry": { "type": "Point", "coordinates": [ 178.454456683248253, -18.150045555084937, 64.0 ] } },
{ "type": "Feature", "properties": { "Category": "Other", "LULC": "Water", "Coastal": null, "Surveyor": "Nathan", "Date": "2026-09-09T00:00:00", "Notes": "Lower campus ground ", "LULC_code": 6 }, "geometry": { "type": "Point", "coordinates": [ 178.45454595051703, -18.150114621967077, 62.0 ] } },
{ "type": "Feature", "properties": { "Category": "Other", "LULC": "Water", "Coastal": null, "Surveyor": "Nathan", "Date": "2026-09-09T00:00:00", "Notes": null, "LULC_code": 6 }, "geometry": { "type": "Point", "coordinates": [ 178.454577635679357, -18.150174515460144, 0.0 ] } },
{ "type": "Feature", "properties": { "Category": "Other", "LULC": "Water", "Coastal": null, "Surveyor": "Nathan", "Date": "2026-09-09T00:00:00", "Notes": null, "LULC_code": 6 }, "geometry": { "type": "Point", "coordinates": [ 178.454488450661302, -18.150205775164068, 60.0 ] } },
{ "type": "Feature", "properties": { "Category": "Other", "LULC": "Water", "Coastal": null, "Surveyor": "Nathan", "Date": "2026-09-09T00:00:00", "Notes": null, "LULC_code": 6 }, "geometry": { "type": "Point", "coordinates": [ 178.454418461769819, -18.150239428505301, 61.0 ] } },
{ "type": "Feature", "properties": { "Category": "Other", "LULC": "Water", "Coastal": null, "Surveyor": "Nathan", "Date": "2026-09-09T00:00:00", "Notes": null, "LULC_code": 6 }, "geometry": { "type": "Point", "coordinates": [ 178.454345874488382, -18.150262562558051, 61.0 ] } },
{ "type": "Feature", "properties": { "Category": "Other", "LULC": "Water", "Coastal": null, "Surveyor": "Nathan", "Date": "2026-09-09T00:00:00", "Notes": "Water", "LULC_code": 6 }, "geometry": { "type": "Point", "coordinates": [ 178.454266916960478, -18.1503073638305, 59.0 ] } },
{ "type": "Feature", "properties": { "Category": "Other", "LULC": "Water", "Coastal": null, "Surveyor": "Nathan", "Date": "2026-09-09T00:00:00", "Notes": "Near the Water and Ground ", "LULC_code": 6 }, "geometry": { "type": "Point", "coordinates": [ 178.454118892550468, -18.150379532016814, 61.0 ] } },
{ "type": "Feature", "properties": { "Category": "Other", "LULC": "Water", "Coastal": null, "Surveyor": "Nathan", "Date": "2026-09-09T00:00:00", "Notes": "Near the Water and Ground and under the coconut tree ", "LULC_code": 6 }, "geometry": { "type": "Point", "coordinates": [ 178.454057201743126, -18.150494489818811, 61.0 ] } },
{ "type": "Feature", "properties": { "Category": "Commercial buildings  zones", "LULC": "Settlement", "Coastal": null, "Surveyor": "Nathan", "Date": "2026-09-09T00:00:00", "Notes": "Narune Campys Building", "LULC_code": null }, "geometry": { "type": "Point", "coordinates": [ 178.454031217843294, -18.150640754029155, 61.0 ] } },
{ "type": "Feature", "properties": { "Category": "Commercial buildings  zones", "LULC": "Settlement", "Coastal": null, "Surveyor": "Nathan", "Date": "2026-09-09T00:00:00", "Notes": "Marine Campus Building", "LULC_code": null }, "geometry": { "type": "Point", "coordinates": [ 178.454101877286973, -18.150764051824808, 60.0 ] } },
{ "type": "Feature", "properties": { "Category": "Commercial buildings  zones", "LULC": "Settlement", "Coastal": null, "Surveyor": "Nathan", "Date": "2026-09-09T00:00:00", "Notes": "Marine Campus Building", "LULC_code": null }, "geometry": { "type": "Point", "coordinates": [ 178.454161304980488, -18.15081899520009, 62.0 ] } },
{ "type": "Feature", "properties": { "Category": null, "LULC": "Settlement", "Coastal": null, "Surveyor": "Litea", "Date": "2026-09-09T00:00:00", "Notes": null, "LULC_code": null }, "geometry": { "type": "Point", "coordinates": [ 178.454218398827862, -18.150917367227606, 2.189682652242482 ] } },
{ "type": "Feature", "properties": { "Category": null, "LULC": "Settlement", "Coastal": null, "Surveyor": "Litea", "Date": "2026-09-09T00:00:00", "Notes": null, "LULC_code": null }, "geometry": { "type": "Point", "coordinates": [ 178.454130239298081, -18.150980195859219, 2.714451689273119 ] } },
{ "type": "Feature", "properties": { "Category": null, "LULC": "Settlement", "Coastal": null, "Surveyor": "Litea", "Date": "2026-09-09T00:00:00", "Notes": null, "LULC_code": null }, "geometry": { "type": "Point", "coordinates": [ 178.454025687807786, -18.150916603932362, 2.474719776771963 ] } },
{ "type": "Feature", "properties": { "Category": null, "LULC": "Settlement", "Coastal": null, "Surveyor": "Litea", "Date": "2026-09-09T00:00:00", "Notes": null, "LULC_code": null }, "geometry": { "type": "Point", "coordinates": [ 178.453953336864544, -18.15082116303936, 2.175146300345659 ] } },
{ "type": "Feature", "properties": { "Category": null, "LULC": "Settlement", "Coastal": null, "Surveyor": "Litea", "Date": "2026-09-09T00:00:00", "Notes": null, "LULC_code": null }, "geometry": { "type": "Point", "coordinates": [ 178.453883734131068, -18.150703427566018, 2.450191209092736 ] } },
{ "type": "Feature", "properties": { "Category": null, "LULC": "Settlement", "Coastal": null, "Surveyor": "Litea", "Date": "2026-09-09T00:00:00", "Notes": null, "LULC_code": null }, "geometry": { "type": "Point", "coordinates": [ 178.453761798353213, -18.150638132769586, 3.243780863471329 ] } },
{ "type": "Feature", "properties": { "Category": null, "LULC": "Forest", "Coastal": null, "Surveyor": "Litea", "Date": "2026-09-09T00:00:00", "Notes": null, "LULC_code": 5 }, "geometry": { "type": "Point", "coordinates": [ 178.453717666739067, -18.150759801634564, 3.066663056612015 ] } },
{ "type": "Feature", "properties": { "Category": null, "LULC": "Forest", "Coastal": null, "Surveyor": "Litea", "Date": "2026-09-09T00:00:00", "Notes": null, "LULC_code": 5 }, "geometry": { "type": "Point", "coordinates": [ 178.453640916303101, -18.15069632393995, 2.841917325742543 ] } },
{ "type": "Feature", "properties": { "Category": null, "LULC": "Settlement", "Coastal": null, "Surveyor": "Litea", "Date": "2026-09-09T00:00:00", "Notes": null, "LULC_code": null }, "geometry": { "type": "Point", "coordinates": [ 178.453515566615522, -18.150754672244528, 3.005448753945529 ] } },
{ "type": "Feature", "properties": { "Category": null, "LULC": "Settlement", "Coastal": null, "Surveyor": "Litea", "Date": "2026-09-09T00:00:00", "Notes": null, "LULC_code": null }, "geometry": { "type": "Point", "coordinates": [ 178.453325234231386, -18.15072270704032, 3.648456156253815 ] } },
{ "type": "Feature", "properties": { "Category": null, "LULC": "Grassland", "Coastal": null, "Surveyor": "Litea", "Date": "2026-09-09T00:00:00", "Notes": null, "LULC_code": 3 }, "geometry": { "type": "Point", "coordinates": [ 178.453184123282142, -18.150716854456508, 4.493253099732101 ] } },
{ "type": "Feature", "properties": { "Category": null, "LULC": "Forest", "Coastal": null, "Surveyor": "Litea ", "Date": "2026-09-09T00:00:00", "Notes": null, "LULC_code": 5 }, "geometry": { "type": "Point", "coordinates": [ 178.452904239469007, -18.1506827868713, 5.631750312633812 ] } },
{ "type": "Feature", "properties": { "Category": null, "LULC": "Forest", "Coastal": null, "Surveyor": "Litea", "Date": "2026-09-09T00:00:00", "Notes": null, "LULC_code": 5 }, "geometry": { "type": "Point", "coordinates": [ 178.452600301032959, -18.15077823740604, 0.0 ] } },
{ "type": "Feature", "properties": { "Category": null, "LULC": "Forest", "Coastal": null, "Surveyor": "Litea", "Date": "2026-09-09T00:00:00", "Notes": null, "LULC_code": 5 }, "geometry": { "type": "Point", "coordinates": [ 178.452625803545772, -18.150685709531821, 5.401809133589268 ] } },
{ "type": "Feature", "properties": { "Category": null, "LULC": "Settlement", "Coastal": null, "Surveyor": "Litea", "Date": "2026-09-09T00:00:00", "Notes": null, "LULC_code": null }, "geometry": { "type": "Point", "coordinates": [ 178.45236851036276, -18.150398978300235, 5.07258290797472 ] } },
{ "type": "Feature", "properties": { "Category": null, "LULC": "Forest", "Coastal": null, "Surveyor": "Litea", "Date": "2026-09-09T00:00:00", "Notes": null, "LULC_code": 5 }, "geometry": { "type": "Point", "coordinates": [ 178.452529930077617, -18.150070336159246, 5.565521500073373 ] } },
{ "type": "Feature", "properties": { "Category": null, "LULC": "Grassland", "Coastal": null, "Surveyor": "Litea", "Date": "2026-09-09T00:00:00", "Notes": null, "LULC_code": 3 }, "geometry": { "type": "Point", "coordinates": [ 178.452419819260001, -18.149654088164258, 5.221770329400897 ] } },
{ "type": "Feature", "properties": { "Category": null, "LULC": "Settlement", "Coastal": null, "Surveyor": "Litea", "Date": "2026-09-09T00:00:00", "Notes": null, "LULC_code": null }, "geometry": { "type": "Point", "coordinates": [ 178.452297924525965, -18.149292029208404, 5.304551884531975 ] } },
{ "type": "Feature", "properties": { "Category": null, "LULC": "Settlement", "Coastal": null, "Surveyor": "Litea", "Date": "2026-09-09T00:00:00", "Notes": null, "LULC_code": null }, "geometry": { "type": "Point", "coordinates": [ 178.452490622891276, -18.149239032907595, 5.347344023175538 ] } },
{ "type": "Feature", "properties": { "Category": null, "LULC": "Grassland", "Coastal": null, "Surveyor": "Litea", "Date": "2026-09-09T00:00:00", "Notes": null, "LULC_code": 3 }, "geometry": { "type": "Point", "coordinates": [ 178.452874009488937, -18.149430993104488, 6.494434981606901 ] } },
{ "type": "Feature", "properties": { "Category": null, "LULC": "Settlement", "Coastal": null, "Surveyor": "Litea", "Date": "2026-09-09T00:00:00", "Notes": null, "LULC_code": null }, "geometry": { "type": "Point", "coordinates": [ 178.453093167299215, -18.149407924514993, 6.378996106795967 ] } },
{ "type": "Feature", "properties": { "Category": null, "LULC": "Forest", "Coastal": null, "Surveyor": "Litea", "Date": "2026-09-09T00:00:00", "Notes": null, "LULC_code": 5 }, "geometry": { "type": "Point", "coordinates": [ 178.453396146191409, -18.149487821363959, 6.310557572171092 ] } },
{ "type": "Feature", "properties": { "Category": null, "LULC": "Grassland", "Coastal": null, "Surveyor": "Litea", "Date": "2026-09-09T00:00:00", "Notes": null, "LULC_code": 3 }, "geometry": { "type": "Point", "coordinates": [ 178.453775951594338, -18.14951873719037, 6.255157778970897 ] } },
{ "type": "Feature", "properties": { "Category": null, "LULC": "Forest", "Coastal": null, "Surveyor": "Litea", "Date": "2026-09-09T00:00:00", "Notes": null, "LULC_code": 5 }, "geometry": { "type": "Point", "coordinates": [ 178.453642150896485, -18.149930811482374, 6.101606365293264 ] } },
{ "type": "Feature", "properties": { "Category": null, "LULC": "Grassland", "Coastal": null, "Surveyor": "Litea", "Date": "2026-09-09T00:00:00", "Notes": null, "LULC_code": 3 }, "geometry": { "type": "Point", "coordinates": [ 178.453833406033795, -18.150076329082005, 6.176733533851802 ] } },
{ "type": "Feature", "properties": { "Category": null, "LULC": "Grassland", "Coastal": null, "Surveyor": "Litea", "Date": "2026-09-09T00:00:00", "Notes": null, "LULC_code": 3 }, "geometry": { "type": "Point", "coordinates": [ 178.454273794617194, -18.149982344412944, 3.145260852761567 ] } },
{ "type": "Feature", "properties": { "Category": null, "LULC": "Water", "Coastal": null, "Surveyor": "Litea", "Date": "2026-09-09T00:00:00", "Notes": null, "LULC_code": 6 }, "geometry": { "type": "Point", "coordinates": [ 178.454753131125614, -18.150138527451496, 2.510278567671776 ] } },
{ "type": "Feature", "properties": { "Category": null, "LULC": "Water", "Coastal": null, "Surveyor": "Litea", "Date": "2026-09-09T00:00:00", "Notes": null, "LULC_code": 6 }, "geometry": { "type": "Point", "coordinates": [ 178.45450902023191, -18.150216133544106, 2.522969461977482 ] } },
{ "type": "Feature", "properties": { "Category": null, "LULC": "Water", "Coastal": null, "Surveyor": null, "Date": null, "Notes": null, "LULC_code": 6 }, "geometry": { "type": "Point", "coordinates": [ 178.454121773197215, -18.150538597060542, 2.444155359640718 ] } }
]
}
