LULC_code,nir,red,blue,green,emad,smad,bcmad,nir08,nir09,swir16,swir22,coastal,rededge1,rededge2,rededge3,mndwi,ndti,cai,ndvi,evi,savi,ndwi,b_g,b_r,swir22_swir16,mci,ndci,nbi,ndmi,bsi,awei,tc_wetness,y,x
3.0,0.43270000000000003,0.056,0.0521,0.0911,0.09050532,8.7711214e-08,4.9841133e-06,0.35100000000000003,0.3126,0.2225,0.1452,0.0684,0.1494,0.29500000000000004,0.33480000000000004,-0.41900510204081637,-0.23861318830727393,0.13526970954356848,0.7708205443012073,0.7444029173772633,0.7708205443012073,-0.6521573119511264,0.5718990120746432,0.9303571428571429,0.6525842696629213,2.896251673360107,0.4547224926971763,-0.32081807081807084,0.32081807081807084,-0.41341107871720123,-0.66665,-0.08151828000000001,-2041705.0,3167325.0
3.0,0.3855,0.0645,0.053000000000000005,0.0848,0.07680272,1.6126334e-07,4.7224207e-06,0.378,0.3658,0.21910000000000002,0.14120000000000002,0.0661,0.1653,0.3042,0.35850000000000004,-0.4419216847647253,-0.13596784996651037,0.10999160369437447,0.7133333333333334,0.654,0.7133333333333334,-0.639379119710823,0.6250000000000001,0.8217054263565892,0.6444545869465997,2.3321234119782215,0.4386422976501305,-0.27522328812437974,0.27522328812437974,-0.36137845389630546,-0.6066,-0.06734341,-2041755.0,3167355.0
3.0,0.4207,0.0417,0.0361,0.0618,0.117911264,1.8414258e-07,6.213644e-06,0.46240000000000003,0.3808,0.20170000000000002,0.1018,0.0844,0.1216,0.35700000000000004,0.4383,-0.5309297912713473,-0.19420289855072462,0.4008298755186722,0.819636678200692,0.7213869942506159,0.819636678200692,-0.7438341968911917,0.5841423948220065,0.8657074340527577,0.5047099652949926,3.4597039473684212,0.48928352725045926,-0.35186375321336755,0.35186375321336755,-0.5219057138097618,-0.7175500000000001,-0.08316394999999999,-2041785.0,3167335.0
3.0,0.45730000000000004,0.0388,0.035500000000000004,0.0627,0.12676813,1.2769699e-07,6.5540125e-06,0.46740000000000004,0.3766,0.19290000000000002,0.09240000000000001,0.0821,0.1143,0.3634,0.442,-0.5093896713615023,-0.23546798029556654,0.39625850340136054,0.8435799234025398,0.7756786178319346,0.8435799234025398,-0.758846153846154,0.5661881977671451,0.9149484536082475,0.47900466562986005,4.000874890638671,0.49314173742651857,-0.4066441095047677,0.4066441095047677,-0.5794871794871795,-0.7599500000000001,-0.08181767000000004,-2041795.0,3167325.0
3.0,0.3922,0.0363,0.0356,0.062200000000000005,0.1464151,1.5060306e-07,8.3099485e-06,0.4163,0.34650000000000003,0.1864,0.09140000000000001,0.0688,0.10990000000000001,0.3247,0.3924,-0.499597747385358,-0.2629441624365483,0.31800766283524906,0.8305717619603267,0.7030528667163067,0.8305717619603267,-0.726232394366197,0.5723472668810289,0.9807162534435262,0.490343347639485,3.56869881710646,0.503419972640219,-0.3556861389561009,0.3556861389561009,-0.5402340234023403,-0.6539499999999999,-0.07568064,-2041795.0,3167305.0
3.0,0.4661,0.041600000000000005,0.0379,0.0685,0.15121779,1.6655922e-07,7.3762512e-06,0.41600000000000004,0.3462,0.186,0.091,0.06860000000000001,0.1092,0.3241,0.39180000000000004,-0.4616895874263261,-0.24432334241598547,0.2882629107981221,0.8361236950955288,0.7849732788431312,0.8361236950955288,-0.7437336326225216,0.5532846715328468,0.9110576923076923,0.489247311827957,4.268315018315018,0.4482758620689654,-0.42953534733936516,0.42953534733936516,-0.5834118755890669,-0.7462500000000001,-0.07797497,-2041785.0,3167305.0
3.0,0.4466,0.0371,0.0345,0.0634,0.08769215,1.4903843e-07,4.693091e-06,0.41550000000000004,0.35250000000000004,0.22,0.1255,0.0659,0.1463,0.32680000000000003,0.38880000000000003,-0.5525758645024701,-0.2616915422885572,0.3127490039840637,0.8465991316931982,0.7652876741465491,0.8465991316931982,-0.7513725490196078,0.5441640378548896,0.9299191374663073,0.5704545454545454,3.052631578947368,0.5954198473282444,-0.33993399339933994,0.33993399339933994,-0.49479571228833313,-0.775525,-0.09293532999999995,-2041775.0,3167295.0
3.0,0.3561,0.0775,0.0611,0.09480000000000001,0.07630227,9.865165e-08,4.9416926e-06,0.3541,0.3521,0.2272,0.13390000000000002,0.0663,0.1363,0.2842,0.3295,-0.4111801242236025,-0.10040626813697046,0.040816326530612214,0.6425276752767527,0.5963605679275049,0.6425276752767527,-0.5795076513639388,0.6445147679324894,0.7883870967741936,0.5893485915492959,2.6126192223037417,0.2750233863423761,-0.2209840562317847,0.2209840562317847,-0.3273942093541202,-0.543375,-0.07103119000000002,-2041765.0,3167285.0
5.0,0.3356,0.0876,0.06620000000000001,0.0988,0.09319167,1.4775395e-07,6.0523503e-06,0.28040000000000004,0.31010000000000004,0.23470000000000002,0.18330000000000002,0.11670000000000001,0.19190000000000002,0.2444,0.266,-0.407496251874063,-0.06008583690987125,0.2761071623838163,0.5860113421550094,0.5505972008500036,0.5860113421550094,-0.5451197053406999,0.6700404858299596,0.7557077625570777,0.7809970174691095,1.7488275143303804,0.37316636851520574,-0.17692442574083814,0.17692442574083814,-0.19458896982310095,-0.496425,-0.05775297,-2041885.0,3167325.0
5.0,0.276,0.1645,0.1422,0.1595,0.06948268,1.3517737e-07,3.9134125e-06,0.2922,0.2983,0.2305,0.1774,0.11380000000000001,0.2097,0.2609,0.28250000000000003,-0.18205128205128207,0.015432098765432112,-0.11093749999999993,0.25312145289443816,0.4391976598412035,0.25312145289443816,-0.2675086107921929,0.8915360501567398,0.8644376899696048,0.7696312364425163,1.3161659513590844,0.12079102084446817,-0.08983218163869695,0.08983218163869695,-0.10038152874621765,-0.1744500000000001,0.012918539999999971,-2041845.0,3167315.0
5.0,0.276,0.1645,0.1422,0.1595,0.06948268,1.3517737e-07,3.9134125e-06,0.2922,0.2983,0.2305,0.1774,0.11380000000000001,0.2097,0.2609,0.28250000000000003,-0.18205128205128207,0.015432098765432112,-0.11093749999999993,0.25312145289443816,0.4391976598412035,0.25312145289443816,-0.2675086107921929,0.8915360501567398,0.8644376899696048,0.7696312364425163,1.3161659513590844,0.12079102084446817,-0.08983218163869695,0.08983218163869695,-0.10038152874621765,-0.1744500000000001,0.012918539999999971,-2041845.0,3167315.0
5.0,0.276,0.1645,0.1422,0.1595,0.06948268,1.3517737e-07,3.9134125e-06,0.2922,0.2983,0.2305,0.1774,0.11380000000000001,0.2097,0.2609,0.28250000000000003,-0.18205128205128207,0.015432098765432112,-0.11093749999999993,0.25312145289443816,0.4391976598412035,0.25312145289443816,-0.2675086107921929,0.8915360501567398,0.8644376899696048,0.7696312364425163,1.3161659513590844,0.12079102084446817,-0.08983218163869695,0.08983218163869695,-0.10038152874621765,-0.1744500000000001,0.012918539999999971,-2041845.0,3167315.0
3.0,0.3078,0.0412,0.037000000000000005,0.0592,0.14314781,2.432823e-07,8.333096e-06,0.4007,0.37570000000000003,0.1809,0.09480000000000001,0.08460000000000001,0.10700000000000001,0.3138,0.375,-0.506872136609746,-0.17928286852589642,0.3914473684210526,0.7638968481375358,0.5700978473581213,0.7638968481375358,-0.6773841961852861,0.6250000000000001,0.8980582524271846,0.5240464344941957,2.8766355140186914,0.4439946018893388,-0.2596685082872928,0.2596685082872928,-0.4342762063227953,-0.5243499999999999,-0.06752617,-2041815.0,3167315.0
3.0,0.3574,0.061700000000000005,0.0543,0.08700000000000001,0.09198211,1.2622475e-07,5.421125e-06,0.3517,0.3131,0.2225,0.1454,0.069,0.1496,0.29510000000000003,0.33540000000000003,-0.4378029079159936,-0.17014122394082046,0.11922141119221415,0.7055595323311857,0.6299844738137615,0.7055595323311857,-0.6084608460846084,0.6241379310344827,0.880064829821718,0.6534831460674158,2.38903743315508,0.41599621391386654,-0.23262631488187618,0.23262631488187618,-0.3306399482870071,-0.5617,-0.07459032999999998,-2041715.0,3167325.0
5.0,0.3105,0.06810000000000001,0.06470000000000001,0.0888,0.087096155,1.3040899e-07,5.142531e-06,0.3135,0.3144,0.2235,0.1338,0.0697,0.1366,0.25730000000000003,0.2948,-0.43131604226705084,-0.13193116634799232,0.037202380952380876,0.6402535657686212,0.5739352433440046,0.6402535657686212,-0.555221637866266,0.7286036036036037,0.9500734214390603,0.5986577181208054,2.273060029282577,0.33463605276013675,-0.16292134831460672,0.16292134831460672,-0.30029457632992546,-0.48085000000000006,-0.06755717,-2041715.0,3167365.0
5.0,0.4727,0.0541,0.0492,0.0915,0.090907656,8.295774e-08,4.996322e-06,0.4167,0.386,0.2,0.1145,0.06520000000000001,0.1461,0.3292,0.3945,-0.37221269296741,-0.25686813186813184,0.13986013986013993,0.7946089597570235,0.7895050059511307,0.7946089597570235,-0.6756469337114498,0.5377049180327869,0.9094269870609981,0.5725,3.2354551676933605,0.45954045954045947,-0.4053812992418611,0.4053812992418611,-0.5116582186821145,-0.7024750000000002,-0.06563924999999998,-2041725.0,3167435.0
3.0,0.21300000000000002,0.1111,0.0946,0.1111,0.06695584,1.372695e-07,4.3784826e-06,0.40180000000000005,0.38930000000000003,0.1952,0.111,0.0714,0.1404,0.3181,0.3844,-0.2745674175644793,0.0,-0.1397590361445783,0.31440913298364703,0.3601401589607726,0.31440913298364703,-0.31440913298364703,0.8514851485148515,0.8514851485148515,0.5686475409836065,1.5170940170940173,0.11650099403578526,-0.043606075453209235,0.043606075453209235,-0.16141212006796302,-0.2122,-0.013651549999999985,-2041715.0,3167495.0
3.0,0.49660000000000004,0.0682,0.0616,0.1116,0.13106203,1.2635589e-07,5.6032695e-06,0.5098,0.4525,0.28290000000000004,0.1487,0.0719,0.17170000000000002,0.41000000000000003,0.4813,-0.43422053231939167,-0.2413793103448276,0.07715355805243448,0.7584985835694051,0.812647181050007,0.7584985835694051,-0.6330154554422887,0.5519713261648745,0.903225806451613,0.5256274301873453,2.8922539312754805,0.4314297624010005,-0.2741500962155227,0.2741500962155227,-0.4403302799638757,-0.7914750000000002,-0.09658956000000002,-2041805.0,3167475.0
3.0,0.4708,0.0688,0.0585,0.108,0.08989566,1.2724995e-07,3.4892644e-06,0.5213,0.40290000000000004,0.3035,0.1553,0.058300000000000005,0.1786,0.42510000000000003,0.4894,-0.4750911300121507,-0.22171945701357465,-0.0017123287671232772,0.7449962935507785,0.7670000346056685,0.7449962935507785,-0.6268140981340705,0.5416666666666667,0.8502906976744187,0.5116968698517298,2.6360582306830906,0.4438156831042846,-0.21606612424125016,0.21606612424125016,-0.40509689408016997,-0.7941249999999997,-0.10457337999999994,-2041805.0,3167505.0
6.0,0.40390000000000004,0.1092,0.09580000000000001,0.13190000000000002,0.08021982,7.160306e-08,3.981737e-06,0.4277,0.4096,0.2459,0.1356,0.0621,0.1885,0.36050000000000004,0.4047,-0.3017469560614081,-0.09415180423060975,-0.21342621912602916,0.5743519781718963,0.6717514545725797,0.5743519781718963,-0.507652108995894,0.7263078089461713,0.8772893772893774,0.5514436762911753,2.142705570291777,0.26637554585152834,-0.24315173899661438,0.24315173899661438,-0.34237743451981195,-0.51525,-0.030955409999999947,-2041805.0,3167555.0
6.0,0.2214,0.0786,0.0682,0.09050000000000001,0.08292169,3.190249e-07,6.398259e-06,0.2768,0.17270000000000002,0.16440000000000002,0.09430000000000001,0.0601,0.1227,0.21830000000000002,0.254,-0.28991761475088274,-0.07037256061502073,-0.06313328137178485,0.476,0.40194667795175615,0.476,-0.4196857967297211,0.7535911602209944,0.8676844783715012,0.5736009732360097,1.80440097799511,0.21907600596125185,-0.1477449455676516,0.1477449455676516,-0.2523243243243244,-0.26067499999999993,-0.018291420000000023,-2041845.0,3167515.0
3.0,0.3698,0.059000000000000004,0.0507,0.07980000000000001,0.09362064,8.614063e-08,5.1683255e-06,0.4228,0.45680000000000004,0.20720000000000002,0.1125,0.0741,0.1405,0.33130000000000004,0.3985,-0.44390243902439025,-0.14985590778097987,0.18749999999999997,0.7248134328358209,0.6441889025343307,0.7248134328358209,-0.6450177935943061,0.6353383458646616,0.8593220338983051,0.542953667953668,2.6320284697508893,0.40852130325814545,-0.2818024263431542,0.2818024263431542,-0.4206081081081081,-0.5871750000000002,-0.06365128,-2041815.0,3167445.0
3.0,0.4368,0.0688,0.0609,0.1005,0.10903495,9.114146e-08,5.4404713e-06,0.4227,0.45630000000000004,0.20700000000000002,0.11270000000000001,0.0745,0.1408,0.3309,0.3987,-0.3463414634146342,-0.18724158298877736,0.10044313146233379,0.7278481012658227,0.7346088954302331,0.7278481012658227,-0.6259073143495255,0.6059701492537314,0.8851744186046512,0.5444444444444444,3.102272727272727,0.3435114503816794,-0.3569431500465983,0.3569431500465983,-0.46554770318021205,-0.625375,-0.058744669999999985,-2041815.0,3167455.0
3.0,0.4186,0.0901,0.0818,0.1274,0.09267601,8.1109995e-08,3.9811716e-06,0.5134000000000001,0.4555,0.2992,0.16290000000000002,0.07390000000000001,0.1888,0.42410000000000003,0.48460000000000003,-0.4027191748710736,-0.17149425287356326,-0.05073859987154779,0.6457637114212699,0.7107081816155161,0.6457637114212699,-0.5333333333333333,0.6420722135007848,0.9078801331853495,0.544451871657754,2.2171610169491527,0.3538902832556472,-0.16634159933129006,0.16634159933129006,-0.3283780196442793,-0.6356750000000001,-0.08034972000000001,-2041825.0,3167465.0
3.0,0.48960000000000004,0.07690000000000001,0.06570000000000001,0.1183,0.09533318,1.04939936e-07,4.100148e-06,0.5127,0.45520000000000005,0.29910000000000003,0.1628,0.0743,0.1893,0.42400000000000004,0.48360000000000003,-0.43315764254911354,-0.21209016393442617,0.061428571428571395,0.7285083848190644,0.7866278073032746,0.7285083848190644,-0.6107912485606185,0.5553677092138631,0.8543563068920677,0.5442995653627549,2.5863708399366088,0.4222389181066867,-0.2415367059718524,0.2415367059718524,-0.39698113207547164,-0.7809000000000001,-0.09440815,-2041825.0,3167475.0
3.0,0.501,0.06670000000000001,0.059800000000000006,0.1124,0.081824854,1.07789035e-07,3.413289e-06,0.5412,0.4535,0.3119,0.15910000000000002,0.0741,0.1827,0.4465,0.5135000000000001,-0.4701861890172048,-0.2551647124511445,0.10679611650485431,0.7650167341905937,0.8162731465546913,0.7650167341905937,-0.6335180958591458,0.5320284697508897,0.896551724137931,0.5100993908303944,2.742200328407225,0.4651162790697674,-0.23262393898388486,0.23262393898388486,-0.4258835494533435,-0.8387749999999998,-0.10841005000000004,-2041835.0,3167485.0
3.0,0.47350000000000003,0.0658,0.058,0.111,0.07322069,1.13254785e-07,3.3706322e-06,0.49660000000000004,0.3153,0.27640000000000003,0.1497,0.0876,0.1786,0.41290000000000004,0.4746,-0.42694889003613845,-0.25565610859728505,0.20329670329670324,0.7559799740404228,0.7799832554245447,0.7559799740404228,-0.6201881950384945,0.5225225225225225,0.8814589665653496,0.5416063675832127,2.6511758118701008,0.46153846153846156,-0.26283504467262303,0.26283504467262303,-0.4230254350736279,-0.7519249999999998,-0.08713836000000001,-2041845.0,3167495.0
3.0,0.47350000000000003,0.0658,0.058,0.111,0.07322069,1.13254785e-07,3.3706322e-06,0.49660000000000004,0.3153,0.27640000000000003,0.1497,0.0876,0.1786,0.41290000000000004,0.4746,-0.42694889003613845,-0.25565610859728505,0.20329670329670324,0.7559799740404228,0.7799832554245447,0.7559799740404228,-0.6201881950384945,0.5225225225225225,0.8814589665653496,0.5416063675832127,2.6511758118701008,0.46153846153846156,-0.26283504467262303,0.26283504467262303,-0.4230254350736279,-0.7519249999999998,-0.08713836000000001,-2041845.0,3167495.0
3.0,0.4277,0.0721,0.060700000000000004,0.10650000000000001,0.06609605,8.577704e-08,3.2346113e-06,0.49520000000000003,0.3254,0.281,0.152,0.08900000000000001,0.1806,0.41150000000000003,0.47650000000000003,-0.45032258064516123,-0.19260918253079515,0.18904475617902475,0.711484593837535,0.709690046617558,0.711484593837535,-0.6012729314863348,0.5699530516431924,0.8418862690707352,0.5409252669039145,2.368217054263566,0.4293628808864266,-0.20699873006914066,0.20699873006914066,-0.37094736842105275,-0.6980999999999999,-0.08440806000000005,-2041855.0,3167495.0
3.0,0.4758,0.09910000000000001,0.0758,0.132,0.06565957,7.132888e-08,3.1585334e-06,0.4783,0.323,0.2878,0.18050000000000002,0.0883,0.21910000000000002,0.405,0.45780000000000004,-0.3711291090995712,-0.14236261358719166,0.07617306520414378,0.6552443903287528,0.7260137159597843,0.6552443903287528,-0.5656465942744323,0.5742424242424242,0.7648839556004037,0.6271716469770675,2.1716111364673663,0.37712130735386545,-0.24620220010476687,0.24620220010476687,-0.327237728585178,-0.6944749999999998,-0.06775501999999996,-2041855.0,3167475.0
3.0,0.39380000000000004,0.18730000000000002,0.14930000000000002,0.202,0.07903253,9.2869996e-08,4.0467794e-06,0.3583,0.3236,0.25,0.18100000000000002,0.08940000000000001,0.22410000000000002,0.3209,0.34990000000000004,-0.1061946902654867,-0.037760082198818365,-0.2509426057813155,0.35536052314575806,0.5703043960367707,0.35536052314575806,-0.32192010741859683,0.7391089108910891,0.797116924719701,0.7240000000000001,1.7572512271307452,0.08945065629557607,-0.22336129232680962,0.22336129232680962,-0.19179284617072628,-0.26615,0.018468080000000046,-2041845.0,3167455.0
3.0,0.4086,0.1285,0.1027,0.1443,0.10662228,1.649618e-07,5.41868e-06,0.3985,0.4561,0.24100000000000002,0.15430000000000002,0.0766,0.1864,0.3382,0.3841,-0.25097326758370103,-0.05791788856304988,-0.1455660903513664,0.521504375349097,0.6336254301628411,0.521504375349097,-0.4780249593054801,0.7117117117117117,0.7992217898832684,0.6402489626556017,2.1920600858369097,0.18386789456970468,-0.25800492610837433,0.25800492610837433,-0.2877471351215211,-0.4723750000000001,-0.02866183,-2041835.0,3167455.0
3.0,0.46390000000000003,0.0806,0.0723,0.12150000000000001,0.13946256,1.296997e-07,5.7257157e-06,0.5096,0.45270000000000005,0.2827,0.1487,0.0721,0.17170000000000002,0.40990000000000004,0.4812,-0.3988124690747155,-0.20237506185056905,-0.001385041551246577,0.7039485766758494,0.7679416473937022,0.7039485766758494,-0.5848992142125043,0.5950617283950617,0.8970223325062034,0.5259992925362575,2.7018054746651137,0.36107808164883076,-0.24270024109295474,0.24270024109295474,-0.4009144350097975,-0.7066750000000002,-0.08580073999999996,-2041815.0,3167465.0
3.0,0.45270000000000005,0.0618,0.0565,0.0966,0.12836674,1.1218786e-07,5.865509e-06,0.48160000000000003,0.45230000000000004,0.2534,0.137,0.0726,0.1573,0.38120000000000004,0.453,-0.44799999999999995,-0.2196969696969697,0.1247095274980635,0.7597667638483965,0.7643864975888551,0.7597667638483965,-0.6482796286182414,0.5848861283643892,0.9142394822006472,0.5406471981057617,2.8779402415766056,0.43587403012323145,-0.2822546381532361,0.2822546381532361,-0.4384180790960453,-0.7269000000000001,-0.08898890000000001,-2041795.0,3167465.0
3.0,0.44780000000000003,0.0684,0.0585,0.1037,0.118174054,1.4820695e-07,4.7255085e-06,0.4985,0.45320000000000005,0.29710000000000003,0.153,0.0753,0.1706,0.4058,0.4682,-0.48253493013972054,-0.2051133062173155,0.12556053811659196,0.7349864393645874,0.7404980802423474,0.7349864393645874,-0.6239347234814143,0.5641272902603665,0.8552631578947368,0.5149781218444968,2.6248534583821805,0.4276150627615063,-0.20230903476976772,0.20230903476976772,-0.391507489350007,-0.7613500000000002,-0.10277513,-2041785.0,3167495.0
5.0,0.3682,0.061900000000000004,0.0533,0.08510000000000001,0.0745053,9.8156924e-08,4.125081e-06,0.3612,0.39080000000000004,0.19340000000000002,0.1183,0.0684,0.1447,0.2883,0.3432,-0.3888689407540395,-0.1578231292517007,0.12407559572719805,0.712159962799349,0.640818002015151,0.712159962799349,-0.6245312155305537,0.626321974148061,0.8610662358642972,0.6116856256463288,2.544574982722875,0.40077444336882856,-0.31125356125356124,0.31125356125356124,-0.40103041382748883,-0.5467750000000001,-0.05394958000000002,-2041725.0,3167475.0
5.0,0.3437,0.0529,0.0454,0.0746,0.12281295,1.3090968e-07,7.0656083e-06,0.388,0.3865,0.19740000000000002,0.11950000000000001,0.0665,0.1481,0.314,0.3703,-0.4514705882352942,-0.17019607843137252,0.18856121537086684,0.7332324760463943,0.6105936695441467,0.7332324760463943,-0.643318192684676,0.6085790884718499,0.8582230623818525,0.605369807497467,2.3207292370020256,0.4736318407960199,-0.27037516170763254,0.27037516170763254,-0.3859305431878896,-0.549875,-0.05956053,-2041745.0,3167475.0
5.0,0.30510000000000004,0.0858,0.0728,0.1033,0.080153205,1.1162758e-07,5.2547985e-06,0.3784,0.2675,0.22210000000000002,0.1277,0.0606,0.1683,0.317,0.3569,-0.36508912108174557,-0.09254362771020626,-0.09145427286356822,0.5610130468150423,0.5313996389041526,0.5610130468150423,-0.49412340842311464,0.7047434656340755,0.8484848484848485,0.574966231427285,1.8128342245989306,0.3246753246753247,-0.15743550834597875,0.15743550834597875,-0.277984443692932,-0.42782500000000023,-0.03714666000000001,-2041815.0,3167585.0
5.0,0.3749,0.09230000000000001,0.0668,0.1136,0.11176389,1.2245178e-07,5.455964e-06,0.3734,0.328,0.23720000000000002,0.1768,0.11,0.22540000000000002,0.3352,0.3698,-0.35233751425313575,-0.10344827586206895,0.24434389140271492,0.6048801369863014,0.5918260138684597,0.6048801369863014,-0.5349027635619241,0.5880281690140845,0.723726977248104,0.7453625632377741,1.663265306122449,0.41894869373622906,-0.22496324130044104,0.22496324130044104,-0.24282498593134494,-0.5231500000000001,-0.035753389999999996,-2041855.0,3167425.0
5.0,0.3568,0.1595,0.114,0.1621,0.07116491,8.739531e-08,3.4514314e-06,0.3942,0.3246,0.2554,0.1786,0.10740000000000001,0.22260000000000002,0.3366,0.37920000000000004,-0.22347305389221564,-0.008084577114427833,-0.029810298102981005,0.38214216540770873,0.5021250342747463,0.38214216540770873,-0.37521680477934094,0.7032695866748921,0.7147335423197493,0.6992952231793266,1.6028751123090745,0.16514001570269568,-0.1656321463573995,0.1656321463573995,-0.16404994436889603,-0.35440000000000016,-0.006377040000000035,-2041855.0,3167385.0
5.0,0.37360000000000004,0.248,0.1845,0.23850000000000002,0.092520595,1.7683506e-07,3.9809506e-06,0.3934,0.30670000000000003,0.28290000000000004,0.21530000000000002,0.1155,0.2889,0.3627,0.38680000000000003,-0.08515535097813581,0.019527235354573444,-0.22999999999999998,0.2020592020592021,0.46418784044388817,0.2020592020592021,-0.22071556935141318,0.7735849056603773,0.7439516129032258,0.761046306115235,1.2931810314987886,0.07617805922890668,-0.13815689261233816,0.13815689261233816,-0.09281378500097903,-0.15017500000000006,0.05803016999999999,-2041855.0,3167365.0
5.0,0.3664,0.07010000000000001,0.0565,0.09000000000000001,0.10531838,8.033812e-08,6.5997806e-06,0.4093,0.34540000000000004,0.21980000000000002,0.1323,0.0946,0.13970000000000002,0.3276,0.3886,-0.4189799870884442,-0.12429731417863835,0.25215089344804764,0.6788087056128294,0.6205024757014487,0.6788087056128294,-0.6056091148115688,0.6277777777777778,0.8059914407988586,0.6019108280254777,2.622763063707945,0.3317445185891325,-0.250085295121119,0.250085295121119,-0.3526307372461218,-0.5647250000000001,-0.07025768000000002,-2041835.0,3167385.0
5.0,0.2886,0.2088,0.1651,0.2048,0.08679148,1.1900067e-07,4.90538e-06,0.3093,0.36610000000000004,0.21730000000000002,0.1519,0.067,0.1786,0.2671,0.2968,-0.029613835583984862,0.009671179883945849,-0.42266264541146054,0.16043425814234016,0.3934313010781568,0.16043425814234016,-0.16984191325496556,0.80615234375,0.7907088122605364,0.6990335941095259,1.6159014557670772,-0.07795560144553434,-0.14093694406009094,0.14093694406009094,-0.1141944990176817,-0.04377500000000001,0.03996995,-2041755.0,3167315.0
5.0,0.3416,0.0601,0.0477,0.0745,0.0843421,1.2081266e-07,5.4997836e-06,0.379,0.36760000000000004,0.21710000000000002,0.1389,0.0654,0.1424,0.2934,0.3524,-0.48902606310013713,-0.10698365527488853,0.15649867374005305,0.700771720189196,0.590501692141768,0.700771720189196,-0.6419130016822879,0.640268456375839,0.7936772046589018,0.6397973284200829,2.398876404494382,0.4064197530864197,-0.22283873277250763,0.22283873277250763,-0.32347441781404046,-0.569375,-0.08044210999999997,-2041745.0,3167335.0
5.0,0.4272,0.0512,0.0483,0.0697,0.11304069,1.1049211e-07,5.705566e-06,0.43610000000000004,0.3645,0.1952,0.1051,0.0646,0.1197,0.3309,0.40900000000000003,-0.47376368440921096,-0.15301902398676587,0.14437555358724535,0.785953177257525,0.7410268556644682,0.785953177257525,-0.7194606560676193,0.6929698708751794,0.943359375,0.5384221311475409,3.5689223057644113,0.40081919251023995,-0.3727506426735218,0.3727506426735218,-0.5052231718898386,-0.684775,-0.07833364999999999,-2041775.0,3167345.0
5.0,0.4207,0.0417,0.0361,0.0618,0.117911264,1.8414258e-07,6.213644e-06,0.46240000000000003,0.3808,0.20170000000000002,0.1018,0.0844,0.1216,0.35700000000000004,0.4383,-0.5309297912713473,-0.19420289855072462,0.4008298755186722,0.819636678200692,0.7213869942506159,0.819636678200692,-0.7438341968911917,0.5841423948220065,0.8657074340527577,0.5047099652949926,3.4597039473684212,0.48928352725045926,-0.35186375321336755,0.35186375321336755,-0.5219057138097618,-0.7175500000000001,-0.08316394999999999,-2041785.0,3167335.0
5.0,0.4661,0.041600000000000005,0.0379,0.0685,0.15121779,1.6655922e-07,7.3762512e-06,0.41600000000000004,0.3462,0.186,0.091,0.06860000000000001,0.1092,0.3241,0.39180000000000004,-0.4616895874263261,-0.24432334241598547,0.2882629107981221,0.8361236950955288,0.7849732788431312,0.8361236950955288,-0.7437336326225216,0.5532846715328468,0.9110576923076923,0.489247311827957,4.268315018315018,0.4482758620689654,-0.42953534733936516,0.42953534733936516,-0.5834118755890669,-0.7462500000000001,-0.07797497,-2041785.0,3167305.0
5.0,0.4312,0.051500000000000004,0.044000000000000004,0.07690000000000001,0.08145875,1.1286437e-07,4.379004e-06,0.4126,0.36710000000000004,0.1971,0.1159,0.0654,0.13870000000000002,0.32,0.3865,-0.43868613138686124,-0.19781931464174457,0.19561243144424129,0.7866169463434847,0.7279109346192029,0.7866169463434847,-0.6973036803778784,0.5721716514954486,0.854368932038835,0.5880263825469305,3.1088680605623646,0.45846477392218715,-0.3725927104886201,0.3725927104886201,-0.4789915966386554,-0.6772250000000001,-0.07209284999999999,-2041765.0,3167355.0
5.0,0.4708,0.0688,0.0585,0.108,0.08989566,1.2724995e-07,3.4892644e-06,0.5213,0.40290000000000004,0.3035,0.1553,0.058300000000000005,0.1786,0.42510000000000003,0.4894,-0.4750911300121507,-0.22171945701357465,-0.0017123287671232772,0.7449962935507785,0.7670000346056685,0.7449962935507785,-0.6268140981340705,0.5416666666666667,0.8502906976744187,0.5116968698517298,2.6360582306830906,0.4438156831042846,-0.21606612424125016,0.21606612424125016,-0.40509689408016997,-0.7941249999999997,-0.10457337999999994,-2041805.0,3167505.0
5.0,0.3987,0.057,0.046700000000000005,0.07250000000000001,0.102408126,1.3376176e-07,5.515728e-06,0.4365,0.3658,0.1955,0.1051,0.0646,0.1192,0.3309,0.40990000000000004,-0.458955223880597,-0.11969111969111974,0.1608265947888589,0.749835418038183,0.675860332985724,0.749835418038183,-0.6922750424448217,0.6441379310344828,0.8192982456140352,0.5375959079283887,3.344798657718121,0.3530079455164586,-0.34197239986536515,0.34197239986536515,-0.46633744855967074,-0.6370750000000001,-0.07412742999999998,-2041765.0,3167335.0
5.0,0.34240000000000004,0.08850000000000001,0.0709,0.0971,0.10973797,2.5045276e-07,5.9960576e-06,0.3733,0.368,0.21530000000000002,0.1364,0.0682,0.1592,0.3123,0.35750000000000004,-0.37836107554417414,-0.0463362068965517,-0.019410496046010122,0.5892318403341842,0.5720567957365931,0.5892318403341842,-0.5581342434584755,0.7301750772399588,0.8011299435028248,0.6335346028797026,2.150753768844221,0.2854259184497375,-0.22790030482338175,0.22790030482338175,-0.2952052648072705,-0.48880000000000007,-0.04769239999999999,-2041775.0,3167315.0
5.0,0.3305,0.1532,0.1105,0.1575,0.07744268,9.9289416e-08,4.29318e-06,0.38420000000000004,0.3277,0.2533,0.17980000000000002,0.109,0.23650000000000002,0.3336,0.3665,-0.23320350535540413,-0.013839716768587057,-0.006833712984054676,0.3665495141616705,0.4736619866990394,0.3665495141616705,-0.3545081967213115,0.7015873015873015,0.7212793733681462,0.7098302408211606,1.397463002114165,0.21375416987426227,-0.13223706748886602,0.13223706748886602,-0.1395348837209302,-0.3265000000000001,0.0006559700000000057,-2041855.0,3167395.0
3.0,0.46390000000000003,0.0806,0.0723,0.12150000000000001,0.13946256,1.296997e-07,5.7257157e-06,0.5096,0.45270000000000005,0.2827,0.1487,0.0721,0.17170000000000002,0.40990000000000004,0.4812,-0.3988124690747155,-0.20237506185056905,-0.001385041551246577,0.7039485766758494,0.7679416473937022,0.7039485766758494,-0.5848992142125043,0.5950617283950617,0.8970223325062034,0.5259992925362575,2.7018054746651137,0.36107808164883076,-0.24270024109295474,0.24270024109295474,-0.4009144350097975,-0.7066750000000002,-0.08580073999999996,-2041815.0,3167465.0
3.0,0.46390000000000003,0.0806,0.0723,0.12150000000000001,0.13946256,1.296997e-07,5.7257157e-06,0.5096,0.45270000000000005,0.2827,0.1487,0.0721,0.17170000000000002,0.40990000000000004,0.4812,-0.3988124690747155,-0.20237506185056905,-0.001385041551246577,0.7039485766758494,0.7679416473937022,0.7039485766758494,-0.5848992142125043,0.5950617283950617,0.8970223325062034,0.5259992925362575,2.7018054746651137,0.36107808164883076,-0.24270024109295474,0.24270024109295474,-0.4009144350097975,-0.7066750000000002,-0.08580073999999996,-2041815.0,3167465.0
3.0,0.4722,0.067,0.058100000000000006,0.1071,0.09172073,1.6370416e-07,4.04745e-06,0.5156000000000001,0.4534,0.30760000000000004,0.1575,0.07300000000000001,0.1759,0.4212,0.4827,-0.48348203520617317,-0.23032739804709934,0.11365369946605645,0.7514836795252225,0.7740971184260838,0.7514836795252225,-0.6302433972035214,0.542483660130719,0.8671641791044776,0.5120286085825747,2.6844798180784535,0.4483326471799094,-0.21107976404206202,0.21107976404206202,-0.40514043455219917,-0.8044750000000003,-0.10866384000000001,-2041815.0,3167485.0
3.0,0.4722,0.067,0.058100000000000006,0.1071,0.09172073,1.6370416e-07,4.04745e-06,0.5156000000000001,0.4534,0.30760000000000004,0.1575,0.07300000000000001,0.1759,0.4212,0.4827,-0.48348203520617317,-0.23032739804709934,0.11365369946605645,0.7514836795252225,0.7740971184260838,0.7514836795252225,-0.6302433972035214,0.542483660130719,0.8671641791044776,0.5120286085825747,2.6844798180784535,0.4483326471799094,-0.21107976404206202,0.21107976404206202,-0.40514043455219917,-0.8044750000000003,-0.10866384000000001,-2041815.0,3167485.0
3.0,0.38280000000000003,0.06770000000000001,0.058300000000000005,0.0981,0.07430592,2.797842e-07,5.2973505e-06,0.2758,0.1695,0.1621,0.0921,0.0585,0.1203,0.2169,0.254,-0.2459646425826287,-0.18335343787696018,0.0017123287671232772,0.6994450610432853,0.6578879230626966,0.6994450610432853,-0.5920149719276356,0.5942915392456677,0.8611521418020679,0.5681677976557681,3.182044887780549,0.2797872340425532,-0.40502844558634615,0.40502844558634615,-0.46813113662839084,-0.490775,-0.03314468999999997,-2041845.0,3167505.0
3.0,0.45280000000000004,0.11130000000000001,0.0828,0.1375,0.062975936,1.00615615e-07,3.0803944e-06,0.3942,0.3242,0.24380000000000002,0.1666,0.08900000000000001,0.2286,0.3547,0.3951,-0.27878311041174925,-0.10530546623794211,0.036088474970896456,0.60538911540507,0.6806481728460924,0.60538911540507,-0.5341351854988988,0.6021818181818182,0.7439353099730457,0.6833470057424118,1.9807524059492565,0.3451015004413063,-0.300028710881424,0.300028710881424,-0.31677934849416106,-0.5767000000000002,-0.024167080000000028,-2041865.0,3167485.0
3.0,0.3267,0.2974,0.23770000000000002,0.3063,0.08809216,7.2735546e-08,4.18127e-06,0.29410000000000003,0.32680000000000003,0.2233,0.17880000000000001,0.0912,0.2629,0.2873,0.2932,0.15672205438066467,-0.014742421732648697,-0.445424141076315,0.04694760455055279,0.39097376444461174,0.04694760455055279,-0.032227488151658726,0.7760365654587007,0.7992602555480834,0.800716524854456,1.2426778242677823,-0.061574156701766865,-0.18799999999999997,0.18799999999999997,-0.08475879300403613,0.22314999999999985,0.13598674,-2041885.0,3167485.0
3.0,0.39590000000000003,0.17420000000000002,0.13620000000000002,0.1933,0.07667096,7.416606e-08,3.7157688e-06,0.47850000000000004,0.3229,0.2879,0.1806,0.0884,0.2197,0.4055,0.4582,-0.1965918536990856,-0.05197278911564619,-0.21282279608192345,0.3888791440098228,0.5744928148774303,0.3888791440098228,-0.3438560760353021,0.7046042421107088,0.7818599311136625,0.6273011462313304,1.8020027309968139,0.11551155115511547,-0.15794091839719224,0.15794091839719224,-0.19990979817341303,-0.3611,-0.012559349999999914,-2041855.0,3167465.0
3.0,0.4086,0.1285,0.1027,0.1443,0.10662228,1.649618e-07,5.41868e-06,0.3985,0.4561,0.24100000000000002,0.15430000000000002,0.0766,0.1864,0.3382,0.3841,-0.25097326758370103,-0.05791788856304988,-0.1455660903513664,0.521504375349097,0.6336254301628411,0.521504375349097,-0.4780249593054801,0.7117117117117117,0.7992217898832684,0.6402489626556017,2.1920600858369097,0.18386789456970468,-0.25800492610837433,0.25800492610837433,-0.2877471351215211,-0.4723750000000001,-0.02866183,-2041835.0,3167455.0
3.0,0.4368,0.0688,0.0609,0.1005,0.10903495,9.114146e-08,5.4404713e-06,0.4227,0.45630000000000004,0.20700000000000002,0.11270000000000001,0.0745,0.1408,0.3309,0.3987,-0.3463414634146342,-0.18724158298877736,0.10044313146233379,0.7278481012658227,0.7346088954302331,0.7278481012658227,-0.6259073143495255,0.6059701492537314,0.8851744186046512,0.5444444444444444,3.102272727272727,0.3435114503816794,-0.3569431500465983,0.3569431500465983,-0.46554770318021205,-0.625375,-0.058744669999999985,-2041815.0,3167455.0
3.0,0.4555,0.0587,0.053000000000000005,0.0974,0.110133335,1.497984e-07,5.0198905e-06,0.46390000000000003,0.3845,0.2627,0.1366,0.06620000000000001,0.15560000000000002,0.3713,0.43510000000000004,-0.45903915579005833,-0.24791800128122995,0.11073825503355707,0.7716841695838196,0.7658842717345057,0.7716841695838196,-0.6476758907578224,0.5441478439425051,0.9028960817717206,0.5199847735059003,2.927377892030848,0.45216985534297716,-0.26844890002784744,0.26844890002784744,-0.44501278772378516,-0.74665,-0.09419471999999995,-2041775.0,3167485.0
3.0,0.4939,0.062200000000000005,0.056600000000000004,0.1041,0.11967237,1.17647645e-07,5.8526157e-06,0.4812,0.452,0.2531,0.1368,0.07250000000000001,0.157,0.38070000000000004,0.4526,-0.41713325867861145,-0.2519542994588093,0.12316034082106896,0.7762992267577773,0.8128032718702344,0.7762992267577773,-0.6518394648829432,0.5437079731027858,0.909967845659164,0.5404978269458712,3.145859872611465,0.43248175182481746,-0.3223560910307898,0.3223560910307898,-0.4689793195463642,-0.7694500000000001,-0.09002025,-2041795.0,3167475.0
5.0,0.3972,0.0669,0.058,0.0942,0.07645634,2.3455023e-07,3.985833e-06,0.4066,0.3885,0.1932,0.10830000000000001,0.06860000000000001,0.1384,0.31720000000000004,0.3871,-0.3444676409185804,-0.16945996275605216,0.08372827804107429,0.711700064641241,0.679158110882957,0.711700064641241,-0.6166056166056166,0.6157112526539278,0.866965620328849,0.5605590062111802,2.869942196531792,0.34827082318558206,-0.3455284552845528,0.3455284552845528,-0.44416243654822324,-0.5650250000000001,-0.05152376999999999,-2041725.0,3167485.0
5.0,0.3674,0.0687,0.057800000000000004,0.0782,0.08532937,7.615089e-08,5.362474e-06,0.3672,0.3861,0.1975,0.1255,0.06620000000000001,0.1781,0.3003,0.3546,-0.4327167210736308,-0.06466984343090543,0.067741935483871,0.68493464801651,0.6313052522100884,0.68493464801651,-0.6490125673249552,0.7391304347826086,0.8413391557496362,0.6354430379746835,2.0628860190903984,0.44327390599675853,-0.30076119667197737,0.30076119667197737,-0.37294155634484993,-0.5626749999999998,-0.04047636999999998,-2041745.0,3167435.0
3.0,0.4368,0.0688,0.0609,0.1005,0.10903495,9.114146e-08,5.4404713e-06,0.4227,0.45630000000000004,0.20700000000000002,0.11270000000000001,0.0745,0.1408,0.3309,0.3987,-0.3463414634146342,-0.18724158298877736,0.10044313146233379,0.7278481012658227,0.7346088954302331,0.7278481012658227,-0.6259073143495255,0.6059701492537314,0.8851744186046512,0.5444444444444444,3.102272727272727,0.3435114503816794,-0.3569431500465983,0.3569431500465983,-0.46554770318021205,-0.625375,-0.058744669999999985,-2041815.0,3167455.0
5.0,0.3895,0.10200000000000001,0.0687,0.10890000000000001,0.0750872,1.1580586e-07,3.4123361e-06,0.3937,0.3063,0.28240000000000004,0.2154,0.11510000000000001,0.2897,0.3632,0.3864,-0.4433938154868388,-0.03271692745376957,0.2524483133841132,0.5849440488301118,0.5865433137089991,0.5849440488301118,-0.5630016051364366,0.6308539944903581,0.6735294117647058,0.7627478753541076,1.3444943044528823,0.47919326014807245,-0.1593987200476261,0.1593987200476261,-0.18153687467766885,-0.6130500000000001,-0.03963003999999996,-2041845.0,3167365.0
5.0,0.3685,0.0582,0.050300000000000004,0.08320000000000001,0.09602281,8.100271e-08,6.206619e-06,0.40340000000000004,0.3413,0.2182,0.13240000000000002,0.09340000000000001,0.13820000000000002,0.3226,0.38330000000000003,-0.4479097544790976,-0.17680339462517683,0.2999304105775922,0.7272088118115774,0.6438509455779776,0.7272088118115774,-0.6316139030329865,0.6045673076923077,0.8642611683848798,0.6067827681026582,2.6664254703328507,0.4073319755600815,-0.2561786262144196,0.2561786262144196,-0.37446668854611087,-0.5886499999999999,-0.07697957,-2041835.0,3167375.0
5.0,0.3416,0.0601,0.0477,0.0745,0.0843421,1.2081266e-07,5.4997836e-06,0.379,0.36760000000000004,0.21710000000000002,0.1389,0.0654,0.1424,0.2934,0.3524,-0.48902606310013713,-0.10698365527488853,0.15649867374005305,0.700771720189196,0.590501692141768,0.700771720189196,-0.6419130016822879,0.640268456375839,0.7936772046589018,0.6397973284200829,2.398876404494382,0.4064197530864197,-0.22283873277250763,0.22283873277250763,-0.32347441781404046,-0.569375,-0.08044210999999997,-2041745.0,3167335.0
5.0,0.4312,0.051500000000000004,0.044000000000000004,0.07690000000000001,0.08145875,1.1286437e-07,4.379004e-06,0.4126,0.36710000000000004,0.1971,0.1159,0.0654,0.13870000000000002,0.32,0.3865,-0.43868613138686124,-0.19781931464174457,0.19561243144424129,0.7866169463434847,0.7279109346192029,0.7866169463434847,-0.6973036803778784,0.5721716514954486,0.854368932038835,0.5880263825469305,3.1088680605623646,0.45846477392218715,-0.3725927104886201,0.3725927104886201,-0.4789915966386554,-0.6772250000000001,-0.07209284999999999,-2041765.0,3167355.0
5.0,0.3327,0.0716,0.0599,0.0922,0.089955285,9.261966e-08,6.523676e-06,0.3448,0.3418,0.1932,0.12090000000000001,0.0927,0.1383,0.2777,0.3254,-0.35388927820602667,-0.12576312576312582,0.21494102228047182,0.6458075686371506,0.5789193100034271,0.6458075686371506,-0.5660155330666039,0.6496746203904555,0.8365921787709498,0.6257763975155279,2.405639913232104,0.31777036684135307,-0.26525955504848825,0.26525955504848825,-0.34199282173987355,-0.4682250000000001,-0.04758037999999999,-2041795.0,3167385.0
5.0,0.43760000000000004,0.044500000000000005,0.0391,0.0645,0.104349665,1.2297033e-07,5.3309254e-06,0.4642,0.3816,0.20120000000000002,0.101,0.0838,0.1208,0.35810000000000003,0.44,-0.5144900263455024,-0.18348623853211005,0.3637103336045565,0.8153909977183158,0.7436142700251532,0.8153909977183158,-0.7430790679147581,0.6062015503875969,0.8786516853932584,0.5019880715705766,3.622516556291391,0.46158499697519667,-0.37006887914840325,0.37006887914840325,-0.532304725168756,-0.7326,-0.08241129999999999,-2041795.0,3167345.0
5.0,0.4541,0.034800000000000005,0.0359,0.0658,0.08116937,8.718967e-08,3.944609e-06,0.49520000000000003,0.3502,0.1844,0.0881,0.06430000000000001,0.11850000000000001,0.385,0.47200000000000003,-0.47402078337330145,-0.30815109343936375,0.283433133732535,0.8576395991000204,0.7896171922649159,0.8576395991000204,-0.7468743989228697,0.5455927051671733,1.0316091954022988,0.47776572668112793,3.832067510548523,0.5459882583170254,-0.4223962411902897,0.4223962411902897,-0.5989557839778104,-0.7353250000000002,-0.07582187,-2041725.0,3167415.0
3.0,0.4978,0.059300000000000005,0.0543,0.1044,0.08633465,1.2857318e-07,3.439505e-06,0.5215000000000001,0.4022,0.3035,0.1552,0.058,0.1781,0.42510000000000003,0.48960000000000004,-0.4881098308408924,-0.27550397067806964,0.03294746215494213,0.7871118291150601,0.8194420437653404,0.7871118291150601,-0.6532713384257721,0.5201149425287356,0.9156829679595277,0.5113673805601319,2.7950589556428973,0.5004212299915755,-0.2424809684263073,0.2424809684263073,-0.44038612053222015,-0.8478500000000001,-0.11150750999999999,-2041815.0,3167505.0
3.0,0.37970000000000004,0.1109,0.0801,0.11860000000000001,0.095231466,2.0603537e-07,5.1613724e-06,0.4151,0.3544,0.22110000000000002,0.1272,0.0678,0.1472,0.3265,0.38780000000000003,-0.30173682661171625,-0.03355119825708066,-0.0831643002028398,0.5479005299633103,0.5804341053068856,0.5479005299633103,-0.5239815372265703,0.675379426644182,0.7222723174030659,0.5753052917232021,2.5794836956521743,0.14064316156528478,-0.26398135818908125,0.26398135818908125,-0.3176672875770168,-0.4927999999999999,-0.04396867999999998,-2041765.0,3167305.0
3.0,0.46480000000000005,0.08020000000000001,0.06770000000000001,0.1164,0.121133335,1.3171434e-07,5.4018064e-06,0.5094000000000001,0.45220000000000005,0.28290000000000004,0.1487,0.0722,0.17250000000000001,0.4101,0.4806,-0.4169797145003757,-0.18413021363173956,0.03216583273766969,0.7056880733944955,0.7521640883017556,0.7056880733944955,-0.5994494150034412,0.5816151202749141,0.8441396508728181,0.5256274301873453,2.6944927536231886,0.3652552433715868,-0.24327939012973118,0.24327939012973118,-0.3987391646966116,-0.7256750000000001,-0.08764857999999999,-2041815.0,3167475.0
3.0,0.4924,0.0579,0.052700000000000004,0.1027,0.09616602,1.2981295e-07,3.9534643e-06,0.5154,0.4531,0.30810000000000004,0.1579,0.0728,0.1756,0.4207,0.48260000000000003,-0.5,-0.27895392278953923,0.1601593625498008,0.7895693258222788,0.8120868090408778,0.7895693258222788,-0.6548479247185347,0.513145082765336,0.9101899827288429,0.5124959428756897,2.8041002277904328,0.50406852248394,-0.23023110555902557,0.23023110555902557,-0.43277697463530035,-0.851825,-0.11569845999999999,-2041815.0,3167495.0
3.0,0.4994,0.0634,0.0575,0.10790000000000001,0.0855959,1.2671947e-07,3.5313858e-06,0.5216000000000001,0.40240000000000004,0.3033,0.155,0.057800000000000004,0.17800000000000002,0.4252,0.48960000000000004,-0.4751945525291829,-0.2597781669585523,0.0026019080659150182,0.7746979388770434,0.8181284733008871,0.7746979388770434,-0.64465667709534,0.5329008341056534,0.9069400630914827,0.5110451697988789,2.80561797752809,0.47473073736536875,-0.24430048586022177,0.24430048586022177,-0.43660518508964274,-0.83805,-0.10883288999999999,-2041815.0,3167515.0
3.0,0.4511,0.1101,0.09720000000000001,0.1457,0.08768121,9.931028e-08,4.1520466e-06,0.42810000000000004,0.4091,0.24760000000000001,0.1369,0.062400000000000004,0.1877,0.35910000000000003,0.4057,-0.25908975336892964,-0.13917122752150113,-0.21804511278195488,0.6076265146115466,0.7359875605698994,0.6076265146115466,-0.5117292225201072,0.6671242278654771,0.8828337874659401,0.552907915993538,2.4033031433137984,0.2605775688381464,-0.2912551882066695,0.2912551882066695,-0.37885074814535397,-0.5523750000000001,-0.03250181999999998,-2041815.0,3167545.0
6.0,0.1369,0.08360000000000001,0.0753,0.0917,0.09176754,8.8557005e-07,1.07538835e-05,0.133,0.26730000000000004,0.09480000000000001,0.061200000000000004,0.0609,0.0898,0.1158,0.12510000000000002,-0.016621983914209146,-0.04620650313747858,-0.10572687224669605,0.24172335600907022,0.2408847497089639,0.24172335600907022,-0.19772528433945752,0.821155943293348,0.9007177033492823,0.6455696202531646,1.5244988864142537,0.03575547866205304,-0.18170047475183418,0.18170047475183418,-0.18879551820728288,-0.027700000000000058,0.02670212000000002,-2041825.0,3167575.0
6.0,0.2214,0.0786,0.0682,0.09050000000000001,0.08292169,3.190249e-07,6.398259e-06,0.2768,0.17270000000000002,0.16440000000000002,0.09430000000000001,0.0601,0.1227,0.21830000000000002,0.254,-0.28991761475088274,-0.07037256061502073,-0.06313328137178485,0.476,0.40194667795175615,0.476,-0.4196857967297211,0.7535911602209944,0.8676844783715012,0.5736009732360097,1.80440097799511,0.21907600596125185,-0.1477449455676516,0.1477449455676516,-0.2523243243243244,-0.26067499999999993,-0.018291420000000023,-2041845.0,3167515.0
3.0,0.2832,0.10700000000000001,0.08750000000000001,0.1143,0.077202,8.508265e-08,4.6968826e-06,0.325,0.2922,0.22310000000000002,0.1555,0.07250000000000001,0.16840000000000002,0.26930000000000004,0.3062,-0.3224659158269117,-0.0329868956168097,-0.09374999999999997,0.45156330087134805,0.4736199219827416,0.45156330087134805,-0.42490566037735844,0.7655293088363956,0.8177570093457944,0.6969968623935454,1.681710213776722,0.22294843863471314,-0.11870432549871615,0.11870432549871615,-0.1708780795957044,-0.34732499999999994,-0.038091149999999976,-2041695.0,3167305.0
3.0,0.3574,0.061700000000000005,0.0543,0.08700000000000001,0.09198211,1.2622475e-07,5.421125e-06,0.3517,0.3131,0.2225,0.1454,0.069,0.1496,0.29510000000000003,0.33540000000000003,-0.4378029079159936,-0.17014122394082046,0.11922141119221415,0.7055595323311857,0.6299844738137615,0.7055595323311857,-0.6084608460846084,0.6241379310344827,0.880064829821718,0.6534831460674158,2.38903743315508,0.41599621391386654,-0.23262631488187618,0.23262631488187618,-0.3306399482870071,-0.5617,-0.07459032999999998,-2041715.0,3167325.0
3.0,0.368,0.08370000000000001,0.07100000000000001,0.10840000000000001,0.07794276,1.5101432e-07,4.9297773e-06,0.3261,0.40700000000000003,0.19540000000000002,0.1121,0.06280000000000001,0.1441,0.26830000000000004,0.30870000000000003,-0.2863726135615537,-0.12857886517438832,-0.06128550074738413,0.6294000442771751,0.6251775435448905,0.6294000442771751,-0.5449202350965575,0.6549815498154982,0.8482676224611708,0.5736949846468782,2.5537820957668282,0.2651448639157155,-0.30635427760028394,0.30635427760028394,-0.3831127914303717,-0.47507499999999997,-0.03419474999999998,-2041825.0,3167535.0
6.0,0.2636,0.0776,0.0644,0.09240000000000001,0.080693685,1.9887388e-07,5.863606e-06,0.2806,0.169,0.1678,0.09720000000000001,0.058,0.125,0.2222,0.25520000000000004,-0.2897770945426595,-0.0870588235294118,-0.052287581699346365,0.5451348182883939,0.46653827636013484,0.5451348182883939,-0.48089887640449436,0.6969696969696969,0.8298969072164948,0.5792610250297974,2.1088,0.23395853899308983,-0.22206768660176168,0.22206768660176168,-0.3046937151949085,-0.32739999999999997,-0.02390624000000001,-2041855.0,3167505.0
3.0,0.37970000000000004,0.1109,0.0801,0.11860000000000001,0.095231466,2.0603537e-07,5.1613724e-06,0.4151,0.3544,0.22110000000000002,0.1272,0.0678,0.1472,0.3265,0.38780000000000003,-0.30173682661171625,-0.03355119825708066,-0.0831643002028398,0.5479005299633103,0.5804341053068856,0.5479005299633103,-0.5239815372265703,0.675379426644182,0.7222723174030659,0.5753052917232021,2.5794836956521743,0.14064316156528478,-0.26398135818908125,0.26398135818908125,-0.3176672875770168,-0.4927999999999999,-0.04396867999999998,-2041765.0,3167305.0
3.0,0.3556,0.0637,0.051500000000000004,0.0898,0.12226421,1.5058517e-07,6.708066e-06,0.3744,0.3704,0.2464,0.16040000000000001,0.06720000000000001,0.1686,0.3024,0.3472,-0.4657941701368234,-0.17003257328990223,0.1322662173546757,0.6961602671118532,0.610632237061152,0.6961602671118532,-0.5967669510552314,0.5734966592427617,0.8084772370486656,0.650974025974026,2.1091340450771057,0.4515712440809298,-0.1813953488372093,0.1813953488372093,-0.2899239543726236,-0.5869000000000001,-0.08376086999999999,-2041735.0,3167365.0
3.0,0.4186,0.0901,0.0818,0.1274,0.09267601,8.1109995e-08,3.9811716e-06,0.5134000000000001,0.4555,0.2992,0.16290000000000002,0.07390000000000001,0.1888,0.42410000000000003,0.48460000000000003,-0.4027191748710736,-0.17149425287356326,-0.05073859987154779,0.6457637114212699,0.7107081816155161,0.6457637114212699,-0.5333333333333333,0.6420722135007848,0.9078801331853495,0.544451871657754,2.2171610169491527,0.3538902832556472,-0.16634159933129006,0.16634159933129006,-0.3283780196442793,-0.6356750000000001,-0.08034972000000001,-2041825.0,3167465.0
3.0,0.501,0.06670000000000001,0.059800000000000006,0.1124,0.081824854,1.07789035e-07,3.413289e-06,0.5412,0.4535,0.3119,0.15910000000000002,0.0741,0.1827,0.4465,0.5135000000000001,-0.4701861890172048,-0.2551647124511445,0.10679611650485431,0.7650167341905937,0.8162731465546913,0.7650167341905937,-0.6335180958591458,0.5320284697508897,0.896551724137931,0.5100993908303944,2.742200328407225,0.4651162790697674,-0.23262393898388486,0.23262393898388486,-0.4258835494533435,-0.8387749999999998,-0.10841005000000004,-2041835.0,3167485.0
3.0,0.4315,0.0634,0.054400000000000004,0.09570000000000001,0.071035296,1.9306837e-07,4.0041214e-06,0.3241,0.40040000000000003,0.18780000000000002,0.1047,0.0587,0.13720000000000002,0.265,0.3043,-0.32486772486772486,-0.20301697045883096,0.03801945181255524,0.7437866235603152,0.7232352731676045,0.7437866235603152,-0.6369499241274659,0.5684430512016719,0.858044164037855,0.5575079872204473,3.1450437317784252,0.3678963110667997,-0.39350880025835616,0.39350880025835616,-0.48593272171253815,-0.6091249999999999,-0.04823399999999998,-2041825.0,3167525.0
3.0,0.44780000000000003,0.0684,0.0585,0.1037,0.118174054,1.4820695e-07,4.7255085e-06,0.4985,0.45320000000000005,0.29710000000000003,0.153,0.0753,0.1706,0.4058,0.4682,-0.48253493013972054,-0.2051133062173155,0.12556053811659196,0.7349864393645874,0.7404980802423474,0.7349864393645874,-0.6239347234814143,0.5641272902603665,0.8552631578947368,0.5149781218444968,2.6248534583821805,0.4276150627615063,-0.20230903476976772,0.20230903476976772,-0.391507489350007,-0.7613500000000002,-0.10277513,-2041785.0,3167495.0
3.0,0.445,0.0874,0.0704,0.1212,0.097765975,1.0997355e-07,4.7064573e-06,0.4651,0.40790000000000004,0.30160000000000003,0.1645,0.0634,0.2039,0.3855,0.43410000000000004,-0.4266792809839168,-0.162032598274209,-0.052316890881913346,0.6716754320060105,0.7111835715276815,0.6716754320060105,-0.5718827269516071,0.5808580858085809,0.8054919908466819,0.5454244031830239,2.1824423737126044,0.39993134225883964,-0.19207072060005353,0.19207072060005353,-0.3434119640297145,-0.7053750000000001,-0.07977797,-2041795.0,3167535.0
3.0,0.2636,0.0776,0.0644,0.09240000000000001,0.080693685,1.9887388e-07,5.863606e-06,0.2806,0.169,0.1678,0.09720000000000001,0.058,0.125,0.2222,0.25520000000000004,-0.2897770945426595,-0.0870588235294118,-0.052287581699346365,0.5451348182883939,0.46653827636013484,0.5451348182883939,-0.48089887640449436,0.6969696969696969,0.8298969072164948,0.5792610250297974,2.1088,0.23395853899308983,-0.22206768660176168,0.22206768660176168,-0.3046937151949085,-0.32739999999999997,-0.02390624000000001,-2041855.0,3167505.0
3.0,0.4898,0.06430000000000001,0.058800000000000005,0.1096,0.07785887,1.3353228e-07,3.5625603e-06,0.48660000000000003,0.40540000000000004,0.2617,0.1363,0.058100000000000006,0.167,0.3941,0.4585,-0.40964179908429843,-0.26049453709028175,-0.005988023952095802,0.7679119292546471,0.8087271713369579,0.7679119292546471,-0.6343009676343009,0.5364963503649636,0.9144634525660964,0.5208253725640046,2.932934131736527,0.4440121054907047,-0.3035262807717898,0.3035262807717898,-0.46449546182594764,-0.760375,-0.08496758999999998,-2041835.0,3167505.0
3.0,0.4101,0.22510000000000002,0.17550000000000002,0.23070000000000002,0.09196908,1.0536313e-07,4.8022894e-06,0.369,0.3276,0.2657,0.20140000000000002,0.0901,0.25320000000000004,0.33480000000000004,0.364,-0.0705076551168412,-0.012286090390522144,-0.3215361445783133,0.2912468513853904,0.5539478694312714,0.2912468513853904,-0.2799625468164794,0.7607282184655397,0.7796534873389604,0.7579977418140761,1.6196682464454975,0.05874973865774621,-0.21367268422610244,0.21367268422610244,-0.15719790534532158,-0.21109999999999995,0.038431750000000056,-2041865.0,3167475.0
5.0,0.3437,0.0529,0.0454,0.0746,0.12281295,1.3090968e-07,7.0656083e-06,0.388,0.3865,0.19740000000000002,0.11950000000000001,0.0665,0.1481,0.314,0.3703,-0.4514705882352942,-0.17019607843137252,0.18856121537086684,0.7332324760463943,0.6105936695441467,0.7332324760463943,-0.643318192684676,0.6085790884718499,0.8582230623818525,0.605369807497467,2.3207292370020256,0.4736318407960199,-0.27037516170763254,0.27037516170763254,-0.3859305431878896,-0.549875,-0.05956053,-2041745.0,3167475.0
5.0,0.3734,0.07980000000000001,0.0697,0.09720000000000001,0.09907033,1.326084e-07,6.06414e-06,0.4181,0.3859,0.218,0.1296,0.0664,0.1476,0.32530000000000003,0.3945,-0.38324873096446693,-0.09830508474576269,-0.024246877296105786,0.6478375992939098,0.6421452480349017,0.6478375992939098,-0.5869103272418189,0.7170781893004115,0.8734335839598997,0.5944954128440366,2.529810298102981,0.29815303430079154,-0.26276631721339194,0.26276631721339194,-0.3581609195402299,-0.542,-0.060974819999999964,-2041765.0,3167465.0
5.0,0.3685,0.0582,0.050300000000000004,0.08320000000000001,0.09602281,8.100271e-08,6.206619e-06,0.40340000000000004,0.3413,0.2182,0.13240000000000002,0.09340000000000001,0.13820000000000002,0.3226,0.38330000000000003,-0.4479097544790976,-0.17680339462517683,0.2999304105775922,0.7272088118115774,0.6438509455779776,0.7272088118115774,-0.6316139030329865,0.6045673076923077,0.8642611683848798,0.6067827681026582,2.6664254703328507,0.4073319755600815,-0.2561786262144196,0.2561786262144196,-0.37446668854611087,-0.5886499999999999,-0.07697957,-2041835.0,3167375.0
5.0,0.3568,0.1595,0.114,0.1621,0.07116491,8.739531e-08,3.4514314e-06,0.3942,0.3246,0.2554,0.1786,0.10740000000000001,0.22260000000000002,0.3366,0.37920000000000004,-0.22347305389221564,-0.008084577114427833,-0.029810298102981005,0.38214216540770873,0.5021250342747463,0.38214216540770873,-0.37521680477934094,0.7032695866748921,0.7147335423197493,0.6992952231793266,1.6028751123090745,0.16514001570269568,-0.1656321463573995,0.1656321463573995,-0.16404994436889603,-0.35440000000000016,-0.006377040000000035,-2041855.0,3167385.0
5.0,0.4067,0.0522,0.0458,0.07690000000000001,0.08306051,1.2005567e-07,5.2463492e-06,0.36010000000000003,0.3446,0.2001,0.12560000000000002,0.0926,0.1348,0.2871,0.33680000000000004,-0.44476534296028875,-0.19132455460883038,0.33815028901734107,0.7724994552190019,0.7007773902935194,0.7724994552190019,-0.6819685690653432,0.5955786736020805,0.8773946360153256,0.6276861569215393,3.0170623145400595,0.4417112299465241,-0.34047462096242587,0.34047462096242587,-0.43582421069332056,-0.6407499999999999,-0.07384519,-2041815.0,3167375.0
3.0,0.39730000000000004,0.061900000000000004,0.0522,0.08900000000000001,0.10114494,1.1335015e-07,5.8725e-06,0.42150000000000004,0.3506,0.23670000000000002,0.136,0.06670000000000001,0.149,0.3357,0.3951,-0.4534848019649984,-0.17958913187541423,0.12195121951219516,0.7304006968641115,0.6762634330525705,0.7304006968641115,-0.6339707999177462,0.5865168539325842,0.8432956381260097,0.574566962399662,2.666442953020135,0.4129919393077287,-0.2533123028391167,0.2533123028391167,-0.38863144887241274,-0.6423000000000001,-0.08254865,-2041735.0,3167255.0
3.0,0.3975,0.0665,0.054700000000000006,0.0915,0.10491643,1.5698672e-07,6.122341e-06,0.3688,0.3512,0.2328,0.1374,0.0673,0.14,0.2894,0.3416,-0.4357076780758557,-0.15822784810126578,0.10327868852459011,0.7133620689655172,0.6688908926961227,0.7133620689655172,-0.6257668711656443,0.5978142076502733,0.8225563909774436,0.5902061855670103,2.839285714285714,0.3559322033898305,-0.2613041408852927,0.2613041408852927,-0.3784484072549917,-0.62765,-0.08308938999999999,-2041745.0,3167265.0
3.0,0.3851,0.059500000000000004,0.049100000000000005,0.0877,0.07078337,1.7456114e-07,4.5515662e-06,0.3123,0.29000000000000004,0.2063,0.132,0.0716,0.1474,0.2639,0.3009,-0.40340136054421766,-0.1915760869565217,0.18641259320629652,0.7323436797121008,0.6574589656803872,0.7323436797121008,-0.6290186125211505,0.5598631698973775,0.8252100840336135,0.639844886088221,2.612618724559023,0.4248429192846786,-0.3023334460601961,0.3023334460601961,-0.3878855681636567,-0.58575,-0.06374481,-2041715.0,3167265.0
5.0,0.4525,0.040600000000000004,0.0393,0.06670000000000001,0.1374603,1.7024279e-07,7.2360194e-06,0.40080000000000005,0.3763,0.1794,0.0931,0.0833,0.1053,0.3141,0.37520000000000003,-0.4579439252336448,-0.24324324324324328,0.3588907014681892,0.8353275197728655,0.7782852249616442,0.8353275197728655,-0.7430662557781202,0.5892053973013492,0.9679802955665024,0.5189520624303233,4.297245963912631,0.4434544208361892,-0.4321886374426333,0.4321886374426333,-0.5725019984012789,-0.7185250000000001,-0.07636672000000003,-2041805.0,3167325.0
5.0,0.4627,0.0328,0.0286,0.0557,0.11193821,1.0724961e-07,5.7958996e-06,0.4364,0.3645,0.1948,0.10450000000000001,0.0641,0.1188,0.331,0.4097,-0.5552894211576846,-0.25875706214689265,0.3829557713052859,0.8676084762865792,0.7778200692041524,0.8676084762865792,-0.7851080246913581,0.5134649910233393,0.871951219512195,0.5364476386036962,3.894781144781145,0.567282321899736,-0.40745247148288977,0.40745247148288977,-0.5631562201718103,-0.7922750000000001,-0.09349653000000001,-2041775.0,3167335.0
3.0,0.47340000000000004,0.079,0.0651,0.11470000000000001,0.08140515,1.3719499e-07,3.570803e-06,0.5169,0.40850000000000003,0.3069,0.1587,0.0616,0.18330000000000002,0.4224,0.4843,-0.4558823529411764,-0.18430562725864744,-0.027624309392265217,0.713975380159305,0.7569475379501766,0.713975380159305,-0.609930283965312,0.5675675675675675,0.8240506329113925,0.5171065493646139,2.5826513911620292,0.39763629431948155,-0.2133794694348328,0.2133794694348328,-0.38752898737438807,-0.7789250000000001,-0.09922040999999998,-2041805.0,3167515.0
3.0,0.3371,0.0811,0.068,0.0974,0.08654547,2.0806193e-07,6.194325e-06,0.328,0.3502,0.1956,0.1267,0.0668,0.1436,0.268,0.3098,-0.33515358361774744,-0.09131652661064424,-0.00890207715133536,0.6121472979435677,0.5797746821953261,0.6121472979435677,-0.551668584579977,0.6981519507186859,0.8384710234278668,0.6477505112474438,2.347493036211699,0.2781486426346239,-0.2656279331706402,0.2656279331706402,-0.3219122205906347,-0.4558749999999999,-0.04456133000000002,-2041775.0,3167375.0
3.0,0.5044000000000001,0.0623,0.0592,0.108,0.13016215,9.930134e-08,5.6887848e-06,0.5106,0.4535,0.28300000000000003,0.1486,0.0722,0.17170000000000002,0.41090000000000004,0.4822,-0.4475703324808185,-0.26834997064004695,0.09893455098934548,0.780130580554085,0.8357969599776879,0.780130580554085,-0.6472893533638145,0.5481481481481482,0.9502407704654896,0.5250883392226148,2.937682003494467,0.4675213675213676,-0.28117856235712474,0.28117856235712474,-0.4553905745642351,-0.8147500000000002,-0.10031959,-2041805.0,3167465.0
3.0,0.49660000000000004,0.0682,0.0616,0.1116,0.13106203,1.2635589e-07,5.6032695e-06,0.5098,0.4525,0.28290000000000004,0.1487,0.0719,0.17170000000000002,0.41000000000000003,0.4813,-0.43422053231939167,-0.2413793103448276,0.07715355805243448,0.7584985835694051,0.812647181050007,0.7584985835694051,-0.6330154554422887,0.5519713261648745,0.903225806451613,0.5256274301873453,2.8922539312754805,0.4314297624010005,-0.2741500962155227,0.2741500962155227,-0.4403302799638757,-0.7914750000000002,-0.09658956000000002,-2041805.0,3167475.0
3.0,0.442,0.061700000000000005,0.054400000000000004,0.0949,0.12429403,1.0484457e-07,6.0167317e-06,0.48140000000000005,0.452,0.25370000000000004,0.13720000000000002,0.0729,0.1577,0.38120000000000004,0.4529,-0.455536431440046,-0.21200510855683263,0.1453260015710919,0.7550129045066507,0.7429853297251103,0.7550129045066507,-0.6464891041162227,0.5732349841938884,0.8816855753646677,0.5407962160031533,2.8027901077996193,0.43755697356426615,-0.27066264194336637,0.27066264194336637,-0.4278728606356968,-0.7176,-0.08889388000000002,-2041785.0,3167475.0
3.0,0.4939,0.062200000000000005,0.056600000000000004,0.1041,0.11967237,1.17647645e-07,5.8526157e-06,0.4812,0.452,0.2531,0.1368,0.07250000000000001,0.157,0.38070000000000004,0.4526,-0.41713325867861145,-0.2519542994588093,0.12316034082106896,0.7762992267577773,0.8128032718702344,0.7762992267577773,-0.6518394648829432,0.5437079731027858,0.909967845659164,0.5404978269458712,3.145859872611465,0.43248175182481746,-0.3223560910307898,0.3223560910307898,-0.4689793195463642,-0.7694500000000001,-0.09002025,-2041795.0,3167475.0
3.0,0.4924,0.0579,0.052700000000000004,0.1027,0.09616602,1.2981295e-07,3.9534643e-06,0.5154,0.4531,0.30810000000000004,0.1579,0.0728,0.1756,0.4207,0.48260000000000003,-0.5,-0.27895392278953923,0.1601593625498008,0.7895693258222788,0.8120868090408778,0.7895693258222788,-0.6548479247185347,0.513145082765336,0.9101899827288429,0.5124959428756897,2.8041002277904328,0.50406852248394,-0.23023110555902557,0.23023110555902557,-0.43277697463530035,-0.851825,-0.11569845999999999,-2041815.0,3167495.0
3.0,0.4978,0.059300000000000005,0.0543,0.1044,0.08633465,1.2857318e-07,3.439505e-06,0.5215000000000001,0.4022,0.3035,0.1552,0.058,0.1781,0.42510000000000003,0.48960000000000004,-0.4881098308408924,-0.27550397067806964,0.03294746215494213,0.7871118291150601,0.8194420437653404,0.7871118291150601,-0.6532713384257721,0.5201149425287356,0.9156829679595277,0.5113673805601319,2.7950589556428973,0.5004212299915755,-0.2424809684263073,0.2424809684263073,-0.44038612053222015,-0.8478500000000001,-0.11150750999999999,-2041815.0,3167505.0
3.0,0.47340000000000004,0.079,0.0651,0.11470000000000001,0.08140515,1.3719499e-07,3.570803e-06,0.5169,0.40850000000000003,0.3069,0.1587,0.0616,0.18330000000000002,0.4224,0.4843,-0.4558823529411764,-0.18430562725864744,-0.027624309392265217,0.713975380159305,0.7569475379501766,0.713975380159305,-0.609930283965312,0.5675675675675675,0.8240506329113925,0.5171065493646139,2.5826513911620292,0.39763629431948155,-0.2133794694348328,0.2133794694348328,-0.38752898737438807,-0.7789250000000001,-0.09922040999999998,-2041805.0,3167515.0
3.0,0.44920000000000004,0.0886,0.0695,0.1187,0.09907188,1.2478232e-07,4.761016e-06,0.46530000000000005,0.40800000000000003,0.3014,0.16440000000000002,0.0636,0.2039,0.3856,0.4343,-0.4348964532254225,-0.14520019295706707,-0.04432757325319311,0.6705094830792115,0.7087115891884486,0.6705094830792115,-0.581968656453601,0.5855096882898063,0.7844243792325057,0.5454545454545455,2.2030407062285438,0.3941880341880342,-0.19690913935518256,0.19690913935518256,-0.34430478165090067,-0.7185500000000002,-0.08043517,-2041795.0,3167525.0
3.0,0.5099,0.0631,0.0582,0.1116,0.08499354,1.1950135e-07,3.5494052e-06,0.5442,0.45470000000000005,0.3124,0.1592,0.07350000000000001,0.1821,0.4484,0.5168,-0.4735849056603773,-0.2776187750429307,0.11617312072892944,0.7797556719022687,0.8344696969696971,0.7797556719022687,-0.6408688656476267,0.521505376344086,0.9223454833597464,0.5096030729833547,2.800109829763866,0.4853181076672104,-0.24017998297458348,0.24017998297458348,-0.43750000000000006,-0.8564499999999998,-0.11144689999999997,-2041835.0,3167495.0
3.0,0.5099,0.0631,0.0582,0.1116,0.08499354,1.1950135e-07,3.5494052e-06,0.5442,0.45470000000000005,0.3124,0.1592,0.07350000000000001,0.1821,0.4484,0.5168,-0.4735849056603773,-0.2776187750429307,0.11617312072892944,0.7797556719022687,0.8344696969696971,0.7797556719022687,-0.6408688656476267,0.521505376344086,0.9223454833597464,0.5096030729833547,2.800109829763866,0.4853181076672104,-0.24017998297458348,0.24017998297458348,-0.43750000000000006,-0.8564499999999998,-0.11144689999999997,-2041835.0,3167495.0
3.0,0.5099,0.0631,0.0582,0.1116,0.08499354,1.1950135e-07,3.5494052e-06,0.5442,0.45470000000000005,0.3124,0.1592,0.07350000000000001,0.1821,0.4484,0.5168,-0.4735849056603773,-0.2776187750429307,0.11617312072892944,0.7797556719022687,0.8344696969696971,0.7797556719022687,-0.6408688656476267,0.521505376344086,0.9223454833597464,0.5096030729833547,2.800109829763866,0.4853181076672104,-0.24017998297458348,0.24017998297458348,-0.43750000000000006,-0.8564499999999998,-0.11144689999999997,-2041835.0,3167495.0
5.0,0.4223,0.043000000000000003,0.040100000000000004,0.0731,0.06290603,1.0755658e-07,3.8968356e-06,0.4073,0.388,0.1923,0.1075,0.0678,0.1368,0.3163,0.386,-0.4491333835719669,-0.2592592592592592,0.2567191844300278,0.8151730066623685,0.7341161973107173,0.8151730066623685,-0.7048849414614453,0.5485636114911081,0.9325581395348838,0.5590223608944358,3.086988304093567,0.521690767519466,-0.3742271396029938,0.3742271396029938,-0.5088921520639583,-0.6721750000000001,-0.06954871999999998,-2041735.0,3167485.0
5.0,0.38380000000000003,0.0727,0.0599,0.0949,0.09303054,1.4708041e-07,5.3404974e-06,0.3916,0.45370000000000005,0.18810000000000002,0.10990000000000001,0.0728,0.1438,0.3131,0.3753,-0.32932862190812723,-0.13245823389021477,0.09721175584024115,0.6814895947426068,0.6469451030457778,0.6814895947426068,-0.6035095049091289,0.6311907270811381,0.8239339752407153,0.5842636895268475,2.6689847009735743,0.3284064665127021,-0.3421926910299003,0.3421926910299003,-0.41689286284528176,-0.5332250000000001,-0.04238180999999996,-2041785.0,3167455.0
5.0,0.3698,0.059000000000000004,0.0507,0.07980000000000001,0.09362064,8.614063e-08,5.1683255e-06,0.4228,0.45680000000000004,0.20720000000000002,0.1125,0.0741,0.1405,0.33130000000000004,0.3985,-0.44390243902439025,-0.14985590778097987,0.18749999999999997,0.7248134328358209,0.6441889025343307,0.7248134328358209,-0.6450177935943061,0.6353383458646616,0.8593220338983051,0.542953667953668,2.6320284697508893,0.40852130325814545,-0.2818024263431542,0.2818024263431542,-0.4206081081081081,-0.5871750000000002,-0.06365128,-2041815.0,3167445.0
5.0,0.3473,0.056,0.0489,0.0763,0.08943076,7.8129766e-08,5.3647104e-06,0.39130000000000004,0.4535,0.18760000000000002,0.10980000000000001,0.0728,0.14350000000000002,0.31270000000000003,0.375,-0.4217506631299735,-0.1534391534391535,0.19638455217748566,0.7222910984378874,0.61695340093426,0.7222910984378874,-0.6397544853635506,0.6408912188728701,0.8732142857142857,0.5852878464818764,2.420209059233449,0.43859649122807026,-0.2985604785941297,0.2985604785941297,-0.40996441281138785,-0.5352500000000001,-0.05119039999999996,-2041795.0,3167445.0
5.0,0.3749,0.09230000000000001,0.0668,0.1136,0.11176389,1.2245178e-07,5.455964e-06,0.3734,0.328,0.23720000000000002,0.1768,0.11,0.22540000000000002,0.3352,0.3698,-0.35233751425313575,-0.10344827586206895,0.24434389140271492,0.6048801369863014,0.5918260138684597,0.6048801369863014,-0.5349027635619241,0.5880281690140845,0.723726977248104,0.7453625632377741,1.663265306122449,0.41894869373622906,-0.22496324130044104,0.22496324130044104,-0.24282498593134494,-0.5231500000000001,-0.035753389999999996,-2041855.0,3167425.0
5.0,0.3947,0.053700000000000005,0.0461,0.0785,0.118491866,6.9367886e-08,6.133183e-06,0.4081,0.3446,0.21780000000000002,0.13090000000000002,0.09380000000000001,0.1376,0.32680000000000003,0.3866,-0.47013162335470815,-0.18759455370650524,0.3409578270192995,0.7604817127564674,0.6804871822922365,0.7604817127564674,-0.6682163989856297,0.5872611464968153,0.8584729981378025,0.601010101010101,2.8684593023255816,0.4385781495033978,-0.2888163265306122,0.2888163265306122,-0.40965781899584264,-0.643675,-0.08172815,-2041825.0,3167385.0
5.0,0.4131,0.042800000000000005,0.037700000000000004,0.0659,0.09290149,7.5405836e-08,5.43844e-06,0.4031,0.3805,0.19640000000000002,0.1078,0.0844,0.1246,0.31720000000000004,0.3808,-0.4975219214639725,-0.21251149954001836,0.3824733824733824,0.8122395262118886,0.7136574991889846,0.8122395262118886,-0.7248434237995824,0.5720789074355084,0.8808411214953271,0.5488798370672098,3.3154093097913324,0.4886499402628435,-0.35553732567678425,0.35553732567678425,-0.49916860658463585,-0.68485,-0.07771258999999997,-2041795.0,3167355.0
5.0,0.3895,0.10200000000000001,0.0687,0.10890000000000001,0.0750872,1.1580586e-07,3.4123361e-06,0.3937,0.3063,0.28240000000000004,0.2154,0.11510000000000001,0.2897,0.3632,0.3864,-0.4433938154868388,-0.03271692745376957,0.2524483133841132,0.5849440488301118,0.5865433137089991,0.5849440488301118,-0.5630016051364366,0.6308539944903581,0.6735294117647058,0.7627478753541076,1.3444943044528823,0.47919326014807245,-0.1593987200476261,0.1593987200476261,-0.18153687467766885,-0.6130500000000001,-0.03963003999999996,-2041845.0,3167365.0
3.0,0.338,0.0582,0.0516,0.08460000000000001,0.099334046,1.3071895e-07,6.0146854e-06,0.37370000000000003,0.37020000000000003,0.2456,0.1595,0.0671,0.1681,0.3019,0.34640000000000004,-0.48758328285887337,-0.18487394957983197,0.13058129738837412,0.7062089853609289,0.6051376711275189,0.7062089853609289,-0.599621391386654,0.6099290780141844,0.8865979381443299,0.6494299674267101,2.0107079119571685,0.4856385329209014,-0.15832762165867034,0.15832762165867034,-0.2830561501728964,-0.572425,-0.08488679000000002,-2041725.0,3167365.0
3.0,0.338,0.0582,0.0516,0.08460000000000001,0.099334046,1.3071895e-07,6.0146854e-06,0.37370000000000003,0.37020000000000003,0.2456,0.1595,0.0671,0.1681,0.3019,0.34640000000000004,-0.48758328285887337,-0.18487394957983197,0.13058129738837412,0.7062089853609289,0.6051376711275189,0.7062089853609289,-0.599621391386654,0.6099290780141844,0.8865979381443299,0.6494299674267101,2.0107079119571685,0.4856385329209014,-0.15832762165867034,0.15832762165867034,-0.2830561501728964,-0.572425,-0.08488679000000002,-2041725.0,3167365.0
3.0,0.35960000000000003,0.0502,0.0456,0.07690000000000001,0.07280752,1.5406609e-07,4.670163e-06,0.33640000000000003,0.3391,0.17900000000000002,0.1057,0.08660000000000001,0.12610000000000002,0.2657,0.3155,-0.39898397811645175,-0.21007081038552325,0.31013615733736766,0.7550024402147388,0.6436154079466182,0.7550024402147388,-0.647651775486827,0.5929778933680103,0.9083665338645418,0.5905027932960893,2.8517049960348926,0.43051616562677264,-0.33531377645748234,0.33531377645748234,-0.44430582783817496,-0.543625,-0.05560981999999999,-2041715.0,3167375.0
3.0,0.34240000000000004,0.10490000000000001,0.0898,0.12300000000000001,0.1029363,1.2997388e-07,5.9147474e-06,0.3687,0.366,0.24300000000000002,0.15810000000000002,0.06670000000000001,0.16590000000000002,0.29760000000000003,0.3416,-0.32786885245901637,-0.0794207985958754,-0.14760383386581463,0.5309635591325733,0.5785257644612185,0.5309635591325733,-0.4714224323162871,0.7300813008130081,0.8560533841754051,0.6506172839506174,2.063893911995178,0.22525849335302808,-0.16979842842500856,0.16979842842500856,-0.24338319907940162,-0.44127500000000003,-0.05417567999999999,-2041725.0,3167355.0
5.0,0.31020000000000003,0.1058,0.08020000000000001,0.1163,0.06870457,1.8687545e-07,4.6458536e-06,0.2676,0.3261,0.1696,0.11910000000000001,0.0915,0.1511,0.23440000000000003,0.2602,-0.186428821266177,-0.04727600180099052,0.06581246359930104,0.4913461538461539,0.4984741347227391,0.4913461538461539,-0.45463071512309494,0.6895958727429063,0.7580340264650284,0.7022405660377359,2.052945069490404,0.17633320358116,-0.29303876615256363,0.29303876615256363,-0.26897448399154883,-0.318975,-0.0036899899999999833,-2041895.0,3167455.0
5.0,0.27940000000000004,0.1507,0.1218,0.1575,0.08325823,1.4132857e-07,5.499932e-06,0.2684,0.3269,0.17020000000000002,0.11960000000000001,0.092,0.1516,0.23470000000000002,0.26080000000000003,-0.038754958803784004,-0.022063595068137574,-0.13938260056127225,0.29923273657289007,0.43130462168333217,0.29923273657289007,-0.27901121538109414,0.7733333333333333,0.8082282680822828,0.7027027027027027,1.8430079155672825,0.0029771749917301086,-0.2428825622775801,0.2428825622775801,-0.19493670886075962,-0.12895000000000012,0.02950626999999998,-2041885.0,3167445.0
5.0,0.3095,0.07830000000000001,0.061200000000000004,0.09000000000000001,0.09630829,1.1954903e-07,7.1091918e-06,0.30260000000000004,0.3119,0.2255,0.163,0.1192,0.17900000000000002,0.2626,0.2942,-0.4294770206022187,-0.06951871657754012,0.32150776053215074,0.596183599793708,0.5267363477997424,0.596183599793708,-0.5494367959949936,0.6799999999999999,0.7816091954022988,0.7228381374722839,1.7290502793296088,0.3913719393703848,-0.1570093457943925,0.1570093457943925,-0.21143790849673202,-0.47555000000000003,-0.05377586999999998,-2041895.0,3167365.0
5.0,0.3356,0.0876,0.06620000000000001,0.0988,0.09319167,1.4775395e-07,6.0523503e-06,0.28040000000000004,0.31010000000000004,0.23470000000000002,0.18330000000000002,0.11670000000000001,0.19190000000000002,0.2444,0.266,-0.407496251874063,-0.06008583690987125,0.2761071623838163,0.5860113421550094,0.5505972008500036,0.5860113421550094,-0.5451197053406999,0.6700404858299596,0.7557077625570777,0.7809970174691095,1.7488275143303804,0.37316636851520574,-0.17692442574083814,0.17692442574083814,-0.19458896982310095,-0.496425,-0.05775297,-2041885.0,3167325.0
5.0,0.27640000000000003,0.0956,0.08420000000000001,0.0981,0.10498942,2.1926164e-07,6.652147e-06,0.2979,0.3763,0.2059,0.1452,0.0863,0.1542,0.2536,0.2866,-0.3546052631578947,-0.012906556530717615,0.01231671554252194,0.4860215053763441,0.4886335658596635,0.4860215053763441,-0.4761014686248331,0.8583078491335373,0.8807531380753139,0.7051966974259349,1.7924773022049287,0.23458767013610887,-0.14617458013684434,0.14617458013684434,-0.19920186232125042,-0.35770000000000013,-0.038285579999999986,-2041825.0,3167325.0
5.0,0.3078,0.0412,0.037000000000000005,0.0592,0.14314781,2.432823e-07,8.333096e-06,0.4007,0.37570000000000003,0.1809,0.09480000000000001,0.08460000000000001,0.10700000000000001,0.3138,0.375,-0.506872136609746,-0.17928286852589642,0.3914473684210526,0.7638968481375358,0.5700978473581213,0.7638968481375358,-0.6773841961852861,0.6250000000000001,0.8980582524271846,0.5240464344941957,2.8766355140186914,0.4439946018893388,-0.2596685082872928,0.2596685082872928,-0.4342762063227953,-0.5243499999999999,-0.06752617,-2041815.0,3167315.0
5.0,0.4661,0.041600000000000005,0.0379,0.0685,0.15121779,1.6655922e-07,7.3762512e-06,0.41600000000000004,0.3462,0.186,0.091,0.06860000000000001,0.1092,0.3241,0.39180000000000004,-0.4616895874263261,-0.24432334241598547,0.2882629107981221,0.8361236950955288,0.7849732788431312,0.8361236950955288,-0.7437336326225216,0.5532846715328468,0.9110576923076923,0.489247311827957,4.268315018315018,0.4482758620689654,-0.42953534733936516,0.42953534733936516,-0.5834118755890669,-0.7462500000000001,-0.07797497,-2041785.0,3167305.0
3.0,0.37970000000000004,0.1109,0.0801,0.11860000000000001,0.095231466,2.0603537e-07,5.1613724e-06,0.4151,0.3544,0.22110000000000002,0.1272,0.0678,0.1472,0.3265,0.38780000000000003,-0.30173682661171625,-0.03355119825708066,-0.0831643002028398,0.5479005299633103,0.5804341053068856,0.5479005299633103,-0.5239815372265703,0.675379426644182,0.7222723174030659,0.5753052917232021,2.5794836956521743,0.14064316156528478,-0.26398135818908125,0.26398135818908125,-0.3176672875770168,-0.4927999999999999,-0.04396867999999998,-2041765.0,3167305.0
3.0,0.2958,0.0726,0.0613,0.0859,0.07382885,1.1455416e-07,4.5276447e-06,0.32280000000000003,0.3684,0.2124,0.1428,0.06520000000000001,0.1487,0.264,0.3062,-0.4240697284612806,-0.08391167192429026,0.03083003952569176,0.6058631921824105,0.524436755396532,0.6058631921824105,-0.5499083049515325,0.7136204889406286,0.8443526170798898,0.672316384180791,1.9892400806993948,0.3438770899231812,-0.1641086186540732,0.1641086186540732,-0.2475109170305677,-0.45055,-0.06105779,-2041725.0,3167325.0
3.0,0.37020000000000003,0.1453,0.13390000000000002,0.1562,0.1128987,1.1347532e-07,6.291805e-06,0.3693,0.3664,0.24330000000000002,0.1589,0.0675,0.16620000000000001,0.2978,0.3421,-0.21802252816020026,-0.03615257048092867,-0.3296921549155909,0.43627546071774975,0.6303373055948294,0.43627546071774975,-0.40653495440729487,0.8572343149807939,0.9215416379903648,0.6531031648170983,2.2274368231046933,0.06709470304975923,-0.20684596577017114,0.20684596577017114,-0.24730916738834585,-0.356125,-0.029110119999999982,-2041735.0,3167355.0
5.0,0.4319,0.0351,0.0339,0.0599,0.13301314,1.1949538e-07,7.857344e-06,0.44530000000000003,0.34900000000000003,0.1771,0.09190000000000001,0.0655,0.11800000000000001,0.3413,0.42500000000000004,-0.4945147679324894,-0.26105263157894737,0.3179074446680081,0.849678800856531,0.7524941473077615,0.849678800856531,-0.7564050427002846,0.5659432387312187,0.9658119658119658,0.5189158667419538,3.6601694915254237,0.5414761593729588,-0.4183908045977012,0.4183908045977012,-0.5715249662618084,-0.706875,-0.07430292999999999,-2041755.0,3167415.0
3.0,0.4168,0.0855,0.0786,0.11230000000000001,0.09591182,1.4124512e-07,5.602012e-06,0.3879,0.3869,0.19690000000000002,0.11910000000000001,0.066,0.1479,0.3143,0.3705,-0.27360931435963776,-0.13549039433771487,-0.08713692946058091,0.6595659964164842,0.713646198612251,0.6595659964164842,-0.5755055755055755,0.6999109528049866,0.9192982456140351,0.6048755713560183,2.8181203515889113,0.26735218508997427,-0.3583183966107218,0.3583183966107218,-0.4154285714285715,-0.5314249999999999,-0.04001197000000002,-2041755.0,3167465.0
3.0,0.4186,0.0901,0.0818,0.1274,0.09267601,8.1109995e-08,3.9811716e-06,0.5134000000000001,0.4555,0.2992,0.16290000000000002,0.07390000000000001,0.1888,0.42410000000000003,0.48460000000000003,-0.4027191748710736,-0.17149425287356326,-0.05073859987154779,0.6457637114212699,0.7107081816155161,0.6457637114212699,-0.5333333333333333,0.6420722135007848,0.9078801331853495,0.544451871657754,2.2171610169491527,0.3538902832556472,-0.16634159933129006,0.16634159933129006,-0.3283780196442793,-0.6356750000000001,-0.08034972000000001,-2041825.0,3167465.0
3.0,0.4978,0.059300000000000005,0.0543,0.1044,0.08633465,1.2857318e-07,3.439505e-06,0.5215000000000001,0.4022,0.3035,0.1552,0.058,0.1781,0.42510000000000003,0.48960000000000004,-0.4881098308408924,-0.27550397067806964,0.03294746215494213,0.7871118291150601,0.8194420437653404,0.7871118291150601,-0.6532713384257721,0.5201149425287356,0.9156829679595277,0.5113673805601319,2.7950589556428973,0.5004212299915755,-0.2424809684263073,0.2424809684263073,-0.44038612053222015,-0.8478500000000001,-0.11150750999999999,-2041815.0,3167505.0
3.0,0.4461,0.0979,0.0864,0.1346,0.089294285,9.161532e-08,4.2962274e-06,0.4288,0.40900000000000003,0.24780000000000002,0.137,0.0627,0.1879,0.3594,0.4062,-0.2960251046025105,-0.1578494623655914,-0.158953722334004,0.6400735294117647,0.7342836521111512,0.6400735294117647,-0.5364215601859824,0.6419019316493314,0.8825331971399387,0.552865213882163,2.3741351782863225,0.3149055283414976,-0.2857760484219628,0.2857760484219628,-0.3878029710711493,-0.5836999999999997,-0.0404964,-2041805.0,3167545.0
6.0,0.08420000000000001,0.0713,0.067,0.0804,0.096490204,6.433755e-07,9.148419e-06,0.19890000000000002,0.40850000000000003,0.1369,0.0881,0.06380000000000001,0.12150000000000001,0.1689,0.1913,-0.26000920386562354,-0.05998681608437704,-0.024464831804281297,0.08295819935691323,0.13789004457652304,0.08295819935691323,-0.023086269744836033,0.8333333333333334,0.9396914446002805,0.6435354273192111,0.6930041152263374,0.2603734439834025,0.23835368611488006,-0.23835368611488006,0.02640051513200253,-0.04162499999999997,0.005813610000000021,-2041835.0,3167555.0
6.0,0.1076,0.0748,0.0689,0.0829,0.090923786,1.0438323e-06,1.4924973e-05,0.07680000000000001,0.1703,0.069,0.0459,0.0599,0.06720000000000001,0.0683,0.0766,0.09150757077024355,-0.05136334812935952,-0.06987577639751553,0.17982456140350875,0.18679363247246672,0.17982456140350875,-0.12965879265091862,0.8311218335343787,0.9211229946524064,0.6652173913043479,1.601190476190476,-0.053521126760563344,-0.21857304643261605,0.21857304643261605,-0.18775235531628529,0.022724999999999995,0.031326370000000006,-2041845.0,3167525.0
3.0,0.4061,0.2511,0.196,0.255,0.067467146,9.5945595e-08,3.2203177e-06,0.39480000000000004,0.3254,0.2442,0.16620000000000001,0.0896,0.22790000000000002,0.3544,0.3956,0.021634615384615394,-0.007705986959099021,-0.37254901960784315,0.23584905660377362,0.5296665973521868,0.23584905660377362,-0.2285584631674482,0.7686274509803922,0.7805655117483075,0.6805896805896806,1.7819218955682317,-0.048434237995824574,-0.24896201753037062,0.24896201753037062,-0.18128310771041795,-0.10040000000000004,0.07050637000000001,-2041875.0,3167485.0
5.0,0.2761,0.0847,0.0678,0.0888,0.09553286,1.3717413e-07,7.0165297e-06,0.2773,0.30810000000000004,0.23170000000000002,0.1812,0.11720000000000001,0.1905,0.2424,0.2629,-0.4458658346333854,-0.023631123919308397,0.2670270270270271,0.5304878048780488,0.47464336102837434,0.5304878048780488,-0.5132913126884079,0.7635135135135135,0.8004722550177096,0.7820457488131204,1.4493438320209975,0.38444767441860467,-0.0874359984245766,0.0874359984245766,-0.12791079042308948,-0.42660000000000003,-0.05458327,-2041885.0,3167315.0
5.0,0.2725,0.12710000000000002,0.10540000000000001,0.12710000000000002,0.095300496,1.4198422e-07,6.698433e-06,0.2649,0.2859,0.233,0.18530000000000002,0.10600000000000001,0.18130000000000002,0.226,0.2492,-0.2940849763954457,0.0,0.002838221381267754,0.3638638638638638,0.4452434517113932,0.3638638638638638,-0.3638638638638638,0.8292682926829268,0.8292682926829268,0.7952789699570816,1.5030336458907887,0.17574578469520102,-0.07814045499505441,0.07814045499505441,-0.0948862813269593,-0.2887750000000001,-0.03436573999999999,-2041875.0,3167305.0
5.0,0.3133,0.10830000000000001,0.0796,0.1131,0.09701676,1.5808344e-07,5.489742e-06,0.30210000000000004,0.3111,0.24250000000000002,0.1794,0.11800000000000001,0.1966,0.2614,0.2872,-0.36389201349831274,-0.021680216802168015,0.19433198380566805,0.4862428842504744,0.49407071224654114,0.4862428842504744,-0.46951219512195125,0.7038019451812555,0.7349953831948292,0.7397938144329896,1.5935910478128181,0.28960314857330266,-0.1273839510615329,0.1273839510615329,-0.15456949750220395,-0.42650000000000005,-0.042848400000000016,-2041885.0,3167335.0
5.0,0.3714,0.042100000000000005,0.0402,0.0627,0.1442138,1.3396144e-07,7.967158e-06,0.4006,0.37570000000000003,0.1797,0.0937,0.0838,0.1058,0.3134,0.375,-0.48267326732673266,-0.1965648854961832,0.35161290322580646,0.7963724304715839,0.6702457466918713,0.7963724304715839,-0.7111264685556322,0.6411483253588516,0.9548693586698336,0.5214245965498052,3.510396975425331,0.43069641649763357,-0.3478497550353838,0.3478497550353838,-0.50383631713555,-0.6062750000000001,-0.07058919999999999,-2041815.0,3167325.0
5.0,0.3957,0.0323,0.0318,0.058300000000000005,0.13791576,1.16235015e-07,7.3754563e-06,0.4007,0.3758,0.1792,0.0931,0.0835,0.10500000000000001,0.3133,0.37470000000000003,-0.5090526315789473,-0.28697571743929357,0.44839549002601903,0.8490654205607476,0.7083271650629164,0.8490654205607476,-0.7431718061674009,0.5454545454545454,0.9845201238390092,0.51953125,3.7685714285714282,0.529497450837582,-0.37658723256218474,0.37658723256218474,-0.5463917525773196,-0.6615249999999999,-0.07786940999999997,-2041805.0,3167315.0
5.0,0.4661,0.041600000000000005,0.0379,0.0685,0.15121779,1.6655922e-07,7.3762512e-06,0.41600000000000004,0.3462,0.186,0.091,0.06860000000000001,0.1092,0.3241,0.39180000000000004,-0.4616895874263261,-0.24432334241598547,0.2882629107981221,0.8361236950955288,0.7849732788431312,0.8361236950955288,-0.7437336326225216,0.5532846715328468,0.9110576923076923,0.489247311827957,4.268315018315018,0.4482758620689654,-0.42953534733936516,0.42953534733936516,-0.5834118755890669,-0.7462500000000001,-0.07797497,-2041785.0,3167305.0
3.0,0.37970000000000004,0.1109,0.0801,0.11860000000000001,0.095231466,2.0603537e-07,5.1613724e-06,0.4151,0.3544,0.22110000000000002,0.1272,0.0678,0.1472,0.3265,0.38780000000000003,-0.30173682661171625,-0.03355119825708066,-0.0831643002028398,0.5479005299633103,0.5804341053068856,0.5479005299633103,-0.5239815372265703,0.675379426644182,0.7222723174030659,0.5753052917232021,2.5794836956521743,0.14064316156528478,-0.26398135818908125,0.26398135818908125,-0.3176672875770168,-0.4927999999999999,-0.04396867999999998,-2041765.0,3167305.0
3.0,0.29050000000000004,0.158,0.1313,0.1574,0.116550595,2.4881362e-07,5.9220674e-06,0.37370000000000003,0.3669,0.2146,0.1371,0.06860000000000001,0.1585,0.31220000000000003,0.3587,-0.15376344086021507,0.0019023462270132828,-0.313656828414207,0.2954292084726868,0.4532402791625125,0.2954292084726868,-0.2971645456575128,0.8341804320203303,0.8310126582278481,0.6388630009319665,1.8328075709779181,0.0015797788309636664,-0.15026727380716692,0.15026727380716692,-0.1767331566466732,-0.19857500000000006,0.002453579999999983,-2041765.0,3167315.0
3.0,0.37020000000000003,0.1453,0.13390000000000002,0.1562,0.1128987,1.1347532e-07,6.291805e-06,0.3693,0.3664,0.24330000000000002,0.1589,0.0675,0.16620000000000001,0.2978,0.3421,-0.21802252816020026,-0.03615257048092867,-0.3296921549155909,0.43627546071774975,0.6303373055948294,0.43627546071774975,-0.40653495440729487,0.8572343149807939,0.9215416379903648,0.6531031648170983,2.2274368231046933,0.06709470304975923,-0.20684596577017114,0.20684596577017114,-0.24730916738834585,-0.356125,-0.029110119999999982,-2041735.0,3167355.0
3.0,0.4168,0.0855,0.0786,0.11230000000000001,0.09591182,1.4124512e-07,5.602012e-06,0.3879,0.3869,0.19690000000000002,0.11910000000000001,0.066,0.1479,0.3143,0.3705,-0.27360931435963776,-0.13549039433771487,-0.08713692946058091,0.6595659964164842,0.713646198612251,0.6595659964164842,-0.5755055755055755,0.6999109528049866,0.9192982456140351,0.6048755713560183,2.8181203515889113,0.26735218508997427,-0.3583183966107218,0.3583183966107218,-0.4154285714285715,-0.5314249999999999,-0.04001197000000002,-2041755.0,3167465.0
3.0,0.46390000000000003,0.0806,0.0723,0.12150000000000001,0.13946256,1.296997e-07,5.7257157e-06,0.5096,0.45270000000000005,0.2827,0.1487,0.0721,0.17170000000000002,0.40990000000000004,0.4812,-0.3988124690747155,-0.20237506185056905,-0.001385041551246577,0.7039485766758494,0.7679416473937022,0.7039485766758494,-0.5848992142125043,0.5950617283950617,0.8970223325062034,0.5259992925362575,2.7018054746651137,0.36107808164883076,-0.24270024109295474,0.24270024109295474,-0.4009144350097975,-0.7066750000000002,-0.08580073999999996,-2041815.0,3167465.0
3.0,0.4671,0.0613,0.054,0.10310000000000001,0.093659654,1.5625953e-07,4.0940886e-06,0.5155000000000001,0.4535,0.3083,0.158,0.0731,0.1761,0.42100000000000004,0.48250000000000004,-0.4987846378220709,-0.2542579075425791,0.15027537372147914,0.7679788039364118,0.773795370305616,0.7679788039364118,-0.6383725008768852,0.5237633365664403,0.8809135399673735,0.5124878365228673,2.6524701873935266,0.48357203032855944,-0.20479752385865357,0.20479752385865357,-0.4076175040518639,-0.81185,-0.11214894000000003,-2041805.0,3167495.0
6.0,0.08420000000000001,0.0713,0.067,0.0804,0.096490204,6.433755e-07,9.148419e-06,0.19890000000000002,0.40850000000000003,0.1369,0.0881,0.06380000000000001,0.12150000000000001,0.1689,0.1913,-0.26000920386562354,-0.05998681608437704,-0.024464831804281297,0.08295819935691323,0.13789004457652304,0.08295819935691323,-0.023086269744836033,0.8333333333333334,0.9396914446002805,0.6435354273192111,0.6930041152263374,0.2603734439834025,0.23835368611488006,-0.23835368611488006,0.02640051513200253,-0.04162499999999997,0.005813610000000021,-2041835.0,3167555.0
6.0,0.16390000000000002,0.085,0.0761,0.0932,0.08290758,2.849549e-07,5.392504e-06,0.3255,0.4002,0.1884,0.10550000000000001,0.059500000000000004,0.13770000000000002,0.2657,0.3055,-0.3380681818181818,-0.046015712682379334,-0.12241887905604718,0.3169947770188831,0.29438426324615874,0.3169947770188831,-0.27499027615713734,0.8165236051502146,0.8952941176470588,0.5599787685774947,1.1902687000726215,0.23664122137404583,0.06954300312233888,-0.06954300312233888,-0.11498257839721258,-0.192975,-0.018219679999999967,-2041835.0,3167535.0
6.0,0.2214,0.0786,0.0682,0.09050000000000001,0.08292169,3.190249e-07,6.398259e-06,0.2768,0.17270000000000002,0.16440000000000002,0.09430000000000001,0.0601,0.1227,0.21830000000000002,0.254,-0.28991761475088274,-0.07037256061502073,-0.06313328137178485,0.476,0.40194667795175615,0.476,-0.4196857967297211,0.7535911602209944,0.8676844783715012,0.5736009732360097,1.80440097799511,0.21907600596125185,-0.1477449455676516,0.1477449455676516,-0.2523243243243244,-0.26067499999999993,-0.018291420000000023,-2041845.0,3167515.0
6.0,0.2636,0.0776,0.0644,0.09240000000000001,0.080693685,1.9887388e-07,5.863606e-06,0.2806,0.169,0.1678,0.09720000000000001,0.058,0.125,0.2222,0.25520000000000004,-0.2897770945426595,-0.0870588235294118,-0.052287581699346365,0.5451348182883939,0.46653827636013484,0.5451348182883939,-0.48089887640449436,0.6969696969696969,0.8298969072164948,0.5792610250297974,2.1088,0.23395853899308983,-0.22206768660176168,0.22206768660176168,-0.3046937151949085,-0.32739999999999997,-0.02390624000000001,-2041855.0,3167505.0
6.0,0.37570000000000003,0.1291,0.0917,0.1361,0.07395008,1.0648071e-07,3.8603876e-06,0.3957,0.3254,0.24450000000000002,0.167,0.0893,0.2286,0.35500000000000004,0.39590000000000003,-0.28481345244351025,-0.026395173453997008,-0.01325966850828729,0.4885103011093503,0.5539297801784555,0.4885103011093503,-0.46815162172723723,0.6737692872887583,0.7103020914020141,0.6830265848670757,1.6434820647419075,0.2781660609449259,-0.21154466301193162,0.21154466301193162,-0.2243614931237721,-0.4566000000000002,-0.012312309999999944,-2041875.0,3167495.0
3.0,0.2958,0.0726,0.0613,0.0859,0.07382885,1.1455416e-07,4.5276447e-06,0.32280000000000003,0.3684,0.2124,0.1428,0.06520000000000001,0.1487,0.264,0.3062,-0.4240697284612806,-0.08391167192429026,0.03083003952569176,0.6058631921824105,0.524436755396532,0.6058631921824105,-0.5499083049515325,0.7136204889406286,0.8443526170798898,0.672316384180791,1.9892400806993948,0.3438770899231812,-0.1641086186540732,0.1641086186540732,-0.2475109170305677,-0.45055,-0.06105779,-2041725.0,3167325.0
3.0,0.3543,0.0658,0.054200000000000005,0.08750000000000001,0.070481434,1.5794038e-07,4.1088165e-06,0.323,0.3688,0.2124,0.1429,0.065,0.14880000000000002,0.26380000000000003,0.30660000000000004,-0.41647215738579524,-0.1415525114155252,0.09060402684563756,0.6867412520828373,0.6107180098316699,0.6867412520828373,-0.6038931643277501,0.6194285714285714,0.8237082066869302,0.6727871939736346,2.381048387096774,0.3867660764212489,-0.25039703546850184,0.25039703546850184,-0.32372002592352567,-0.5413749999999999,-0.06845862999999996,-2041735.0,3167325.0
3.0,0.4016,0.0546,0.0476,0.0829,0.09310508,8.1181526e-08,5.7002594e-06,0.3436,0.3416,0.1928,0.1207,0.0921,0.1374,0.27690000000000003,0.32530000000000003,-0.39862169024301775,-0.2058181818181818,0.3185397279885469,0.7606313020604999,0.6918816499052616,0.7606313020604999,-0.6577915376676986,0.5741857659831122,0.8717948717948718,0.6260373443983402,2.9228529839883555,0.4312499999999999,-0.351278600269179,0.351278600269179,-0.43859087269815855,-0.6065750000000001,-0.06282924999999996,-2041785.0,3167375.0
3.0,0.4671,0.0613,0.054,0.10310000000000001,0.093659654,1.5625953e-07,4.0940886e-06,0.5155000000000001,0.4535,0.3083,0.158,0.0731,0.1761,0.42100000000000004,0.48250000000000004,-0.4987846378220709,-0.2542579075425791,0.15027537372147914,0.7679788039364118,0.773795370305616,0.7679788039364118,-0.6383725008768852,0.5237633365664403,0.8809135399673735,0.5124878365228673,2.6524701873935266,0.48357203032855944,-0.20479752385865357,0.20479752385865357,-0.4076175040518639,-0.81185,-0.11214894000000003,-2041805.0,3167495.0
3.0,0.2462,0.07300000000000001,0.0637,0.0859,0.07889931,2.4398267e-07,5.3524755e-06,0.3256,0.40090000000000003,0.1877,0.10490000000000001,0.0594,0.1373,0.26580000000000004,0.3057,-0.37207602339181284,-0.08118313404657013,-0.034930950446791266,0.5426065162907268,0.44966637655932695,0.5426065162907268,-0.4826859379704908,0.7415599534342259,0.8726027397260274,0.5588705380927012,1.793153678077203,0.30575368521160246,-0.13482369209495274,0.13482369209495274,-0.27060270602706027,-0.346175,-0.031880799999999994,-2041835.0,3167525.0
3.0,0.4461,0.0979,0.0864,0.1346,0.089294285,9.161532e-08,4.2962274e-06,0.4288,0.40900000000000003,0.24780000000000002,0.137,0.0627,0.1879,0.3594,0.4062,-0.2960251046025105,-0.1578494623655914,-0.158953722334004,0.6400735294117647,0.7342836521111512,0.6400735294117647,-0.5364215601859824,0.6419019316493314,0.8825331971399387,0.552865213882163,2.3741351782863225,0.3149055283414976,-0.2857760484219628,0.2857760484219628,-0.3878029710711493,-0.5836999999999997,-0.0404964,-2041805.0,3167545.0
6.0,0.16720000000000002,0.0819,0.07250000000000001,0.09290000000000001,0.09434129,7.9820154e-07,1.150706e-05,0.1338,0.26230000000000003,0.09570000000000001,0.0618,0.0603,0.0901,0.1154,0.1258,-0.01484623541887591,-0.06292906178489707,-0.09186746987951815,0.3424327579285428,0.30147553482531286,0.3424327579285428,-0.28565936178392926,0.7804090419806243,0.8852258852258853,0.6457680250783698,1.8557158712541622,0.04767441860465116,-0.2719665271966527,0.2719665271966527,-0.2503912363067293,-0.07415,0.022940740000000005,-2041825.0,3167565.0
6.0,0.2636,0.0776,0.0644,0.09240000000000001,0.080693685,1.9887388e-07,5.863606e-06,0.2806,0.169,0.1678,0.09720000000000001,0.058,0.125,0.2222,0.25520000000000004,-0.2897770945426595,-0.0870588235294118,-0.052287581699346365,0.5451348182883939,0.46653827636013484,0.5451348182883939,-0.48089887640449436,0.6969696969696969,0.8298969072164948,0.5792610250297974,2.1088,0.23395853899308983,-0.22206768660176168,0.22206768660176168,-0.3046937151949085,-0.32739999999999997,-0.02390624000000001,-2041855.0,3167505.0
3.0,0.47340000000000004,0.079,0.0651,0.11470000000000001,0.08140515,1.3719499e-07,3.570803e-06,0.5169,0.40850000000000003,0.3069,0.1587,0.0616,0.18330000000000002,0.4224,0.4843,-0.4558823529411764,-0.18430562725864744,-0.027624309392265217,0.713975380159305,0.7569475379501766,0.713975380159305,-0.609930283965312,0.5675675675675675,0.8240506329113925,0.5171065493646139,2.5826513911620292,0.39763629431948155,-0.2133794694348328,0.2133794694348328,-0.38752898737438807,-0.7789250000000001,-0.09922040999999998,-2041805.0,3167515.0
6.0,0.08420000000000001,0.0713,0.067,0.0804,0.096490204,6.433755e-07,9.148419e-06,0.19890000000000002,0.40850000000000003,0.1369,0.0881,0.06380000000000001,0.12150000000000001,0.1689,0.1913,-0.26000920386562354,-0.05998681608437704,-0.024464831804281297,0.08295819935691323,0.13789004457652304,0.08295819935691323,-0.023086269744836033,0.8333333333333334,0.9396914446002805,0.6435354273192111,0.6930041152263374,0.2603734439834025,0.23835368611488006,-0.23835368611488006,0.02640051513200253,-0.04162499999999997,0.005813610000000021,-2041835.0,3167555.0
5.0,0.09670000000000001,0.0454,0.0449,0.056400000000000006,0.07292881,6.548852e-07,1.4494401e-05,0.08990000000000001,0.08410000000000001,0.058600000000000006,0.039900000000000005,0.057100000000000005,0.0597,0.0775,0.0873,-0.0191304347826087,-0.10805500982318274,0.11960784313725492,0.36101337086558766,0.1901971230687267,0.36101337086558766,-0.26322664924885697,0.7960992907801419,0.9889867841409692,0.6808873720136519,1.6197654941373534,0.13606089438629876,-0.24533161622665806,0.24533161622665806,-0.24812692816218593,-0.037075000000000025,0.01536587999999999,-2041915.0,3167455.0
3.0,0.4661,0.041600000000000005,0.0379,0.0685,0.15121779,1.6655922e-07,7.3762512e-06,0.41600000000000004,0.3462,0.186,0.091,0.06860000000000001,0.1092,0.3241,0.39180000000000004,-0.4616895874263261,-0.24432334241598547,0.2882629107981221,0.8361236950955288,0.7849732788431312,0.8361236950955288,-0.7437336326225216,0.5532846715328468,0.9110576923076923,0.489247311827957,4.268315018315018,0.4482758620689654,-0.42953534733936516,0.42953534733936516,-0.5834118755890669,-0.7462500000000001,-0.07797497,-2041785.0,3167305.0
5.0,0.4239,0.034,0.0339,0.0603,0.13865124,1.5741587e-07,7.390543e-06,0.4167,0.3462,0.18510000000000001,0.09000000000000001,0.06770000000000001,0.1082,0.3244,0.392,-0.5085574572127141,-0.2788971367974549,0.3326771653543308,0.8514959598165539,0.7467331561897135,0.8514959598165539,-0.7509293680297398,0.5621890547263682,0.9970588235294117,0.4862236628849271,3.9177449168207024,0.5218002812939522,-0.3921182266009852,0.3921182266009852,-0.5737366792712272,-0.70635,-0.07946412,-2041785.0,3167295.0
3.0,0.37020000000000003,0.1453,0.13390000000000002,0.1562,0.1128987,1.1347532e-07,6.291805e-06,0.3693,0.3664,0.24330000000000002,0.1589,0.0675,0.16620000000000001,0.2978,0.3421,-0.21802252816020026,-0.03615257048092867,-0.3296921549155909,0.43627546071774975,0.6303373055948294,0.43627546071774975,-0.40653495440729487,0.8572343149807939,0.9215416379903648,0.6531031648170983,2.2274368231046933,0.06709470304975923,-0.20684596577017114,0.20684596577017114,-0.24730916738834585,-0.356125,-0.029110119999999982,-2041735.0,3167355.0
3.0,0.3734,0.07980000000000001,0.0697,0.09720000000000001,0.09907033,1.326084e-07,6.06414e-06,0.4181,0.3859,0.218,0.1296,0.0664,0.1476,0.32530000000000003,0.3945,-0.38324873096446693,-0.09830508474576269,-0.024246877296105786,0.6478375992939098,0.6421452480349017,0.6478375992939098,-0.5869103272418189,0.7170781893004115,0.8734335839598997,0.5944954128440366,2.529810298102981,0.29815303430079154,-0.26276631721339194,0.26276631721339194,-0.3581609195402299,-0.542,-0.060974819999999964,-2041765.0,3167465.0
3.0,0.46390000000000003,0.0806,0.0723,0.12150000000000001,0.13946256,1.296997e-07,5.7257157e-06,0.5096,0.45270000000000005,0.2827,0.1487,0.0721,0.17170000000000002,0.40990000000000004,0.4812,-0.3988124690747155,-0.20237506185056905,-0.001385041551246577,0.7039485766758494,0.7679416473937022,0.7039485766758494,-0.5848992142125043,0.5950617283950617,0.8970223325062034,0.5259992925362575,2.7018054746651137,0.36107808164883076,-0.24270024109295474,0.24270024109295474,-0.4009144350097975,-0.7066750000000002,-0.08580073999999996,-2041815.0,3167465.0
6.0,0.2462,0.07300000000000001,0.0637,0.0859,0.07889931,2.4398267e-07,5.3524755e-06,0.3256,0.40090000000000003,0.1877,0.10490000000000001,0.0594,0.1373,0.26580000000000004,0.3057,-0.37207602339181284,-0.08118313404657013,-0.034930950446791266,0.5426065162907268,0.44966637655932695,0.5426065162907268,-0.4826859379704908,0.7415599534342259,0.8726027397260274,0.5588705380927012,1.793153678077203,0.30575368521160246,-0.13482369209495274,0.13482369209495274,-0.27060270602706027,-0.346175,-0.031880799999999994,-2041835.0,3167525.0
6.0,0.2636,0.0776,0.0644,0.09240000000000001,0.080693685,1.9887388e-07,5.863606e-06,0.2806,0.169,0.1678,0.09720000000000001,0.058,0.125,0.2222,0.25520000000000004,-0.2897770945426595,-0.0870588235294118,-0.052287581699346365,0.5451348182883939,0.46653827636013484,0.5451348182883939,-0.48089887640449436,0.6969696969696969,0.8298969072164948,0.5792610250297974,2.1088,0.23395853899308983,-0.22206768660176168,0.22206768660176168,-0.3046937151949085,-0.32739999999999997,-0.02390624000000001,-2041855.0,3167505.0
6.0,0.3523,0.26280000000000003,0.20350000000000001,0.27840000000000004,0.08916151,1.9597411e-07,4.3491063e-06,0.2933,0.3279,0.22260000000000002,0.17830000000000001,0.09050000000000001,0.2615,0.2867,0.29300000000000004,0.11137724550898204,-0.028824833702882482,-0.3843537414965986,0.1455047959681352,0.44049613287236694,0.1455047959681352,-0.11717139686063098,0.7309626436781609,0.7743531202435312,0.8009883198562444,1.347227533460803,-0.002479496471485835,-0.22560445294833884,0.22560445294833884,-0.11505667569465343,0.08172500000000016,0.11061989000000003,-2041885.0,3167495.0
6.0,0.3163,0.12840000000000001,0.1027,0.12990000000000002,0.068980165,1.5984178e-07,4.508228e-06,0.2681,0.3271,0.19720000000000001,0.15180000000000002,0.0913,0.1809,0.2389,0.26130000000000003,-0.20574747783552427,-0.005807200929152153,-0.05876288659793811,0.42253204407465705,0.503133427019636,0.42253204407465705,-0.41774988794262663,0.7906081601231716,0.7998442367601245,0.7697768762677485,1.748479823106689,0.16973811833171673,-0.23193768257059397,0.23193768257059397,-0.198512585812357,-0.30485,-0.0036010000000000347,-2041885.0,3167465.0
6.0,0.31020000000000003,0.1058,0.08020000000000001,0.1163,0.06870457,1.8687545e-07,4.6458536e-06,0.2676,0.3261,0.1696,0.11910000000000001,0.0915,0.1511,0.23440000000000003,0.2602,-0.186428821266177,-0.04727600180099052,0.06581246359930104,0.4913461538461539,0.4984741347227391,0.4913461538461539,-0.45463071512309494,0.6895958727429063,0.7580340264650284,0.7022405660377359,2.052945069490404,0.17633320358116,-0.29303876615256363,0.29303876615256363,-0.26897448399154883,-0.318975,-0.0036899899999999833,-2041885.0,3167455.0
6.0,0.31320000000000003,0.19790000000000002,0.15430000000000002,0.2036,0.08119175,9.942651e-08,4.898651e-06,0.31930000000000003,0.3249,0.23320000000000002,0.1786,0.0911,0.23040000000000002,0.2923,0.3136,-0.0677655677655678,-0.014196762141967578,-0.25753871230643854,0.22559186069262374,0.435552908772844,0.22559186069262374,-0.2120743034055728,0.7578585461689589,0.7796867104598282,0.7658662092624356,1.359375,0.07588139154798039,-0.1464128843338214,0.1464128843338214,-0.10781990521327009,-0.11165000000000003,0.042449200000000055,-2041875.0,3167445.0
6.0,0.3292,0.11410000000000001,0.08460000000000001,0.12510000000000002,0.09540782,1.0281801e-07,5.038777e-06,0.3733,0.3282,0.2368,0.1763,0.10990000000000001,0.22460000000000002,0.3351,0.36960000000000004,-0.3086487980105001,-0.045986622073578634,0.13007712082262213,0.4852244529663884,0.51395635467266,0.4852244529663884,-0.44926260180497457,0.6762589928057554,0.7414548641542507,0.7445101351351352,1.4657168299198573,0.32624741659285506,-0.1632508833922261,0.1632508833922261,-0.17523430843510368,-0.4075750000000001,-0.019706749999999974,-2041855.0,3167435.0
6.0,0.36060000000000003,0.27790000000000004,0.2059,0.2738,0.08778804,1.0882914e-07,4.3372747e-06,0.3336,0.3462,0.23650000000000002,0.1877,0.0952,0.2197,0.29200000000000004,0.3216,0.07309425827944341,0.007431575131412085,-0.36765194287612085,0.12952231793265465,0.42028643639427116,0.12952231793265465,-0.13682219419924344,0.752008765522279,0.7409139978409499,0.7936575052854122,1.6413290851160676,-0.11696141479099684,-0.20783788310165802,0.20783788310165802,-0.0977618447824823,0.04167499999999991,0.07604368999999997,-2041835.0,3167425.0
6.0,0.2546,0.12300000000000001,0.0936,0.1242,0.08761749,1.06126066e-07,4.826017e-06,0.3326,0.34550000000000003,0.2343,0.18610000000000002,0.09380000000000001,0.2172,0.29050000000000004,0.321,-0.30711297071129706,-0.004854368932038805,0.001067235859124897,0.3485169491525424,0.3978769564543623,0.3485169491525424,-0.3442449841605068,0.7536231884057971,0.7609756097560975,0.7942808365343577,1.1721915285451197,0.2768959435626102,-0.04152178359582734,0.04152178359582734,-0.05948577514072717,-0.2827249999999999,-0.01990214999999998,-2041825.0,3167425.0
6.0,0.2531,0.1187,0.09140000000000001,0.1155,0.057938237,1.2249946e-07,3.6880363e-06,0.28400000000000003,0.34490000000000004,0.21480000000000002,0.1605,0.0937,0.17,0.2393,0.26980000000000004,-0.3006357856494096,0.013663535439795023,0.01242571582928145,0.3614846691769768,0.40166432255039847,0.3614846691769768,-0.37330439500813895,0.7913419913419913,0.7700084245998315,0.7472067039106145,1.4888235294117647,0.17769310703152064,-0.08185509724300058,0.08185509724300058,-0.10469777136443807,-0.281575,-0.02684441000000002,-2041815.0,3167405.0
6.0,0.19460000000000002,0.1143,0.09240000000000001,0.11040000000000001,0.0680137,1.103878e-07,4.7198705e-06,0.2822,0.3418,0.21380000000000002,0.15960000000000002,0.092,0.16820000000000002,0.2379,0.268,-0.3189389265885256,0.017356475300400475,-0.0021691973969631857,0.2599546778892846,0.31345797540845555,0.2599546778892846,-0.2760655737704918,0.8369565217391305,0.8083989501312336,0.7464920486435922,1.1569560047562426,0.1907964601769912,0.047012732615083236,-0.047012732615083236,-0.023355321804243177,-0.20429999999999993,-0.024862309999999964,-2041805.0,3167405.0
6.0,0.22640000000000002,0.109,0.0872,0.11030000000000001,0.06801519,1.2134313e-07,4.465241e-06,0.2816,0.3416,0.2137,0.1598,0.0925,0.1686,0.23750000000000002,0.26780000000000004,-0.31913580246913575,-0.005927952576379432,0.029493600445186417,0.3500298151460942,0.37263535551206795,0.3500298151460942,-0.34481734481734483,0.7905711695376246,0.8,0.7477772578380908,1.34282325029656,0.21469740634005763,-0.02885707793683257,0.02885707793683257,-0.07692307692307693,-0.2572499999999999,-0.02959274,-2041805.0,3167395.0
6.0,0.24500000000000002,0.1017,0.0813,0.1063,0.09228502,1.008451e-07,5.6244744e-06,0.26530000000000004,0.3426,0.2016,0.149,0.09280000000000001,0.166,0.2273,0.2501,-0.3095160766482624,-0.022115384615384648,0.06605399195864452,0.41332564176521497,0.41013288369665585,0.41332564176521497,-0.39481924281241104,0.7648165569143932,0.799410029498525,0.7390873015873015,1.4759036144578315,0.24019424729174454,-0.09717868338557999,0.09717868338557999,-0.13102253032928954,-0.2855999999999999,-0.024789839999999994,-2041795.0,3167395.0
6.0,0.3275,0.0867,0.0758,0.1038,0.08849528,8.913278e-08,5.594124e-06,0.3438,0.341,0.1928,0.12090000000000001,0.09240000000000001,0.1376,0.2771,0.325,-0.3000674308833446,-0.08976377952755908,0.098692033293698,0.5813616610333172,0.572271732332708,0.5813616610333172,-0.5186645026663576,0.7302504816955684,0.8742791234140715,0.6270746887966805,2.3800872093023258,0.22692822113241196,-0.2588891024408995,0.2588891024408995,-0.3203470289736454,-0.4149249999999999,-0.037275399999999966,-2041785.0,3167385.0
6.0,0.3371,0.0811,0.068,0.0974,0.08654547,2.0806193e-07,6.194325e-06,0.328,0.3502,0.1956,0.1267,0.0668,0.1436,0.268,0.3098,-0.33515358361774744,-0.09131652661064424,-0.00890207715133536,0.6121472979435677,0.5797746821953261,0.6121472979435677,-0.551668584579977,0.6981519507186859,0.8384710234278668,0.6477505112474438,2.347493036211699,0.2781486426346239,-0.2656279331706402,0.2656279331706402,-0.3219122205906347,-0.4558749999999999,-0.04456133000000002,-2041775.0,3167375.0
3.0,0.46390000000000003,0.0806,0.0723,0.12150000000000001,0.13946256,1.296997e-07,5.7257157e-06,0.5096,0.45270000000000005,0.2827,0.1487,0.0721,0.17170000000000002,0.40990000000000004,0.4812,-0.3988124690747155,-0.20237506185056905,-0.001385041551246577,0.7039485766758494,0.7679416473937022,0.7039485766758494,-0.5848992142125043,0.5950617283950617,0.8970223325062034,0.5259992925362575,2.7018054746651137,0.36107808164883076,-0.24270024109295474,0.24270024109295474,-0.4009144350097975,-0.7066750000000002,-0.08580073999999996,-2041815.0,3167465.0
3.0,0.4722,0.067,0.058100000000000006,0.1071,0.09172073,1.6370416e-07,4.04745e-06,0.5156000000000001,0.4534,0.30760000000000004,0.1575,0.07300000000000001,0.1759,0.4212,0.4827,-0.48348203520617317,-0.23032739804709934,0.11365369946605645,0.7514836795252225,0.7740971184260838,0.7514836795252225,-0.6302433972035214,0.542483660130719,0.8671641791044776,0.5120286085825747,2.6844798180784535,0.4483326471799094,-0.21107976404206202,0.21107976404206202,-0.40514043455219917,-0.8044750000000003,-0.10866384000000001,-2041815.0,3167485.0
3.0,0.4978,0.059300000000000005,0.0543,0.1044,0.08633465,1.2857318e-07,3.439505e-06,0.5215000000000001,0.4022,0.3035,0.1552,0.058,0.1781,0.42510000000000003,0.48960000000000004,-0.4881098308408924,-0.27550397067806964,0.03294746215494213,0.7871118291150601,0.8194420437653404,0.7871118291150601,-0.6532713384257721,0.5201149425287356,0.9156829679595277,0.5113673805601319,2.7950589556428973,0.5004212299915755,-0.2424809684263073,0.2424809684263073,-0.44038612053222015,-0.8478500000000001,-0.11150750999999999,-2041815.0,3167505.0
3.0,0.47340000000000004,0.079,0.0651,0.11470000000000001,0.08140515,1.3719499e-07,3.570803e-06,0.5169,0.40850000000000003,0.3069,0.1587,0.0616,0.18330000000000002,0.4224,0.4843,-0.4558823529411764,-0.18430562725864744,-0.027624309392265217,0.713975380159305,0.7569475379501766,0.713975380159305,-0.609930283965312,0.5675675675675675,0.8240506329113925,0.5171065493646139,2.5826513911620292,0.39763629431948155,-0.2133794694348328,0.2133794694348328,-0.38752898737438807,-0.7789250000000001,-0.09922040999999998,-2041805.0,3167515.0
3.0,0.4838,0.07350000000000001,0.0627,0.1114,0.08186331,1.4605521e-07,3.5158666e-06,0.4995,0.4051,0.29250000000000004,0.15380000000000002,0.0623,0.1889,0.41150000000000003,0.4666,-0.44837831146323354,-0.20497566252028115,-0.003200000000000036,0.7362282433159878,0.780997559382627,0.7362282433159878,-0.6256720430107527,0.5628366247755835,0.8530612244897959,0.5258119658119658,2.561143462149285,0.43978658536585363,-0.24642535102408858,0.24642535102408858,-0.4125096924269836,-0.7847999999999999,-0.09048170000000003,-2041815.0,3167535.0
6.0,0.2856,0.10830000000000001,0.0936,0.12300000000000001,0.09576534,5.266189e-07,7.751999e-06,0.19920000000000002,0.4055,0.138,0.0897,0.06470000000000001,0.1222,0.1695,0.191,-0.057471264367816084,-0.06355382619974062,-0.18256475047378393,0.45011424219345014,0.49108156315874824,0.45011424219345014,-0.3979441997063143,0.7609756097560975,0.8642659279778393,0.6499999999999999,2.337152209492635,0.06030368763557482,-0.34844192634560905,0.34844192634560905,-0.31392931392931395,-0.21187499999999998,0.015615440000000001,-2041825.0,3167545.0
6.0,0.10650000000000001,0.0792,0.07200000000000001,0.0887,0.08847977,5.522847e-07,8.400731e-06,0.1875,0.40080000000000005,0.1264,0.079,0.0601,0.1119,0.15560000000000002,0.1804,-0.1752673175267318,-0.05658129839189991,-0.09008327024981082,0.1470113085621971,0.1795622540078718,0.1470113085621971,-0.09118852459016398,0.8117249154453214,0.9090909090909092,0.625,0.9517426273458446,0.17111459968602824,0.08544439673679691,-0.08544439673679691,-0.06029106029106033,-0.03585000000000005,0.013246930000000018,-2041835.0,3167545.0
6.0,0.16390000000000002,0.085,0.0761,0.0932,0.08290758,2.849549e-07,5.392504e-06,0.3255,0.4002,0.1884,0.10550000000000001,0.059500000000000004,0.13770000000000002,0.2657,0.3055,-0.3380681818181818,-0.046015712682379334,-0.12241887905604718,0.3169947770188831,0.29438426324615874,0.3169947770188831,-0.27499027615713734,0.8165236051502146,0.8952941176470588,0.5599787685774947,1.1902687000726215,0.23664122137404583,0.06954300312233888,-0.06954300312233888,-0.11498257839721258,-0.192975,-0.018219679999999967,-2041835.0,3167535.0
6.0,0.16390000000000002,0.085,0.0761,0.0932,0.08290758,2.849549e-07,5.392504e-06,0.3255,0.4002,0.1884,0.10550000000000001,0.059500000000000004,0.13770000000000002,0.2657,0.3055,-0.3380681818181818,-0.046015712682379334,-0.12241887905604718,0.3169947770188831,0.29438426324615874,0.3169947770188831,-0.27499027615713734,0.8165236051502146,0.8952941176470588,0.5599787685774947,1.1902687000726215,0.23664122137404583,0.06954300312233888,-0.06954300312233888,-0.11498257839721258,-0.192975,-0.018219679999999967,-2041835.0,3167535.0
6.0,0.1076,0.0748,0.0689,0.0829,0.090923786,1.0438323e-06,1.4924973e-05,0.07680000000000001,0.1703,0.069,0.0459,0.0599,0.06720000000000001,0.0683,0.0766,0.09150757077024355,-0.05136334812935952,-0.06987577639751553,0.17982456140350875,0.18679363247246672,0.17982456140350875,-0.12965879265091862,0.8311218335343787,0.9211229946524064,0.6652173913043479,1.601190476190476,-0.053521126760563344,-0.21857304643261605,0.21857304643261605,-0.18775235531628529,0.022724999999999995,0.031326370000000006,-2041845.0,3167525.0
6.0,0.2214,0.0786,0.0682,0.09050000000000001,0.08292169,3.190249e-07,6.398259e-06,0.2768,0.17270000000000002,0.16440000000000002,0.09430000000000001,0.0601,0.1227,0.21830000000000002,0.254,-0.28991761475088274,-0.07037256061502073,-0.06313328137178485,0.476,0.40194667795175615,0.476,-0.4196857967297211,0.7535911602209944,0.8676844783715012,0.5736009732360097,1.80440097799511,0.21907600596125185,-0.1477449455676516,0.1477449455676516,-0.2523243243243244,-0.26067499999999993,-0.018291420000000023,-2041845.0,3167515.0
6.0,0.4277,0.0721,0.060700000000000004,0.10650000000000001,0.06609605,8.577704e-08,3.2346113e-06,0.49520000000000003,0.3254,0.281,0.152,0.08900000000000001,0.1806,0.41150000000000003,0.47650000000000003,-0.45032258064516123,-0.19260918253079515,0.18904475617902475,0.711484593837535,0.709690046617558,0.711484593837535,-0.6012729314863348,0.5699530516431924,0.8418862690707352,0.5409252669039145,2.368217054263566,0.4293628808864266,-0.20699873006914066,0.20699873006914066,-0.37094736842105275,-0.6980999999999999,-0.08440806000000005,-2041855.0,3167495.0
6.0,0.38480000000000003,0.061200000000000004,0.049,0.0896,0.06638075,9.4357134e-08,3.3327094e-06,0.3957,0.3256,0.2451,0.16720000000000002,0.0896,0.2285,0.3543,0.3966,-0.46459515984463706,-0.18832891246684347,0.29292929292929293,0.7255605381165918,0.6506319971108704,0.7255605381165918,-0.6222596964586846,0.546875,0.8006535947712418,0.6821705426356589,1.6840262582056893,0.5774939592682085,-0.2217812351166852,0.2217812351166852,-0.3101781938991241,-0.6300499999999999,-0.05324075999999998,-2041865.0,3167495.0
5.0,0.31020000000000003,0.1058,0.08020000000000001,0.1163,0.06870457,1.8687545e-07,4.6458536e-06,0.2676,0.3261,0.1696,0.11910000000000001,0.0915,0.1511,0.23440000000000003,0.2602,-0.186428821266177,-0.04727600180099052,0.06581246359930104,0.4913461538461539,0.4984741347227391,0.4913461538461539,-0.45463071512309494,0.6895958727429063,0.7580340264650284,0.7022405660377359,2.052945069490404,0.17633320358116,-0.29303876615256363,0.29303876615256363,-0.26897448399154883,-0.318975,-0.0036899899999999833,-2041895.0,3167455.0
5.0,0.27940000000000004,0.1507,0.1218,0.1575,0.08325823,1.4132857e-07,5.499932e-06,0.2684,0.3269,0.17020000000000002,0.11960000000000001,0.092,0.1516,0.23470000000000002,0.26080000000000003,-0.038754958803784004,-0.022063595068137574,-0.13938260056127225,0.29923273657289007,0.43130462168333217,0.29923273657289007,-0.27901121538109414,0.7733333333333333,0.8082282680822828,0.7027027027027027,1.8430079155672825,0.0029771749917301086,-0.2428825622775801,0.2428825622775801,-0.19493670886075962,-0.12895000000000012,0.02950626999999998,-2041895.0,3167445.0
3.0,0.272,0.1427,0.1193,0.14780000000000001,0.11714071,2.2591352e-07,7.4890204e-06,0.2795,0.3287,0.18910000000000002,0.1385,0.1111,0.17950000000000002,0.24000000000000002,0.26890000000000003,-0.1225883051350549,-0.01755593803786582,-0.035590277777777776,0.31179165661924285,0.4356074425392194,0.31179165661924285,-0.29585516912815624,0.8071718538565629,0.8360196215837422,0.7324167107350608,1.5153203342618384,0.1142147734326506,-0.1797874647581869,0.1797874647581869,-0.16371747211895912,-0.168225,0.021499799999999993,-2041895.0,3167395.0
5.0,0.2909,0.1719,0.1263,0.1739,0.11508214,2.8859972e-07,6.2781332e-06,0.3009,0.3114,0.225,0.1631,0.12010000000000001,0.1787,0.2617,0.2942,-0.12810228127350215,-0.005783689994216315,-0.025162337662337594,0.2571305099394987,0.40387622268281154,0.2571305099394987,-0.25172117039586916,0.726279470960322,0.7347294938917975,0.7248888888888888,1.6278679350867375,0.01939532230462065,-0.12773793370808292,0.12773793370808292,-0.10927944695559699,-0.1720250000000001,0.009019950000000033,-2041885.0,3167365.0
5.0,0.24960000000000002,0.19060000000000002,0.1547,0.17880000000000001,0.083833426,7.968843e-08,5.325144e-06,0.2802,0.3098,0.23470000000000002,0.1835,0.1177,0.1927,0.2452,0.2656,-0.13518742442563483,0.03194369247428263,-0.13582966226138035,0.13402998636983188,0.35151465996187997,0.13402998636983188,-0.16526610644257703,0.8652125279642058,0.8116474291710387,0.781849169152109,1.2952776336274001,0.005478737281502715,-0.030766054098699144,0.030766054098699144,-0.03879753340184996,-0.07887499999999992,0.015821419999999975,-2041905.0,3167325.0
5.0,0.3133,0.10830000000000001,0.0796,0.1131,0.09701676,1.5808344e-07,5.489742e-06,0.30210000000000004,0.3111,0.24250000000000002,0.1794,0.11800000000000001,0.1966,0.2614,0.2872,-0.36389201349831274,-0.021680216802168015,0.19433198380566805,0.4862428842504744,0.49407071224654114,0.4862428842504744,-0.46951219512195125,0.7038019451812555,0.7349953831948292,0.7397938144329896,1.5935910478128181,0.28960314857330266,-0.1273839510615329,0.1273839510615329,-0.15456949750220395,-0.42650000000000005,-0.042848400000000016,-2041885.0,3167335.0
5.0,0.3714,0.042100000000000005,0.0402,0.0627,0.1442138,1.3396144e-07,7.967158e-06,0.4006,0.37570000000000003,0.1797,0.0937,0.0838,0.1058,0.3134,0.375,-0.48267326732673266,-0.1965648854961832,0.35161290322580646,0.7963724304715839,0.6702457466918713,0.7963724304715839,-0.7111264685556322,0.6411483253588516,0.9548693586698336,0.5214245965498052,3.510396975425331,0.43069641649763357,-0.3478497550353838,0.3478497550353838,-0.50383631713555,-0.6062750000000001,-0.07058919999999999,-2041815.0,3167325.0
3.0,0.37970000000000004,0.1109,0.0801,0.11860000000000001,0.095231466,2.0603537e-07,5.1613724e-06,0.4151,0.3544,0.22110000000000002,0.1272,0.0678,0.1472,0.3265,0.38780000000000003,-0.30173682661171625,-0.03355119825708066,-0.0831643002028398,0.5479005299633103,0.5804341053068856,0.5479005299633103,-0.5239815372265703,0.675379426644182,0.7222723174030659,0.5753052917232021,2.5794836956521743,0.14064316156528478,-0.26398135818908125,0.26398135818908125,-0.3176672875770168,-0.4927999999999999,-0.04396867999999998,-2041765.0,3167305.0
3.0,0.3272,0.0921,0.0789,0.113,0.09081964,1.09603995e-07,5.2936e-06,0.3778,0.3659,0.2187,0.1414,0.0669,0.1653,0.30410000000000004,0.35860000000000003,-0.31866144106119987,-0.10190151145782546,-0.08230452674897118,0.5606963987598378,0.5635650789953807,0.5606963987598378,-0.4865970013630168,0.6982300884955752,0.8566775244299674,0.6465477823502515,1.9794313369630974,0.28438228438228436,-0.19875435061366545,0.19875435061366545,-0.26985616010006264,-0.42210000000000003,-0.04261165000000001,-2041745.0,3167355.0
5.0,0.4319,0.0351,0.0339,0.0599,0.13301314,1.1949538e-07,7.857344e-06,0.44530000000000003,0.34900000000000003,0.1771,0.09190000000000001,0.0655,0.11800000000000001,0.3413,0.42500000000000004,-0.4945147679324894,-0.26105263157894737,0.3179074446680081,0.849678800856531,0.7524941473077615,0.849678800856531,-0.7564050427002846,0.5659432387312187,0.9658119658119658,0.5189158667419538,3.6601694915254237,0.5414761593729588,-0.4183908045977012,0.4183908045977012,-0.5715249662618084,-0.706875,-0.07430292999999999,-2041755.0,3167415.0
3.0,0.3136,0.1575,0.1379,0.17200000000000001,0.08640408,9.051561e-08,5.4826473e-06,0.3672,0.386,0.1986,0.1268,0.0671,0.17880000000000001,0.3003,0.3543,-0.07177549919050184,-0.044006069802731446,-0.3453658536585365,0.3313521545319465,0.511700085759791,0.3313521545319465,-0.29159802306425037,0.8017441860465115,0.8755555555555555,0.6384692849949647,1.7539149888143175,0.06333630686886711,-0.22452167122217884,0.22452167122217884,-0.22723566186463715,-0.16869999999999996,0.027598340000000048,-2041755.0,3167455.0
5.0,0.3451,0.059800000000000006,0.0497,0.0775,0.10314502,8.906126e-08,5.0871777e-06,0.4174,0.453,0.2048,0.1111,0.0726,0.13920000000000002,0.327,0.3936,-0.45093871767623106,-0.1289147851420247,0.187244480784955,0.7046184243022968,0.6032002403936446,0.7046184243022968,-0.6332229058211074,0.6412903225806452,0.8311036789297658,0.54248046875,2.4791666666666665,0.3989949748743719,-0.25513729769048915,0.25513729769048915,-0.39579282305108715,-0.553625,-0.06106055999999997,-2041805.0,3167445.0
3.0,0.46390000000000003,0.0806,0.0723,0.12150000000000001,0.13946256,1.296997e-07,5.7257157e-06,0.5096,0.45270000000000005,0.2827,0.1487,0.0721,0.17170000000000002,0.40990000000000004,0.4812,-0.3988124690747155,-0.20237506185056905,-0.001385041551246577,0.7039485766758494,0.7679416473937022,0.7039485766758494,-0.5848992142125043,0.5950617283950617,0.8970223325062034,0.5259992925362575,2.7018054746651137,0.36107808164883076,-0.24270024109295474,0.24270024109295474,-0.4009144350097975,-0.7066750000000002,-0.08580073999999996,-2041815.0,3167465.0
3.0,0.47340000000000004,0.079,0.0651,0.11470000000000001,0.08140515,1.3719499e-07,3.570803e-06,0.5169,0.40850000000000003,0.3069,0.1587,0.0616,0.18330000000000002,0.4224,0.4843,-0.4558823529411764,-0.18430562725864744,-0.027624309392265217,0.713975380159305,0.7569475379501766,0.713975380159305,-0.609930283965312,0.5675675675675675,0.8240506329113925,0.5171065493646139,2.5826513911620292,0.39763629431948155,-0.2133794694348328,0.2133794694348328,-0.38752898737438807,-0.7789250000000001,-0.09922040999999998,-2041805.0,3167515.0
6.0,0.16720000000000002,0.0819,0.07250000000000001,0.09290000000000001,0.09434129,7.9820154e-07,1.150706e-05,0.1338,0.26230000000000003,0.09570000000000001,0.0618,0.0603,0.0901,0.1154,0.1258,-0.01484623541887591,-0.06292906178489707,-0.09186746987951815,0.3424327579285428,0.30147553482531286,0.3424327579285428,-0.28565936178392926,0.7804090419806243,0.8852258852258853,0.6457680250783698,1.8557158712541622,0.04767441860465116,-0.2719665271966527,0.2719665271966527,-0.2503912363067293,-0.07415,0.022940740000000005,-2041825.0,3167565.0
6.0,0.10650000000000001,0.0792,0.07200000000000001,0.0887,0.08847977,5.522847e-07,8.400731e-06,0.1875,0.40080000000000005,0.1264,0.079,0.0601,0.1119,0.15560000000000002,0.1804,-0.1752673175267318,-0.05658129839189991,-0.09008327024981082,0.1470113085621971,0.1795622540078718,0.1470113085621971,-0.09118852459016398,0.8117249154453214,0.9090909090909092,0.625,0.9517426273458446,0.17111459968602824,0.08544439673679691,-0.08544439673679691,-0.06029106029106033,-0.03585000000000005,0.013246930000000018,-2041835.0,3167545.0
6.0,0.37570000000000003,0.1291,0.0917,0.1361,0.07395008,1.0648071e-07,3.8603876e-06,0.3957,0.3254,0.24450000000000002,0.167,0.0893,0.2286,0.35500000000000004,0.39590000000000003,-0.28481345244351025,-0.026395173453997008,-0.01325966850828729,0.4885103011093503,0.5539297801784555,0.4885103011093503,-0.46815162172723723,0.6737692872887583,0.7103020914020141,0.6830265848670757,1.6434820647419075,0.2781660609449259,-0.21154466301193162,0.21154466301193162,-0.2243614931237721,-0.4566000000000002,-0.012312309999999944,-2041875.0,3167495.0
