LULC_code,nir,red,blue,green,emad,smad,bcmad,nir08,nir09,swir16,swir22,coastal,rededge1,rededge2,rededge3,mndwi,ndti,cai,ndvi,evi,savi,ndwi,b_g,b_r,swir22_swir16,mci,ndci,nbi,ndmi,bsi,awei,tc_wetness,y,x
2,0.3239,0.021,0.0258,0.0412,0.07783312,6.363392e-08,6.526521e-06,0.3675,0.34740000000000004,0.1218,0.05,0.027100000000000003,0.0799,0.2631,0.33330000000000004,-0.494478527607362,-0.3247588424437299,0.024574669187145605,0.8782255726297477,0.6277857370264248,0.8782255726297477,-0.7743084086551629,0.6262135922330097,1.2285714285714284,0.41050903119868637,4.053817271589487,0.5837462834489593,-0.4534440206416872,0.4534440206416872,-0.6624673163774661,-0.5272500000000001,-0.05292395,-2043015.0,3078345.0
2,0.3628,0.029400000000000003,0.032100000000000004,0.051500000000000004,0.07883079,1.2931824e-07,5.8544256e-06,0.40190000000000003,0.3775,0.1327,0.059300000000000005,0.0308,0.0964,0.2922,0.3659,-0.44082519001085774,-0.273176761433869,-0.020667726550079528,0.8500764915859257,0.6758827833185722,0.8500764915859257,-0.7513878831764422,0.6233009708737864,1.0918367346938775,0.4468726450640543,3.763485477178423,0.5325914149443561,-0.4643794147325933,0.4643794147325933,-0.6331679073614558,-0.5675750000000002,-0.05118077000000001,-2042975.0,3089715.0
2,0.25720000000000004,0.0158,0.0212,0.0324,0.07568036,1.5749931e-07,5.134164e-06,0.3653,0.387,0.1408,0.0585,0.0275,0.0847,0.2728,0.3357,-0.625866050808314,-0.3443983402489626,0.1293634496919918,0.8842490842490843,0.5257334450963957,0.8842490842490843,-0.776243093922652,0.654320987654321,1.341772151898734,0.41548295454545453,3.0365997638724918,0.6855721393034825,-0.292462311557789,0.292462311557789,-0.578678763821945,-0.480175,-0.06050757,-2042965.0,3091135.0
2,0.2933,0.0222,0.0256,0.0444,0.092907995,1.10489125e-07,6.8099243e-06,0.3427,0.3674,0.128,0.0528,0.026500000000000003,0.0862,0.2511,0.3103,-0.4849187935034803,-0.3333333333333333,0.017274472168905975,0.8592709984152139,0.575982179019846,0.8592709984152139,-0.7370447142434113,0.5765765765765766,1.1531531531531531,0.4125,3.402552204176334,0.5904059040590406,-0.3923569902682174,0.3923569902682174,-0.6191926884996192,-0.48215,-0.04822003000000001,-2042965.0,3092555.0
2,0.34890000000000004,0.026500000000000003,0.0274,0.0529,0.06005745,1.0027289e-07,3.9141432e-06,0.3506,0.31870000000000004,0.1527,0.0658,0.024900000000000002,0.0921,0.2619,0.3148,-0.48540856031128404,-0.3324937027707809,-0.04780114722753344,0.8588172615876397,0.6493780712530713,0.8588172615876397,-0.7366849178695869,0.5179584120982986,1.0339622641509434,0.43091028159790434,3.7882736156351795,0.5531197301854973,-0.39114832535885175,0.39114832535885175,-0.6060606060606061,-0.5763,-0.06267199,-2041555.0,3089705.0
2,0.26130000000000003,0.019200000000000002,0.0216,0.0371,0.0669344,7.620751e-08,5.8060014e-06,0.30510000000000004,0.3287,0.1277,0.054200000000000005,0.0238,0.07730000000000001,0.22310000000000002,0.2748,-0.5497572815533981,-0.31793960923623443,0.04845814977973569,0.8631016042780749,0.5220666941128037,0.8631016042780749,-0.7513404825737265,0.5822102425876011,1.125,0.42443226311667975,3.3803363518758087,0.6020725388601037,-0.3434447300771209,0.3434447300771209,-0.5879876508560201,-0.45560000000000006,-0.05332880999999999,-2041545.0,3091125.0
2,0.3252,0.027,0.030100000000000002,0.049300000000000004,0.087993056,1.0148287e-07,6.1041665e-06,0.3783,0.386,0.15360000000000001,0.06860000000000001,0.0302,0.0883,0.2753,0.3451,-0.5140463282405126,-0.2922673656618611,0.0016583747927031408,0.8466780238500851,0.6230924729477981,0.8466780238500851,-0.7367156208277703,0.6105476673427992,1.114814814814815,0.44661458333333337,3.682899207248018,0.5316565481352993,-0.35839598997493727,0.35839598997493727,-0.5759591927256598,-0.5477,-0.06684900000000002,-2043005.0,3082605.0
2,0.32380000000000003,0.027,0.026500000000000003,0.045200000000000004,0.07531536,9.3090534e-08,5.791332e-06,0.37260000000000004,0.38130000000000003,0.1565,0.0716,0.0262,0.0863,0.2702,0.339,-0.5518096182449183,-0.25207756232686984,-0.00569259962049339,0.8460661345496008,0.6079794879763801,0.8460661345496008,-0.7550135501355013,0.5862831858407079,0.9814814814814816,0.4575079872204473,3.752027809965238,0.5233892321270963,-0.34832396418904854,0.34832396418904854,-0.5607039429717086,-0.56305,-0.07246283,-2042995.0,3084035.0
2,0.3623,0.0206,0.0218,0.043500000000000004,0.056731157,4.0876863e-08,3.8733597e-06,0.4169,0.39530000000000004,0.13770000000000002,0.055200000000000006,0.0261,0.09340000000000001,0.3033,0.3789,-0.5198675496688742,-0.3572542901716069,0.08977035490605433,0.892400104465918,0.6693511796733213,0.892400104465918,-0.7856086742237556,0.5011494252873563,1.058252427184466,0.4008714596949891,3.8790149892933616,0.63859649122807,-0.4492,0.4492,-0.6703631224179171,-0.60565,-0.05966998999999999,-2042995.0,3085455.0
2,0.3065,0.0205,0.0221,0.038700000000000005,0.12253933,1.1292099e-07,8.637758e-06,0.37270000000000003,0.3849,0.1326,0.054400000000000004,0.026000000000000002,0.0864,0.2721,0.3373,-0.5481611208406304,-0.3074324324324325,0.08108108108108109,0.874617737003058,0.590108803165183,0.874617737003058,-0.7757821552723059,0.5710594315245477,1.078048780487805,0.4102564102564103,3.5474537037037033,0.6164639850327408,-0.39603734912320654,0.39603734912320654,-0.6287484510532837,-0.5261999999999999,-0.05584794999999997,-2042985.0,3086875.0
2,0.3502,0.028800000000000003,0.032100000000000004,0.053700000000000005,0.10939233,1.0938048e-07,8.100661e-06,0.3931,0.3795,0.14,0.059800000000000006,0.0324,0.0979,0.2904,0.3587,-0.44553433144037174,-0.3018181818181818,0.004651162790697592,0.8480211081794196,0.6603236498342757,0.8480211081794196,-0.7340925971775191,0.5977653631284916,1.1145833333333333,0.42714285714285716,3.5771195097037793,0.5453827940015784,-0.4288045695634435,0.4288045695634435,-0.6236992992142705,-0.554,-0.051106789999999985,-2042975.0,3088295.0
2,0.3255,0.027100000000000003,0.029300000000000003,0.0504,0.094133236,6.68019e-08,5.488827e-06,0.3684,0.376,0.1743,0.079,0.030600000000000002,0.096,0.27640000000000003,0.3346,-0.5514018691588786,-0.30064516129032254,0.021702838063439048,0.8462847419171865,0.6202152402727954,0.8462847419171865,-0.7318435754189945,0.5813492063492064,1.081180811808118,0.45324153757888697,3.390625,0.5597075548334688,-0.3025210084033613,0.3025210084033613,-0.5395964417444131,-0.57465,-0.07525629999999997,-2041585.0,3082605.0
2,0.3305,0.019100000000000002,0.0213,0.0426,0.06795084,5.3858756e-08,4.8307925e-06,0.34650000000000003,0.3733,0.11670000000000001,0.046200000000000005,0.0284,0.0862,0.2526,0.3144,-0.46516007532956694,-0.3808752025931928,0.1428571428571429,0.8907322654462242,0.627961255689112,0.8907322654462242,-0.7716429911551864,0.5,1.1151832460732982,0.39588688946015427,3.8341067285382833,0.6372269705603038,-0.4780858676207513,0.4780858676207513,-0.686885638935507,-0.5314500000000001,-0.04517327,-2041575.0,3084025.0
2,0.30010000000000003,0.0227,0.023,0.0386,0.101628385,6.192327e-08,6.5532704e-06,0.3699,0.3624,0.14300000000000002,0.061000000000000006,0.0223,0.07100000000000001,0.2554,0.3347,-0.5748898678414097,-0.2593800978792822,-0.015452538631346562,0.8593556381660471,0.5756844437410983,0.8593556381660471,-0.7720696781812812,0.5958549222797928,1.0132158590308369,0.42657342657342656,4.226760563380282,0.5154749199573107,-0.35454750620627395,0.35454750620627395,-0.588495575221239,-0.5299,-0.07278226,-2043015.0,3079765.0
2,0.3272,0.0179,0.0198,0.0391,0.099229135,3.4570693e-08,6.6244556e-06,0.3678,0.36660000000000004,0.12380000000000001,0.048600000000000004,0.0189,0.0795,0.2612,0.3321,-0.5199508901166359,-0.37192982456140355,-0.023255813953488413,0.896261953057085,0.6221133659902028,0.896261953057085,-0.7865137865137863,0.5063938618925832,1.106145251396648,0.39256865912762523,4.1157232704402515,0.6324435318275154,-0.4509977827050997,0.4509977827050997,-0.6783555018137847,-0.5468,-0.056624579999999994,-2043005.0,3081185.0
2,0.3643,0.019,0.0204,0.0383,0.1164666,8.945167e-08,8.573955e-06,0.37560000000000004,0.3916,0.1282,0.0521,0.0217,0.0756,0.267,0.341,-0.5399399399399399,-0.3368237347294939,0.030878859857482163,0.9008609444299503,0.6728665207877462,0.9008609444299503,-0.8097367113760556,0.5326370757180157,1.0736842105263158,0.406396255850234,4.818783068783069,0.5983086680761099,-0.4793908629441624,0.4793908629441624,-0.688021061869241,-0.6095750000000001,-0.06533696,-2041595.0,3078345.0
2,0.27030000000000004,0.027,0.028200000000000003,0.042,0.11389902,2.1712184e-07,8.514119e-06,0.32180000000000003,0.3347,0.128,0.0596,0.0261,0.07540000000000001,0.22740000000000002,0.28800000000000003,-0.5058823529411763,-0.2173913043478261,-0.03867403314917129,0.8183652875882946,0.5314138269986893,0.8183652875882946,-0.7310278578290106,0.6714285714285715,1.0444444444444445,0.465625,3.5848806366047747,0.4726562500000001,-0.35726839066030636,0.35726839066030636,-0.5502466891716438,-0.44935,-0.05511681999999998,-2041595.0,3079765.0
2,0.3471,0.025900000000000003,0.028900000000000002,0.050800000000000005,0.08672718,7.00593e-08,4.8092543e-06,0.3935,0.40190000000000003,0.166,0.0723,0.0261,0.0947,0.29460000000000003,0.36100000000000004,-0.5313653136531364,-0.3246414602346806,-0.05090909090909091,0.8611260053619304,0.6547540346101496,0.8611260053619304,-0.7446594621764262,0.5688976377952756,1.1158301158301158,0.4355421686746988,3.6652587117212247,0.5704809286898839,-0.35295264081075817,0.35295264081075817,-0.5858287642345001,-0.595675,-0.07214277999999998,-2041585.0,3081185.0
2,0.43760000000000004,0.0234,0.0297,0.051300000000000005,0.1035936,8.295178e-08,5.9400195e-06,0.4582,0.44970000000000004,0.1643,0.0694,0.0298,0.09280000000000001,0.3266,0.4193,-0.5241187384044526,-0.3734939759036145,0.001680672268907553,0.8984815618221259,0.7899649511160302,0.8984815618221259,-0.7901411331560646,0.5789473684210525,1.2692307692307692,0.4223980523432745,4.7155172413793105,0.5972461273666093,-0.45406213656753613,0.45406213656753613,-0.6686306016782718,-0.7275500000000001,-0.08299398000000001,-2040175.0,3078335.0
2,0.33430000000000004,0.020300000000000002,0.0227,0.0427,0.11775488,6.203949e-08,7.771402e-06,0.3614,0.37410000000000004,0.1376,0.0594,0.0241,0.0767,0.2626,0.3336,-0.526344980587909,-0.35555555555555557,0.02991452991452988,0.8855047941342359,0.6341719485165456,0.8855047941342359,-0.7734748010610079,0.531615925058548,1.1182266009852215,0.4316860465116279,4.358539765319427,0.5814432989690722,-0.4168255986437805,0.4168255986437805,-0.634989695443096,-0.56355,-0.06677604999999999,-2040175.0,3079755.0
2,0.2457,0.024300000000000002,0.029400000000000003,0.038700000000000005,0.22611015,9.391725e-07,1.4288042e-05,0.29660000000000003,0.3734,0.1393,0.063,0.036000000000000004,0.0678,0.1988,0.2617,-0.5651685393258427,-0.22857142857142862,0.10091743119266056,0.8199999999999998,0.5038001707941929,0.8199999999999998,-0.7278481012658228,0.7596899224806202,1.2098765432098766,0.4522613065326633,3.6238938053097347,0.4723127035830619,-0.27636363636363637,0.27636363636363637,-0.5182119205298014,-0.4356,-0.06503654,-2040165.0,3081175.0
3,0.39490000000000003,0.038700000000000005,0.033600000000000005,0.0678,0.10096645,1.7102658e-07,5.796091e-06,0.43310000000000004,0.3921,0.2152,0.09920000000000001,0.027600000000000003,0.126,0.32230000000000003,0.39640000000000003,-0.5208480565371024,-0.2732394366197182,-0.09803921568627454,0.8214944649446494,0.6898043778634282,0.8214944649446494,-0.7069375405230172,0.49557522123893816,0.8682170542635659,0.4609665427509294,3.1341269841269845,0.5300546448087431,-0.29454187838059337,0.29454187838059337,-0.5130649717514124,-0.6872500000000001,-0.08676369000000003,-2038755.0,3078335.0
3,0.3361,0.0741,0.0539,0.0879,0.092983276,1.8270015e-07,5.445522e-06,0.38980000000000004,0.3558,0.2559,0.135,0.0375,0.1552,0.2992,0.3426,-0.48865619546247824,-0.08518518518518522,-0.17943107221006568,0.6387128230131643,0.5566130262632134,0.6387128230131643,-0.5853773584905659,0.6131968145620023,0.727395411605938,0.5275498241500586,2.1655927835051547,0.3536851286524204,-0.13547297297297295,0.13547297297297295,-0.3019529293940912,-0.5806000000000002,-0.08042265000000003,-2038745.0,3079755.0
2,0.3527,0.019700000000000002,0.021,0.0419,0.065997496,5.2228568e-08,4.776777e-06,0.38330000000000003,0.382,0.1366,0.0557,0.021500000000000002,0.0834,0.2826,0.35450000000000004,-0.5305322128851542,-0.3603896103896103,0.011764705882352951,0.8941997851772289,0.6563499314755595,0.8941997851772289,-0.7876330461226559,0.5011933174224344,1.065989847715736,0.40775988286969256,4.229016786570743,0.6178467507274492,-0.4416513386470468,0.4416513386470468,-0.6642173235359607,-0.594275,-0.06333376,-2041565.0,3085445.0
2,0.2947,0.0205,0.0216,0.0427,0.0729127,5.0124523e-08,5.440734e-06,0.32830000000000004,0.3079,0.13140000000000002,0.054700000000000006,0.021500000000000002,0.0844,0.2409,0.2954,-0.5094773118897186,-0.3512658227848101,-0.002320185614849174,0.8699238578680202,0.570398980648244,0.8699238578680202,-0.7468879668049792,0.5058548009367682,1.053658536585366,0.4162861491628615,3.491706161137441,0.6091515729265967,-0.38324337010091525,0.38324337010091525,-0.6158365261813539,-0.4971250000000001,-0.0530042,-2041565.0,3086865.0
2,0.3309,0.0274,0.029400000000000003,0.051500000000000004,0.07734266,7.2231884e-08,5.32132e-06,0.3577,0.34690000000000004,0.1484,0.0637,0.028300000000000002,0.10210000000000001,0.2662,0.31920000000000004,-0.48474237118559277,-0.3054499366286439,-0.019064124783362224,0.8470555400502373,0.6274317540006277,0.8470555400502373,-0.7306485355648537,0.570873786407767,1.0729927007299271,0.42924528301886794,3.2409402546523016,0.576833976833977,-0.3807636136031713,0.3807636136031713,-0.5963668586619406,-0.5448750000000001,-0.05302364999999999,-2041555.0,3088285.0
2,0.3562,0.029300000000000003,0.0325,0.055900000000000005,0.094934046,6.048083e-08,6.195981e-06,0.42200000000000004,0.4112,0.1658,0.0719,0.0303,0.1027,0.3139,0.3855,-0.4957149300857014,-0.312206572769953,-0.035031847133757975,0.8479896238651103,0.6685037842033766,0.8479896238651103,-0.7287066246056783,0.5813953488372092,1.1092150170648463,0.4336550060313631,3.468354430379747,0.556060606060606,-0.36475095785440614,0.36475095785440614,-0.5868544600938967,-0.592775,-0.06640425999999999,-2040155.0,3082595.0
2,0.367,0.0268,0.029300000000000003,0.0546,0.06979669,7.1996446e-08,4.5428937e-06,0.3866,0.3471,0.1413,0.059300000000000005,0.0267,0.0969,0.2811,0.3471,-0.4425727411944869,-0.3415233415233415,-0.04642857142857145,0.8638902996444896,0.6809372730400213,0.8638902996444896,-0.7409867172675523,0.5366300366300366,1.0932835820895523,0.4196744515215853,3.787409700722394,0.5666936135812449,-0.44402911666338774,0.44402911666338774,-0.6430348258706468,-0.581825,-0.05473181999999999,-2040155.0,3084015.0
2,0.3529,0.0199,0.0233,0.0378,0.081768356,1.0609924e-07,6.1775636e-06,0.36310000000000003,0.3773,0.1109,0.045700000000000005,0.0245,0.0743,0.25470000000000004,0.3312,-0.49159381304640215,-0.31022530329289427,0.025104602510460244,0.8932403433476394,0.6645986667180456,0.8932403433476394,-0.8065011517788585,0.6164021164021164,1.170854271356784,0.41208295761947705,4.7496635262449525,0.5774946921443737,-0.5217766278568349,0.5217766278568349,-0.7030330466274333,-0.566475,-0.05373398999999998,-2040145.0,3085435.0
2,0.2639,0.0228,0.0284,0.042300000000000004,0.08580382,1.0150671e-07,7.870984e-06,0.298,0.3269,0.11910000000000001,0.051300000000000005,0.026500000000000003,0.0777,0.21230000000000002,0.2676,-0.4758364312267658,-0.2995391705069125,-0.03460837887067393,0.8409487268922219,0.5362886250736718,0.8409487268922219,-0.7237099934683213,0.6713947990543735,1.2456140350877194,0.43073047858942065,3.3963963963963963,0.5462686567164179,-0.3780678851174935,0.3780678851174935,-0.5955240174672489,-0.42752500000000004,-0.04504486999999999,-2040145.0,3086865.0
3,0.3678,0.035300000000000005,0.0324,0.0658,0.07105432,6.0877205e-08,4.2284255e-06,0.406,0.41050000000000003,0.1665,0.0713,0.0234,0.1052,0.3039,0.37,-0.433491175204477,-0.30168150346191885,-0.1612903225806451,0.8248573554949145,0.661529253329343,0.8248573554949145,-0.6964944649446496,0.49240121580547114,0.9178470254957505,0.4282282282282282,3.496197718631179,0.4975088967971529,-0.3767546322290848,0.3767546322290848,-0.5793212312549328,-0.586725,-0.06096605000000002,-2038735.0,3082595.0
2,0.3859,0.023,0.0264,0.0534,0.06254717,8.152127e-08,4.0888376e-06,0.3705,0.32880000000000004,0.1213,0.048600000000000004,0.0256,0.0898,0.2652,0.33380000000000004,-0.388666285060103,-0.39790575916230375,-0.015384615384615358,0.8875030569821472,0.7102722678935063,0.8875030569821472,-0.756885954928295,0.4943820224719101,1.1478260869565218,0.4006595218466612,4.297327394209354,0.5921985815602836,-0.5216876971608833,0.5216876971608833,-0.7040710890679893,-0.5887499999999999,-0.047814640000000005,-2038735.0,3084015.0
2,0.328,0.019200000000000002,0.0222,0.0441,0.050873175,3.8117168e-08,3.0943636e-06,0.3644,0.3447,0.11660000000000001,0.047,0.0194,0.0857,0.2617,0.3281,-0.4511512134411948,-0.3933649289099526,-0.06730769230769232,0.8894009216589862,0.6272421085611343,0.8894009216589862,-0.7629669443697932,0.5034013605442177,1.15625,0.40308747855917665,3.82730455075846,0.6339370829361297,-0.47548358074673863,0.47548358074673863,-0.6820365033621518,-0.5226999999999999,-0.04688663999999998,-2038725.0,3085435.0
2,0.3027,0.027600000000000003,0.0325,0.049100000000000005,0.06762595,1.0017156e-07,5.377303e-06,0.3316,0.3506,0.13820000000000002,0.0611,0.032,0.0852,0.23970000000000002,0.29600000000000004,-0.47570742124933263,-0.2803129074315515,-0.007751937984496131,0.8328792007266121,0.5954432240414846,0.8328792007266121,-0.7208641273450825,0.6619144602851323,1.1775362318840579,0.4421128798842257,3.552816901408451,0.5106382978723404,-0.37310047629848037,0.37310047629848037,-0.5815050719509318,-0.49082500000000007,-0.05405795000000001,-2041545.0,3092545.0
2,0.3799,0.024200000000000003,0.0281,0.0504,0.04978261,5.3080914e-08,3.3668362e-06,0.38770000000000004,0.3613,0.1446,0.060200000000000004,0.024200000000000003,0.0857,0.278,0.3476,-0.48307692307692307,-0.35120643431635384,-0.07456978967495215,0.8802276664192031,0.7041883820900064,0.8802276664192031,-0.7657448291889379,0.5575396825396826,1.1611570247933882,0.41632088520055327,4.4329054842473745,0.5595996360327571,-0.44861773117254533,0.44861773117254533,-0.6571892770105604,-0.6175999999999999,-0.06642240999999999,-2041535.0,3093965.0
2,0.38520000000000004,0.033800000000000004,0.035,0.0604,0.07770159,1.0280907e-07,4.8840225e-06,0.375,0.3598,0.15760000000000002,0.0703,0.0322,0.0952,0.2666,0.33390000000000003,-0.4458715596330275,-0.2823779193205945,-0.04166666666666672,0.8386634844868736,0.7010184835910976,0.8386634844868736,-0.7289048473967684,0.5794701986754968,1.0355029585798816,0.44606598984771567,4.046218487394958,0.47596899224806205,-0.41930729550478996,0.41930729550478996,-0.6028991035666604,-0.610625,-0.06536360999999999,-2040115.0,3092545.0
2,0.3826,0.026600000000000002,0.027800000000000002,0.0565,0.06169951,8.697509e-08,3.47393e-06,0.3786,0.3156,0.1661,0.0719,0.0273,0.09820000000000001,0.2751,0.3395,-0.4923629829290207,-0.35980746089049337,-0.00907441016333939,0.8699902248289344,0.6972332608532654,0.8699902248289344,-0.7426554315645639,0.4920353982300885,1.045112781954887,0.43287176399759186,3.896130346232179,0.5737179487179488,-0.394568981228358,0.394568981228358,-0.6128905482413046,-0.636025,-0.07185054999999999,-2038715.0,3089695.0
2,0.303,0.021400000000000002,0.023100000000000002,0.041600000000000005,0.06705994,4.9507616e-08,6.006146e-06,0.3151,0.3174,0.11760000000000001,0.0512,0.023100000000000002,0.0758,0.2265,0.2818,-0.4773869346733669,-0.32063492063492066,0.0,0.8680641183723796,0.5850653737630648,0.8680641183723796,-0.7585606500290191,0.5552884615384616,1.0794392523364487,0.43537414965986393,3.997361477572559,0.5596707818930041,-0.44079885877318115,0.44079885877318115,-0.63581640331076,-0.491,-0.05052703999999999,-2038705.0,3091115.0
2,0.3045,0.0253,0.028300000000000002,0.0478,0.0617099,8.817911e-08,3.821059e-06,0.3699,0.3634,0.1563,0.0673,0.028900000000000002,0.0932,0.2728,0.3375,-0.5316021558059774,-0.3077975376196991,0.010489510489510486,0.8465736810187994,0.5915759012901411,0.8465736810187994,-0.7286403633267101,0.5920502092050209,1.1185770750988144,0.4305822136916187,3.267167381974249,0.5729957805907173,-0.3216145833333333,0.3216145833333333,-0.5646450399623882,-0.526575,-0.06340588999999998,-2038695.0,3092535.0
2,0.3658,0.0296,0.0362,0.056,0.1039054,1.4773607e-07,5.8408536e-06,0.37510000000000004,0.3789,0.1602,0.0728,0.038900000000000004,0.09090000000000001,0.2738,0.3415,-0.4819611470860315,-0.308411214953271,0.035952063914780306,0.8502781992918563,0.6957307964462616,0.8502781992918563,-0.7344713134186819,0.6464285714285715,1.222972972972973,0.4544319600499376,4.024202420242024,0.5087136929460581,-0.39087452471482886,0.39087452471482886,-0.5939730372720063,-0.5946,-0.06947550999999999,-2038695.0,3093955.0
2,0.35200000000000004,0.025900000000000003,0.0275,0.048600000000000004,0.0964089,9.441972e-08,6.69275e-06,0.36310000000000003,0.374,0.1588,0.0694,0.0236,0.0864,0.2629,0.3294,-0.5313404050144648,-0.30469798657718117,-0.07632093933463797,0.8629267001852343,0.6564193213695577,0.8629267001852343,-0.7573639540688966,0.5658436213991769,1.0617760617760617,0.43702770780856426,4.074074074074074,0.5387355298308103,-0.3782302270947534,0.3782302270947534,-0.5985678180286437,-0.59985,-0.07349180999999999,-2037295.0,3089685.0
2,0.3728,0.0221,0.0233,0.0495,0.03651553,4.0012598e-08,2.1624671e-06,0.4011,0.378,0.1456,0.0601,0.0221,0.095,0.2944,0.3657,-0.4925679138903127,-0.38268156424581007,-0.026431718061674,0.8880729298556597,0.6838011498140006,0.8880729298556597,-0.7655695003551978,0.4707070707070707,1.0542986425339367,0.41277472527472525,3.9242105263157896,0.6225448334756617,-0.43827160493827166,0.43827160493827166,-0.656282667781727,-0.615525,-0.06257132000000001,-2037285.0,3091115.0
2,0.3115,0.0181,0.0205,0.0422,0.08245464,4.9215554e-08,5.539511e-06,0.33140000000000003,0.33790000000000003,0.1396,0.057100000000000005,0.020300000000000002,0.08020000000000001,0.24600000000000002,0.30010000000000003,-0.5357535753575358,-0.3996683250414593,-0.004901960784313695,0.8901699029126213,0.6006633237256682,0.8901699029126213,-0.761379700310998,0.48578199052132703,1.1325966850828728,0.40902578796561606,3.8840399002493764,0.6317395727365208,-0.38106849922411884,0.38106849922411884,-0.6306483300589392,-0.5363749999999999,-0.06209084,-2037275.0,3092535.0
2,0.36410000000000003,0.034800000000000005,0.0383,0.0575,0.08848867,1.8023252e-07,6.3440275e-06,0.38430000000000003,0.34940000000000004,0.163,0.07540000000000001,0.0405,0.0976,0.2813,0.3471,-0.4784580498866214,-0.24593716143011912,0.02791878172588833,0.825520180496365,0.6809396025356824,0.825520180496365,-0.7272296015180266,0.6660869565217391,1.100574712643678,0.46257668711656447,3.730532786885246,0.4743202416918428,-0.38152153291595525,0.38152153291595525,-0.5700351150994928,-0.58975,-0.06622618000000001,-2040095.0,3098225.0
2,0.3388,0.0222,0.0262,0.0403,0.08410136,9.379089e-08,5.7302987e-06,0.3783,0.3783,0.14020000000000002,0.0618,0.0291,0.0746,0.2655,0.3426,-0.5534626038781164,-0.2896,0.05244122965641952,0.8770083102493075,0.6466483731869854,0.8770083102493075,-0.7873911896597203,0.6501240694789082,1.1801801801801801,0.4407988587731811,4.541554959785523,0.5413223140495869,-0.4146137787056367,0.4146137787056367,-0.6258351893095767,-0.5761,-0.07188644999999999,-2040085.0,3099645.0
3,0.37110000000000004,0.0262,0.029500000000000002,0.0563,0.05819752,6.5541265e-08,3.5156304e-06,0.398,0.3907,0.1636,0.0708,0.027200000000000002,0.0988,0.29760000000000003,0.3617,-0.48794906775807184,-0.36484848484848487,-0.04056437389770723,0.868109740750063,0.6897593818140086,0.868109740750063,-0.7365465605989705,0.5239786856127886,1.1259541984732824,0.43276283618581907,3.7560728744939276,0.5808,-0.3880680755563868,0.3880680755563868,-0.6101286173633442,-0.6141000000000001,-0.06852082999999999,-2040085.0,3101065.0
2,0.2535,0.0236,0.027600000000000003,0.042300000000000004,0.051121544,8.2352756e-08,4.3283976e-06,0.2908,0.3204,0.1405,0.061700000000000005,0.0273,0.0772,0.2137,0.25830000000000003,-0.537199124726477,-0.28376327769347504,-0.005464480874316969,0.8296643810898592,0.5135510478915917,0.8296643810898592,-0.7139959432048681,0.6524822695035462,1.169491525423729,0.4391459074733096,3.2836787564766836,0.5317460317460319,-0.28680203045685276,0.28680203045685276,-0.5343886462882097,-0.4422249999999999,-0.057610320000000007,-2040075.0,3102485.0
2,0.1623,0.037200000000000004,0.0369,0.048600000000000004,0.1134278,1.223886e-06,1.10928895e-05,0.19260000000000002,0.3629,0.11370000000000001,0.0596,0.0335,0.0829,0.14120000000000002,0.1758,-0.4011090573012939,-0.13286713286713284,-0.048295454545454544,0.6270676691729322,0.332401352874859,0.6270676691729322,-0.5391180654338549,0.7592592592592592,0.9919354838709677,0.5241864555848724,1.9577804583835947,0.3805162364696086,-0.17608695652173909,0.17608695652173909,-0.3459459459459459,-0.2407,-0.023904749999999995,-2038675.0,3098215.0
2,0.3957,0.028200000000000003,0.028800000000000003,0.0562,0.115606405,6.9332124e-08,5.725878e-06,0.4476,0.4042,0.2134,0.09920000000000001,0.0302,0.11130000000000001,0.3211,0.41140000000000004,-0.5830860534124629,-0.3317535545023696,0.023728813559322007,0.8669497523000708,0.712469419527022,0.8669497523000708,-0.7512724053994247,0.5124555160142349,1.0212765957446808,0.46485473289597007,3.5552560646900266,0.5956989247311828,-0.2992940403874569,0.2992940403874569,-0.53832215981156,-0.7195499999999999,-0.10301254,-2038665.0,3099635.0
2,0.2773,0.0177,0.0207,0.0354,0.059749853,9.047687e-08,4.5468437e-06,0.31170000000000003,0.3246,0.1444,0.0614,0.0238,0.0742,0.22870000000000001,0.27640000000000003,-0.6062291434927697,-0.3333333333333333,0.06966292134831466,0.88,0.550010177081213,0.88,-0.7735849056603774,0.5847457627118644,1.1694915254237288,0.42520775623268703,3.737196765498652,0.6147986942328617,-0.3151529523357837,0.3151529523357837,-0.5804826306019624,-0.508,-0.06828407999999998,-2038665.0,3101055.0
3,0.48410000000000003,0.042800000000000005,0.044000000000000004,0.0805,0.123083845,1.5320778e-07,5.5330083e-06,0.5442,0.47890000000000005,0.2248,0.1068,0.0352,0.14880000000000002,0.42310000000000003,0.5016,-0.472649852603996,-0.3057583130575831,-0.11111111111111113,0.8375403302334409,0.8274505634701255,0.8375403302334409,-0.7148423662770103,0.546583850931677,1.02803738317757,0.4750889679715303,3.2533602150537635,0.5532359081419624,-0.365777965862604,0.365777965862604,-0.5585067138852,-0.7914000000000003,-0.08487761999999999,-2038655.0,3102475.0
2,0.27990000000000004,0.0429,0.049,0.060200000000000004,0.12611002,4.9206017e-07,1.0073386e-05,0.36300000000000004,0.3562,0.15410000000000001,0.0787,0.060500000000000005,0.1044,0.2728,0.3312,-0.4381707886140924,-0.16779825412221147,0.10502283105022833,0.7342007434944239,0.5615062403829714,0.7342007434944239,-0.645986474566304,0.813953488372093,1.1421911421911422,0.5107073329007138,2.681034482758621,0.4175152749490835,-0.28986175115207374,0.28986175115207374,-0.46015538290788016,-0.431825,-0.04627782000000001,-2037265.0,3096795.0
2,0.3488,0.0261,0.0309,0.054200000000000005,0.06638917,6.4209104e-08,3.8226967e-06,0.3816,0.3664,0.15480000000000002,0.06520000000000001,0.033,0.10060000000000001,0.2828,0.3432,-0.48133971291866035,-0.34993773349937735,0.03286384976525823,0.8607628700986929,0.6641542024889099,0.8607628700986929,-0.731017369727047,0.570110701107011,1.1839080459770115,0.42118863049095606,3.467196819085487,0.5880031570639306,-0.3852263701350277,0.3852263701350277,-0.6123142250530785,-0.5727000000000001,-0.058868950000000024,-2037255.0,3098215.0
2,0.3393,0.0244,0.0273,0.053000000000000005,0.05444608,3.8689375e-08,4.305933e-06,0.3607,0.3522,0.1326,0.0555,0.0223,0.0956,0.2684,0.3276,-0.42887931034482757,-0.3695090439276486,-0.10080645161290323,0.8658234808908443,0.6431554705492017,0.8658234808908443,-0.7297986235024216,0.5150943396226415,1.1188524590163935,0.41855203619909503,3.549163179916318,0.5933333333333333,-0.4380165289256198,0.4380165289256198,-0.6421052631578946,-0.5341750000000001,-0.04741506,-2038725.0,3086855.0
2,0.3551,0.0308,0.035300000000000005,0.058800000000000005,0.06871,1.05732674e-07,4.592174e-06,0.39930000000000004,0.392,0.15660000000000002,0.0684,0.0341,0.109,0.3034,0.3637,-0.45403899721448465,-0.3125,-0.017291066282420844,0.8403731536667531,0.6720385836960358,0.8403731536667531,-0.7158733993718289,0.6003401360544218,1.1461038961038963,0.43678160919540227,3.257798165137615,0.5593705293276108,-0.38792261090482705,0.38792261090482705,-0.5947712418300654,-0.56815,-0.053675569999999985,-2038715.0,3088275.0
2,0.4083,0.0198,0.0236,0.0466,0.10847267,5.2079557e-08,5.9763615e-06,0.4212,0.3922,0.14400000000000002,0.0579,0.0213,0.0901,0.3085,0.38920000000000005,-0.5110178384050368,-0.4036144578313253,-0.0512249443207127,0.9074982480728803,0.7413895267017258,0.9074982480728803,-0.7951198065508904,0.5064377682403433,1.1919191919191918,0.4020833333333333,4.531631520532741,0.6396724294813467,-0.4785442694187941,0.4785442694187941,-0.695054945054945,-0.673875,-0.06852463,-2037315.0,3082585.0
2,0.38280000000000003,0.0246,0.0269,0.0499,0.057946593,3.2299756e-08,4.1585254e-06,0.4182,0.3924,0.133,0.054900000000000004,0.026500000000000003,0.0949,0.30260000000000004,0.3805,-0.45434663750683435,-0.3395973154362416,-0.007490636704119804,0.8792341678939617,0.7017649493847138,0.8792341678939617,-0.7693552114629073,0.5390781563126252,1.0934959349593496,0.4127819548872181,4.033719704952582,0.5882845188284519,-0.48429623885226836,0.48429623885226836,-0.6749795584627963,-0.608325,-0.05498708999999999,-2037315.0,3084005.0
2,0.218,0.0175,0.023100000000000002,0.0337,0.11835455,2.104342e-07,9.817614e-06,0.28500000000000003,0.3295,0.1124,0.0487,0.0296,0.0718,0.203,0.254,-0.5386721423682409,-0.31640624999999994,0.12333965844402274,0.8513800424628452,0.45879539030223965,0.8513800424628452,-0.7322208978943187,0.685459940652819,1.32,0.4332740213523132,3.0362116991643453,0.6080627099664053,-0.3196125907990314,0.3196125907990314,-0.5691506671005532,-0.37607500000000005,-0.04431574999999999,-2037305.0,3085425.0
2,0.3351,0.0245,0.026600000000000002,0.0506,0.06412223,5.5432317e-08,4.4266794e-06,0.34040000000000004,0.3224,0.1265,0.0538,0.027100000000000003,0.08950000000000001,0.2504,0.3053,-0.42857142857142855,-0.34753661784287615,0.009310986964618257,0.8637374860956617,0.6340636207703103,0.8637374860956617,-0.7376199118485871,0.5256916996047432,1.0857142857142859,0.425296442687747,3.7441340782122903,0.5701754385964911,-0.45190641247833624,0.45190641247833624,-0.6440909090909089,-0.52585,-0.04695637,-2037305.0,3086845.0
2,0.4037,0.0398,0.037000000000000005,0.0658,0.100643486,1.1603832e-07,5.9245726e-06,0.4071,0.3869,0.1962,0.094,0.0327,0.1091,0.2918,0.3695,-0.4977099236641222,-0.24621212121212116,-0.06169296987087524,0.8205186020293123,0.7102197802197802,0.8205186020293123,-0.7197018104366346,0.5623100303951368,0.9296482412060302,0.4791029561671763,3.700274977085243,0.4654130288784419,-0.34589098183030503,0.34589098183030503,-0.5342036553524803,-0.6748500000000001,-0.08579586,-2037295.0,3088265.0
2,0.44220000000000004,0.035300000000000005,0.0351,0.0635,0.12847498,1.6616285e-07,5.235393e-06,0.5412,0.4555,0.21810000000000002,0.09910000000000001,0.0328,0.1198,0.37670000000000003,0.4994,-0.5490056818181819,-0.2854251012145749,-0.033873343151693616,0.8521465968586388,0.7695128527772784,0.8521465968586388,-0.7488629622305715,0.552755905511811,0.9943342776203964,0.4543787253553416,3.6911519198664444,0.544809800128949,-0.33939118582462513,0.33939118582462513,-0.5605689063266306,-0.7718250000000002,-0.10421294,-2035895.0,3082585.0
2,0.431,0.0324,0.040100000000000004,0.06330000000000001,0.079444416,1.3742446e-07,4.2840757e-06,0.4773,0.4768,0.19290000000000002,0.0868,0.0405,0.1111,0.341,0.43310000000000004,-0.505854800936768,-0.32288401253918503,0.004962779156327513,0.860164005179111,0.7889631223342015,0.860164005179111,-0.7438802346752983,0.6334913112164297,1.2376543209876545,0.4499740798341109,3.879387938793879,0.5484320557491289,-0.38163167174226637,0.38163167174226637,-0.596137557174318,-0.7158,-0.08658429999999999,-2035895.0,3084005.0
2,0.2962,0.0217,0.0239,0.0409,0.049257584,5.2037834e-08,3.8047924e-06,0.3569,0.3401,0.1431,0.0594,0.022500000000000003,0.0816,0.2535,0.3194,-0.5554347826086957,-0.3067092651757188,-0.03017241379310341,0.8634790814721611,0.5763540873190875,0.8634790814721611,-0.7573420350044497,0.5843520782396089,1.1013824884792627,0.41509433962264153,3.6299019607843137,0.579864472410455,-0.3485089915775097,0.3485089915775097,-0.5957128614157527,-0.51795,-0.06398843999999998,-2035885.0,3085425.0
2,0.3441,0.0368,0.0383,0.06380000000000001,0.10184401,2.2898912e-07,7.9840775e-06,0.37260000000000004,0.3556,0.1467,0.0689,0.0402,0.109,0.27940000000000004,0.3357,-0.3938242280285035,-0.2683896620278331,0.024203821656050943,0.8067734313468102,0.644503580792862,0.8067734313468102,-0.687178229958323,0.6003134796238244,1.0407608695652175,0.46966598500340834,3.1568807339449543,0.49519890260631005,-0.40220048899755506,0.40220048899755506,-0.5668920303216554,-0.5211749999999999,-0.04459378999999999,-2042935.0,3098235.0
2,0.3927,0.023200000000000002,0.0269,0.049,0.07154183,8.078813e-08,3.9048236e-06,0.4138,0.42600000000000005,0.16240000000000002,0.07100000000000001,0.0285,0.095,0.30760000000000004,0.38270000000000004,-0.5364238410596026,-0.3573407202216066,0.02888086642599279,0.8884347198845877,0.7206330113145133,0.8884347198845877,-0.7781299524564185,0.5489795918367347,1.1594827586206895,0.437192118226601,4.133684210526316,0.6074450084602369,-0.4148802017654476,0.4148802017654476,-0.6333203581159983,-0.6655000000000001,-0.07595254000000001,-2042925.0,3099655.0
2,0.31070000000000003,0.0441,0.038400000000000004,0.049600000000000005,0.1332674,7.585525e-07,9.595867e-06,0.3673,0.373,0.15080000000000002,0.0786,0.0468,0.0901,0.2544,0.332,-0.5049900199600799,-0.05869797225186771,0.09859154929577463,0.7514092446448705,0.569136953313136,0.7514092446448705,-0.7246738828753815,0.7741935483870968,0.870748299319728,0.5212201591511936,3.4483906770255275,0.34277198211624443,-0.34647887323943666,0.34647887323943666,-0.4798643493005511,-0.5102000000000001,-0.06299818000000001,-2042925.0,3101075.0
2,0.36010000000000003,0.031100000000000003,0.0334,0.054900000000000004,0.07515404,1.6549527e-07,5.045832e-06,0.36310000000000003,0.3598,0.1605,0.0702,0.0313,0.0944,0.273,0.3274,-0.49025069637883006,-0.27674418604651163,-0.03245749613601233,0.8410020449897749,0.6705369541737387,0.8410020449897749,-0.7354216867469879,0.6083788706739526,1.0739549839228295,0.43738317757009343,3.814618644067797,0.5043824701195219,-0.3834037648866692,0.3834037648866692,-0.5905416329830234,-0.5927000000000002,-0.06499452999999997,-2042915.0,3102495.0
2,0.3619,0.025400000000000002,0.0298,0.050100000000000006,0.07645034,1.9041896e-07,5.425756e-06,0.4116,0.43,0.1468,0.0651,0.033600000000000005,0.10360000000000001,0.308,0.375,-0.49111223971559165,-0.3271523178807947,0.05993690851735022,0.8688355280144592,0.6812441896498296,0.8688355280144592,-0.7567961165048542,0.5948103792415169,1.1732283464566928,0.44346049046321523,3.493243243243243,0.6062015503875969,-0.42284253980735204,0.42284253980735204,-0.6246370800497718,-0.591725,-0.057202449999999995,-2041515.0,3098235.0
2,0.40180000000000005,0.035,0.0327,0.062400000000000004,0.072176754,1.1498928e-07,3.9908505e-06,0.42850000000000005,0.3912,0.19340000000000002,0.0868,0.023700000000000002,0.1106,0.3062,0.3901,-0.5121188428459734,-0.28131416837782336,-0.15957446808510634,0.8397435897435896,0.7094508067761882,0.8397435897435896,-0.7311503662214562,0.5240384615384615,0.9342857142857142,0.44881075491209926,3.6329113924050636,0.5192307692307692,-0.35013440860215056,0.35013440860215056,-0.5621067769189286,-0.6824,-0.08426416000000002,-2041505.0,3099655.0
2,0.3851,0.023700000000000002,0.029300000000000003,0.0471,0.107119344,1.5081167e-07,6.8779423e-06,0.4213,0.4116,0.1453,0.064,0.0385,0.08560000000000001,0.30010000000000003,0.3891,-0.5103950103950105,-0.3305084745762712,0.13569321533923298,0.8840508806262231,0.7181752131849642,0.8840508806262231,-0.7820453493752891,0.6220806794055201,1.2362869198312236,0.44046799724707497,4.498831775700934,0.5663311985361391,-0.45211161387631976,0.45211161387631976,-0.6506671977693687,-0.63255,-0.07091839999999999,-2041505.0,3101075.0
2,0.29450000000000004,0.0262,0.0316,0.045700000000000005,0.074062824,1.0476708e-07,5.564442e-06,0.3407,0.35200000000000004,0.1517,0.0679,0.0316,0.082,0.2511,0.308,-0.5369807497467072,-0.27121001390820587,0.0,0.8366074212659806,0.5845476249279657,0.8366074212659806,-0.7313345091122868,0.6914660831509847,1.2061068702290076,0.4475939353988135,3.5914634146341466,0.5157116451016636,-0.3200358583594801,0.3200358583594801,-0.5521180390290338,-0.506475,-0.06560865,-2041495.0,3102495.0
2,0.31820000000000004,0.029500000000000002,0.0345,0.051500000000000004,0.078619346,1.5477538e-07,6.5786135e-06,0.3371,0.34700000000000003,0.1434,0.0632,0.0337,0.0847,0.2439,0.3007,-0.4715238583889173,-0.271604938271605,-0.011730205278592405,0.8303134886396317,0.6195155485462414,0.8303134886396317,-0.7213957262645389,0.6699029126213593,1.1694915254237288,0.44072524407252445,3.7567886658795757,0.4833625218914186,-0.37868284228769505,0.37868284228769505,-0.5837449483610238,-0.51335,-0.057409049999999996,-2042905.0,3103925.0
2,0.2901,0.0236,0.0269,0.044500000000000005,0.07336047,1.0880828e-07,5.0254375e-06,0.3261,0.328,0.1409,0.060500000000000005,0.0273,0.08020000000000001,0.2363,0.2899,-0.5199568500539373,-0.3069016152716594,0.007380073800738027,0.8495377749442141,0.57047034432294,0.8495377749442141,-0.7340107591153616,0.6044943820224719,1.1398305084745763,0.4293825408090845,3.617206982543641,0.5452793834296725,-0.3461716937354989,0.3461716937354989,-0.5806532036898528,-0.493225,-0.05973662,-2042905.0,3105345.0
2,0.3361,0.0316,0.0341,0.051300000000000005,0.097816035,1.2209117e-07,7.030201e-06,0.32780000000000004,0.33390000000000003,0.1254,0.055900000000000005,0.0302,0.0819,0.2399,0.29460000000000003,-0.4193548387096774,-0.23763570566948133,-0.06065318818040431,0.8281207506119118,0.6367573526516792,0.8281207506119118,-0.7351574599896747,0.6647173489278752,1.0791139240506327,0.44577352472089316,4.103785103785104,0.4431718061674009,-0.456554712892741,0.456554712892741,-0.6176534848153812,-0.5159250000000001,-0.047881369999999986,-2042895.0,3106765.0
2,0.2921,0.0267,0.029500000000000002,0.048,0.1019996,1.0063648e-07,7.1828817e-06,0.3342,0.3276,0.15280000000000002,0.0669,0.0274,0.0886,0.2454,0.2957,-0.5219123505976095,-0.285140562248996,-0.03690685413005274,0.8324968632371392,0.5715040006498519,0.8324968632371392,-0.7177300793884153,0.6145833333333334,1.104868913857678,0.43782722513089,3.296839729119639,0.5368603642671292,-0.31310406832996174,0.31310406832996174,-0.5491329479768786,-0.5011250000000002,-0.06145443000000001,-2042885.0,3108185.0
2,0.2738,0.021,0.023700000000000002,0.0396,0.07352312,8.810758e-08,5.2054684e-06,0.2893,0.3035,0.10980000000000001,0.0459,0.023100000000000002,0.0653,0.20570000000000002,0.2615,-0.4698795180722892,-0.306930693069307,-0.012820512820512815,0.8575305291723201,0.5429401415654025,0.8575305291723201,-0.7472878111040203,0.5984848484848485,1.1285714285714286,0.4180327868852459,4.192955589586524,0.5133256083429895,-0.4275286757038581,0.4275286757038581,-0.6328210757409439,-0.441225,-0.047468190000000014,-2042885.0,3109605.0
2,0.26130000000000003,0.023100000000000002,0.0267,0.0397,0.08856398,1.7133951e-07,6.597914e-06,0.3013,0.3189,0.1393,0.0594,0.0263,0.0734,0.2245,0.2706,-0.5564245810055867,-0.2643312101910828,-0.007547169811320774,0.8375527426160337,0.5252782061434585,0.8375527426160337,-0.7362126245847176,0.6725440806045341,1.155844155844156,0.4264178033022254,3.5599455040871937,0.5212435233160622,-0.3045431852221668,0.3045431852221668,-0.5546558704453441,-0.46010000000000006,-0.05951312999999999,-2041485.0,3103915.0
2,0.3054,0.0238,0.0285,0.0443,0.07718221,1.6511679e-07,6.119614e-06,0.3362,0.3377,0.1332,0.0575,0.0285,0.0789,0.24630000000000002,0.3032,-0.5008450704225352,-0.3010279001468429,0.0,0.8554070473876064,0.5992142249584835,0.8554070473876064,-0.7466399771232485,0.6433408577878105,1.1974789915966386,0.43168168168168164,3.870722433460076,0.5365141187925998,-0.39261285909712723,0.39261285909712723,-0.6083815028901735,-0.5042749999999999,-0.05657275000000002,-2041485.0,3105335.0
2,0.3541,0.029500000000000002,0.0329,0.055900000000000005,0.056738097,9.6076725e-08,3.5232729e-06,0.3608,0.3663,0.1472,0.0629,0.029300000000000003,0.0887,0.2664,0.3306,-0.449532250123092,-0.3091334894613583,-0.05787781350482307,0.846193952033368,0.6662903414178379,0.846193952033368,-0.7273170731707317,0.5885509838998211,1.1152542372881356,0.4273097826086956,3.9921082299887263,0.5008460236886633,-0.4127269100339118,0.4127269100339118,-0.6145181476846058,-0.5635750000000002,-0.05903016999999999,-2041475.0,3106755.0
2,0.25880000000000003,0.0212,0.0261,0.0378,0.0660336,1.365155e-07,5.159666e-06,0.28400000000000003,0.3124,0.1389,0.0597,0.0258,0.0695,0.202,0.25370000000000004,-0.5721561969439728,-0.28135593220338984,-0.00578034682080928,0.8485714285714286,0.5257718966603655,0.8485714285714286,-0.7451112609575186,0.6904761904761905,1.2311320754716981,0.42980561555075597,3.7237410071942447,0.5325248070562294,-0.30148353029922054,0.30148353029922054,-0.5576817933296885,-0.4610250000000002,-0.06330758,-2041465.0,3108175.0
2,0.275,0.0308,0.0357,0.048400000000000006,0.0638594,2.0716786e-07,4.8790507e-06,0.3156,0.3085,0.1385,0.061500000000000006,0.0307,0.0859,0.2326,0.28290000000000004,-0.482075976457999,-0.22222222222222227,-0.07530120481927713,0.7985611510791367,0.5508997105826097,0.7985611510791367,-0.7006802721088435,0.7376033057851239,1.1590909090909092,0.44404332129963897,3.20139697322468,0.4721508140531277,-0.3301088270858525,0.3301088270858525,-0.5419354838709678,-0.44817500000000005,-0.04941509,-2041465.0,3109595.0
2,0.32230000000000003,0.018000000000000002,0.0211,0.039,0.08650198,7.5948236e-08,6.923693e-06,0.35050000000000003,0.35800000000000004,0.129,0.0483,0.019200000000000002,0.0723,0.252,0.3161,-0.5357142857142857,-0.36842105263157887,-0.047146401985111636,0.894210990302674,0.6192759718564522,0.894210990302674,-0.7841129255466373,0.541025641025641,1.172222222222222,0.3744186046511628,4.457814661134163,0.601328903654485,-0.4283181918900953,0.4283181918900953,-0.6763485477178423,-0.5462750000000001,-0.06064648000000001,-2042845.0,3116705.0
2,0.2581,0.0217,0.024200000000000003,0.038,0.1075234,2.9465258e-07,8.643867e-06,0.3053,0.3085,0.13820000000000002,0.060200000000000004,0.027700000000000002,0.0782,0.21910000000000002,0.273,-0.5686719636776391,-0.27303182579564483,0.06743737957610789,0.8448892065761259,0.5166970500497182,0.8448892065761259,-0.7433299560959136,0.636842105263158,1.1152073732718895,0.4356005788712011,3.3005115089514065,0.5655655655655656,-0.3025485743123896,0.3025485743123896,-0.5502471169686985,-0.46019999999999994,-0.05917457999999998,-2042835.0,3118125.0
2,0.3128,0.019700000000000002,0.0239,0.0396,0.08433603,1.1888742e-07,6.4511723e-06,0.3244,0.3236,0.1295,0.0533,0.0229,0.0719,0.23720000000000002,0.29700000000000004,-0.5316380839739799,-0.33558178752107926,-0.021367521367521385,0.8815037593984962,0.6089874176153386,0.8815037593984962,-0.7752553916004539,0.6035353535353535,1.2131979695431472,0.4115830115830116,4.350486787204451,0.5698689956331877,-0.4144245986886729,0.4144245986886729,-0.6436416890407615,-0.527225,-0.06019713999999997,-2042825.0,3119545.0
2,0.2581,0.0201,0.0234,0.0424,0.061446574,2.6686786e-07,5.695213e-06,0.2558,0.2831,0.1115,0.0473,0.024900000000000002,0.0637,0.1869,0.22890000000000002,-0.44899285250162435,-0.3568,0.03105590062111804,0.8554996405463695,0.5195728058510638,0.8554996405463695,-0.7178036605657239,0.5518867924528302,1.164179104477612,0.4242152466367713,4.051805337519623,0.5202863961813843,-0.3966450216450217,0.3966450216450217,-0.6136428776153625,-0.41317500000000007,-0.04587453999999999,-2041425.0,3116695.0
2,0.3599,0.0291,0.0341,0.0553,0.117109604,1.8845796e-07,6.864591e-06,0.38180000000000003,0.311,0.1544,0.066,0.024,0.0918,0.28,0.3471,-0.47257987601335244,-0.3104265402843602,-0.17383820998278826,0.8503856041131105,0.6808602150537635,0.8503856041131105,-0.7336223506743738,0.6166365280289331,1.1718213058419242,0.4274611398963731,3.9204793028322436,0.5186104218362283,-0.3995722341046082,0.3995722341046082,-0.6111224698425679,-0.5826,-0.06403616999999998,-2041415.0,3118115.0
2,0.3418,0.0162,0.0204,0.0347,0.08704683,1.11329555e-07,6.219463e-06,0.3527,0.3564,0.12940000000000002,0.0502,0.0184,0.06760000000000001,0.252,0.3214,-0.5770871419865935,-0.3634577603143419,-0.051546391752577365,0.9094972067039107,0.6518662519440125,0.9094972067039107,-0.8156706507304117,0.5878962536023055,1.2592592592592595,0.38794435857805254,5.056213017751479,0.6133651551312649,-0.4507640067911714,0.4507640067911714,-0.6901539897340176,-0.5871000000000001,-0.06814368999999999,-2041405.0,3119545.0
2,0.2891,0.0236,0.0281,0.0437,0.049599364,9.081065e-08,3.5824858e-06,0.3423,0.3049,0.1562,0.067,0.025500000000000002,0.0903,0.2561,0.309,-0.5627813906953476,-0.29866270430906394,-0.04850746268656713,0.8490566037735848,0.5730972580843477,0.8490566037735848,-0.7373798076923076,0.643020594965675,1.1906779661016949,0.42893725992317544,3.201550387596899,0.585601404741001,-0.2984504828205704,0.2984504828205704,-0.5556645414418833,-0.5138499999999999,-0.06387335,-2040005.0,3116695.0
2,0.29500000000000004,0.0247,0.026600000000000002,0.0478,0.072725244,1.0094642e-07,5.624263e-06,0.3356,0.32630000000000003,0.16290000000000002,0.0707,0.026000000000000002,0.0945,0.2534,0.3035,-0.5462743236829615,-0.31862068965517243,-0.011406844106463873,0.8454801376290272,0.5731285679826326,0.8454801376290272,-0.721120186697783,0.5564853556485356,1.076923076923077,0.43400859422958865,3.1216931216931223,0.5855704697986577,-0.2884909368857829,0.2884909368857829,-0.5424460431654677,-0.5230750000000002,-0.06505055,-2039995.0,3118115.0
2,0.312,0.0211,0.024800000000000003,0.0455,0.06850873,5.262494e-08,4.7181293e-06,0.3589,0.36560000000000004,0.1542,0.0621,0.0238,0.0917,0.2695,0.3257,-0.5443164747120681,-0.3663663663663664,-0.020576131687242816,0.8733113179225458,0.605859811591889,0.8733113179225458,-0.7454545454545455,0.5450549450549451,1.175355450236967,0.4027237354085603,3.402399127589967,0.6258865248226949,-0.3384813384813385,0.3384813384813385,-0.6038095238095238,-0.5452250000000001,-0.06270658999999998,-2039985.0,3119535.0
2,0.2601,0.0228,0.024200000000000003,0.041,0.058875713,7.237494e-08,4.4905387e-06,0.30010000000000003,0.3156,0.12190000000000001,0.0523,0.0325,0.0782,0.21980000000000002,0.26980000000000004,-0.4966236955187231,-0.28526645768025083,0.14638447971781302,0.83881230116649,0.5162497943064012,0.83881230116649,-0.7276652274991697,0.5902439024390245,1.06140350877193,0.4290401968826907,3.326086956521739,0.5485148514851486,-0.36178010471204186,0.36178010471204186,-0.5820812465219811,-0.43322499999999997,-0.04597690999999998,-2042875.0,3111025.0
2,0.38180000000000003,0.0356,0.041,0.0644,0.10207167,1.5408098e-07,5.9927597e-06,0.4,0.328,0.1636,0.0755,0.035500000000000004,0.1081,0.2987,0.3668,-0.43508771929824563,-0.288,-0.07189542483660127,0.8294202204120746,0.7134870719776382,0.8294202204120746,-0.7113402061855669,0.6366459627329193,1.151685393258427,0.4614914425427873,3.5319148936170213,0.5045233124565067,-0.40007334066740013,0.40007334066740013,-0.5838171942311293,-0.5972250000000001,-0.059962619999999994,-2042865.0,3112445.0
2,0.32130000000000003,0.020200000000000003,0.024200000000000003,0.040600000000000004,0.10297777,1.4311671e-07,6.511047e-06,0.3481,0.34640000000000004,0.1254,0.050100000000000006,0.0258,0.0824,0.2541,0.3129,-0.510843373493976,-0.3355263157894737,0.031999999999999945,0.8816983894582724,0.6209754163362411,0.8816983894582724,-0.7756286266924564,0.5960591133004927,1.198019801980198,0.3995215311004785,3.8992718446601944,0.6062378167641326,-0.43854936198791133,0.43854936198791133,-0.6618566618566618,-0.531825,-0.052171920000000004,-2042855.0,3113865.0
2,0.3204,0.027100000000000003,0.0345,0.050800000000000005,0.09125229,1.2138486e-07,6.325367e-06,0.34800000000000003,0.3385,0.1389,0.0584,0.0304,0.0857,0.2629,0.3164,-0.46441750131787024,-0.3042362002567394,-0.06317411402157169,0.8440287769784172,0.6321421278333673,0.8440287769784172,-0.7262931034482758,0.6791338582677166,1.2730627306273063,0.42044636429085674,3.738623103850642,0.5195035460992908,-0.395166557805356,0.395166557805356,-0.6117166212534059,-0.5128500000000001,-0.0525831,-2042855.0,3115285.0
2,0.221,0.0154,0.019200000000000002,0.0297,0.08533958,9.5582e-08,7.586525e-06,0.2791,0.27790000000000004,0.12240000000000001,0.05,0.028300000000000002,0.067,0.20450000000000002,0.2518,-0.6094674556213018,-0.3170731707317073,0.19157894736842107,0.8697123519458545,0.4592953651445186,0.8697123519458545,-0.7630634224172318,0.6464646464646465,1.2467532467532467,0.4084967320261438,3.298507462686567,0.6262135922330098,-0.28712871287128705,0.28712871287128705,-0.5719895287958116,-0.4091500000000001,-0.05324363,-2041455.0,3111015.0
2,0.35350000000000004,0.027600000000000003,0.032,0.0499,0.07987755,1.0690689e-07,5.4779944e-06,0.34790000000000004,0.32,0.1524,0.064,0.0307,0.0839,0.2616,0.31420000000000003,-0.5066732575383095,-0.28774193548387095,-0.020733652312599663,0.8551561270007871,0.6693378156516301,0.8551561270007871,-0.7526028755577591,0.6412825651302605,1.1594202898550723,0.4199475065616798,4.213349225268177,0.504932735426009,-0.3975093892073533,0.3975093892073533,-0.616013414378537,-0.5861000000000001,-0.06541464999999999,-2041445.0,3112435.0
2,0.30970000000000003,0.0217,0.025,0.040100000000000004,0.071526356,9.253621e-08,4.370238e-06,0.3569,0.36310000000000003,0.1388,0.0562,0.0207,0.0781,0.26830000000000004,0.3309,-0.5517048630519844,-0.2977346278317152,-0.0940919037199125,0.8690404345202173,0.60088629830725,0.8690404345202173,-0.7707261292166951,0.6234413965087282,1.1520737327188941,0.4048991354466859,3.9654289372599236,0.5651302605210421,-0.38104793756967675,0.38104793756967675,-0.6223945710130877,-0.53345,-0.06153980999999998,-2041435.0,3113855.0
2,0.3201,0.0173,0.0224,0.0371,0.07781272,1.1437535e-07,5.9613094e-06,0.36210000000000003,0.3346,0.1273,0.0502,0.0296,0.0711,0.2564,0.3289,-0.5486618004866181,-0.3639705882352941,0.13846153846153847,0.8974510966212212,0.6234174695437535,0.8974510966212212,-0.7922732362821947,0.6037735849056604,1.2947976878612717,0.39434406912804404,4.5021097046413505,0.6085972850678734,-0.4309342869915065,0.4309342869915065,-0.6707317073170731,-0.5434000000000001,-0.06237803,-2041435.0,3115275.0
2,0.2179,0.022000000000000002,0.026000000000000002,0.0354,0.07519738,1.5721916e-07,6.3682287e-06,0.29100000000000004,0.3044,0.1346,0.0611,0.0337,0.07490000000000001,0.2122,0.26130000000000003,-0.583529411764706,-0.23344947735191632,0.12897822445561136,0.8165902459358066,0.45263659191271977,0.8165902459358066,-0.7204895380971179,0.7344632768361582,1.1818181818181819,0.4539375928677563,2.9092122830440585,0.545923632610939,-0.23631205673758868,0.23631205673758868,-0.491743119266055,-0.398975,-0.055682309999999985,-2040035.0,3111005.0
2,0.2732,0.0205,0.025,0.0402,0.069922216,7.2333215e-08,5.4876796e-06,0.314,0.32130000000000003,0.14650000000000002,0.0634,0.0228,0.07930000000000001,0.23700000000000002,0.2873,-0.5693626138189609,-0.32454695222405266,-0.04602510460251047,0.8604017705141299,0.5481095391743196,0.8604017705141299,-0.7434588385449904,0.6218905472636816,1.2195121951219512,0.43276450511945386,3.44514501891551,0.5891783567134268,-0.3018822968787228,0.3018822968787228,-0.5608479455639885,-0.4882,-0.06367984999999998,-2040025.0,3112425.0
2,0.3159,0.0264,0.0317,0.0533,0.095502,8.0275534e-08,6.863844e-06,0.34850000000000003,0.3425,0.1379,0.0582,0.0291,0.0944,0.2629,0.32030000000000003,-0.4424686192468619,-0.3375156838143037,-0.04276315789473681,0.8457493426818581,0.6173223889046137,0.8457493426818581,-0.7112676056338028,0.5947467166979362,1.2007575757575757,0.42204496011602616,3.346398305084746,0.5629139072847683,-0.3922432789775232,0.3922432789775232,-0.6085145765849144,-0.5012,-0.04715134,-2042825.0,3120965.0
2,0.3307,0.0263,0.0302,0.05,0.083381355,7.36773e-08,6.742493e-06,0.3453,0.3206,0.1365,0.0562,0.0268,0.0888,0.2518,0.31220000000000003,-0.4638069705093834,-0.3106159895150721,-0.05964912280701755,0.8526610644257704,0.634270998415214,0.8526610644257704,-0.7373259784607303,0.604,1.1482889733840305,0.4117216117216117,3.724099099099099,0.5430060816681146,-0.41566780821917804,0.41566780821917804,-0.6278755074424898,-0.53155,-0.052012119999999995,-2042815.0,3122385.0
2,0.29510000000000003,0.024,0.028,0.0472,0.07348107,6.011426e-08,5.930846e-06,0.3269,0.3327,0.1381,0.056900000000000006,0.0267,0.08650000000000001,0.23970000000000002,0.2962,-0.4905558553696709,-0.32584269662921345,-0.023765996343692853,0.8495769351300532,0.5807094622081198,0.8495769351300532,-0.724218521764534,0.5932203389830508,1.1666666666666667,0.41202027516292544,3.4115606936416185,0.5656108597285067,-0.36241920590951066,0.36241920590951066,-0.5995049504950496,-0.489575,-0.052306519999999974,-2042805.0,3123805.0
2,0.3017,0.031,0.0366,0.0543,0.112770565,1.7063319e-07,7.589042e-06,0.31370000000000003,0.33580000000000004,0.1584,0.07060000000000001,0.0318,0.0927,0.2388,0.28300000000000003,-0.48942172073342743,-0.2731535756154748,-0.07017543859649121,0.8136459272617976,0.5961506758984504,0.8136459272617976,-0.694943820224719,0.6740331491712707,1.1806451612903226,0.4457070707070707,3.2545846817691477,0.4987873888439774,-0.31145403173223213,0.31145403173223213,-0.5380768356444646,-0.50015,-0.058131560000000006,-2042795.0,3125235.0
2,0.2903,0.021400000000000002,0.0267,0.042300000000000004,0.09742861,7.951856e-08,7.4690824e-06,0.3104,0.3265,0.1365,0.0567,0.0285,0.0752,0.226,0.281,-0.5268456375838926,-0.3281004709576138,0.032608695652173905,0.8626884825152392,0.5780704994049818,0.8626884825152392,-0.745640408899579,0.6312056737588653,1.247663551401869,0.41538461538461535,3.8603723404255317,0.556935817805383,-0.3603561387066541,0.3603561387066541,-0.6046570488483928,-0.49357499999999993,-0.05896025000000002,-2041405.0,3120965.0
2,0.3386,0.0285,0.032100000000000004,0.055900000000000005,0.092932396,7.272362e-08,6.143836e-06,0.3643,0.3632,0.1602,0.06770000000000001,0.032600000000000004,0.10110000000000001,0.272,0.3291,-0.4826469227209625,-0.3246445497630332,0.007727975270479141,0.844728956687551,0.6446782519604366,0.844728956687551,-0.7166032953105196,0.5742397137745975,1.1263157894736844,0.42259675405742825,3.34915924826904,0.5601851851851852,-0.3576583801122694,0.3576583801122694,-0.58792032555151,-0.5594250000000001,-0.059110189999999986,-2041395.0,3122385.0
2,0.33480000000000004,0.024,0.0274,0.0459,0.09644926,6.973743e-08,7.4299905e-06,0.3508,0.338,0.1436,0.0591,0.026600000000000002,0.0824,0.2576,0.32020000000000004,-0.5155672823218997,-0.3133047210300429,-0.014814814814814788,0.866220735785953,0.6384983900102097,0.866220735785953,-0.7588652482269505,0.5969498910675382,1.1416666666666666,0.4115598885793872,4.0631067961165055,0.5488721804511278,-0.3996655518394649,0.3996655518394649,-0.6267684706939142,-0.560675,-0.06245226,-2041385.0,3123805.0
2,0.31520000000000004,0.0356,0.038900000000000004,0.0555,0.1035741,1.6714036e-07,8.44402e-06,0.3312,0.3244,0.1595,0.0742,0.0369,0.0893,0.23800000000000002,0.2953,-0.4837209302325582,-0.21844127332601537,-0.026385224274406354,0.7970353477765107,0.608221171335031,0.7970353477765107,-0.7005664958187214,0.700900900900901,1.0926966292134832,0.4652037617554859,3.5296752519596866,0.4299439551641313,-0.3279966294501791,0.3279966294501791,-0.5266221168355248,-0.5158500000000001,-0.06363114999999998,-2038525.0,3126625.0
2,0.193,0.020900000000000002,0.0287,0.0367,0.1372273,3.9053558e-07,1.5455873e-05,0.24910000000000002,0.2813,0.1143,0.0512,0.0304,0.0659,0.18330000000000002,0.2263,-0.5139072847682119,-0.2743055555555556,0.02876480541455161,0.8045815801776531,0.4184381090513529,0.8045815801776531,-0.6804527644754026,0.7820163487738419,1.3732057416267942,0.4479440069991251,2.928679817905918,0.5184331797235022,-0.2561015294500488,0.2561015294500488,-0.5091899251191286,-0.32770000000000005,-0.042617899999999986,-2041375.0,3125225.0
2,0.3305,0.0228,0.027100000000000003,0.0449,0.10043813,8.581281e-08,6.1549435e-06,0.35300000000000004,0.402,0.1447,0.061700000000000005,0.029900000000000003,0.0855,0.2619,0.3236,-0.5263713080168777,-0.3264401772525849,0.04912280701754386,0.8709312199264082,0.6356156797595032,0.8709312199264082,-0.7607884922749067,0.6035634743875279,1.1885964912280702,0.4263994471319973,3.8654970760233915,0.5789473684210527,-0.390993265993266,0.390993265993266,-0.6177335444469576,-0.558025,-0.06255804,-2039975.0,3120955.0
2,0.3042,0.021400000000000002,0.0298,0.045200000000000004,0.11244726,1.3012885e-07,8.96067e-06,0.3416,0.3584,0.1458,0.0604,0.031,0.0839,0.26180000000000003,0.3138,-0.5267015706806283,-0.35735735735735735,0.019736842105263153,0.8685503685503687,0.6112811181870813,0.8685503685503687,-0.7412707498568974,0.65929203539823,1.3925233644859811,0.41426611796982166,3.625744934445769,0.5935422602089269,-0.352,0.352,-0.6065416065416064,-0.5171,-0.05933646,-2039975.0,3122375.0
7,0.1696,0.056100000000000004,0.0523,0.069,0.09106306,7.068664e-07,8.485774e-06,0.2366,0.3376,0.1341,0.0669,0.0364,0.094,0.19110000000000002,0.22210000000000002,-0.32053175775480053,-0.10311750599520383,-0.17925591882750844,0.5028799291094372,0.330266169935814,0.5028799291094372,-0.42162615255658004,0.7579710144927535,0.9322638146167557,0.49888143176733785,1.804255319148936,0.2524983344437042,-0.1168916694106026,0.1168916694106026,-0.2867497825456654,-0.21402499999999997,-0.01642983,-2039965.0,3123795.0
2,0.25620000000000004,0.0239,0.0275,0.0414,0.0926643,1.3008118e-07,7.699257e-06,0.2736,0.2969,0.1216,0.053700000000000005,0.026600000000000002,0.0702,0.19590000000000002,0.2441,-0.49202453987730055,-0.2679938744257274,-0.016635859519408467,0.829346661906462,0.5166966941802489,0.829346661906462,-0.7217741935483871,0.6642512077294687,1.1506276150627615,0.4416118421052632,3.6495726495726504,0.492029755579171,-0.35627316040232937,0.35627316040232937,-0.5704400774979242,-0.42227499999999996,-0.04965045,-2039955.0,3125215.0
2,0.31520000000000004,0.0213,0.0246,0.0436,0.08623442,8.541048e-08,6.5845084e-06,0.328,0.315,0.1451,0.059500000000000004,0.0224,0.08270000000000001,0.2444,0.2969,-0.5378908320084791,-0.3436055469953775,-0.046808510638297884,0.873402674591382,0.609217322208979,0.873402674591382,-0.7569676700111484,0.5642201834862386,1.1549295774647887,0.4100620261888353,3.81136638452237,0.5903846153846154,-0.36954160330219427,0.36954160330219427,-0.6157869709938183,-0.5419750000000001,-0.062324729999999995,-2038555.0,3120945.0
2,0.2697,0.024900000000000002,0.0313,0.0437,0.14733085,1.6871988e-07,1.2238703e-05,0.2992,0.3269,0.1381,0.0594,0.033800000000000004,0.0787,0.218,0.2684,-0.5192519251925192,-0.27405247813411077,0.0384024577572965,0.8309572301425663,0.5482754253387934,0.8309572301425663,-0.721123165283982,0.7162471395881007,1.257028112449799,0.43012309920347574,3.4269377382465054,0.5193050193050193,-0.3227072094163806,0.3227072094163806,-0.562418894368025,-0.4563,-0.054717640000000005,-2038555.0,3122365.0
2,0.35710000000000003,0.031,0.0363,0.0585,0.09103937,1.9352137e-07,5.6751787e-06,0.3758,0.3723,0.1751,0.0772,0.0351,0.1038,0.27840000000000004,0.33840000000000003,-0.4991438356164384,-0.3072625698324023,-0.01680672268907563,0.8402473589281114,0.6780894676791124,0.8402473589281114,-0.7184793070259866,0.6205128205128204,1.1709677419354838,0.440890919474586,3.4402697495183046,0.5400593471810089,-0.3419767004885382,0.3419767004885382,-0.5685805422647527,-0.59645,-0.06903712999999997,-2038545.0,3123785.0
2,0.30060000000000003,0.0269,0.0313,0.0456,0.077020675,1.19110936e-07,7.051276e-06,0.31930000000000003,0.30360000000000004,0.1361,0.057600000000000005,0.026000000000000002,0.08220000000000001,0.22920000000000001,0.2861,-0.4980737479361585,-0.2579310344827586,-0.09249563699825478,0.8357251908396948,0.5904257486249745,0.8357251908396948,-0.7365684575389947,0.6864035087719298,1.1635687732342008,0.423218221895665,3.656934306569343,0.5068744271310724,-0.37668880238149766,0.37668880238149766,-0.5941402497598463,-0.49535000000000007,-0.05414793,-2038535.0,3125205.0
3,0.3451,0.0207,0.023100000000000002,0.044000000000000004,0.08010873,9.452999e-08,5.66218e-06,0.3689,0.39930000000000004,0.1705,0.0709,0.0236,0.0872,0.273,0.33590000000000003,-0.5897435897435896,-0.3601236476043277,0.010706638115631625,0.8868234007654456,0.649704872497203,0.8868234007654456,-0.7738370598817785,0.525,1.1159420289855073,0.4158357771260997,3.9575688073394497,0.6163113994439297,-0.3386346004654771,0.3386346004654771,-0.6015658982166159,-0.6225750000000001,-0.08100668,-2037135.0,3120935.0
2,0.531,0.0349,0.0438,0.09050000000000001,0.19396946,8.88139e-08,9.22949e-06,0.5166000000000001,0.4496,0.23870000000000002,0.10980000000000001,0.037200000000000004,0.1399,0.4176,0.48900000000000005,-0.4501822600243013,-0.44338118022328554,-0.08148148148148142,0.8766566531189256,0.9155039308732913,0.8766566531189256,-0.7087691069991955,0.48397790055248613,1.2550143266475644,0.4599916212819439,3.7955682630450323,0.6006864988558351,-0.37975834740808107,0.37975834740808107,-0.5977762334954829,-0.85705,-0.09714422,-2037105.0,3126615.0
2,0.3084,0.0253,0.0304,0.0459,0.06237241,7.295012e-08,5.105404e-06,0.329,0.3149,0.1648,0.07050000000000001,0.028,0.0868,0.2411,0.29500000000000004,-0.5643094447081158,-0.28932584269662925,-0.041095890410958895,0.8483667965238239,0.6051777308878429,0.8483667965238239,-0.7408975444538527,0.662309368191721,1.2015810276679841,0.4277912621359224,3.552995391705069,0.5486173059768064,-0.30346576500422656,0.30346576500422656,-0.5591348366313852,-0.547025,-0.07134271,-2034265.0,3126605.0
3,0.3774,0.027,0.0328,0.0613,0.11066255,7.898211e-08,6.50959e-06,0.3946,0.40990000000000004,0.19820000000000002,0.0862,0.0304,0.1096,0.30720000000000003,0.3653,-0.5275529865125241,-0.38844847112117775,-0.03797468354430384,0.8664688427299703,0.7085974949744858,0.8664688427299703,-0.7205379530430818,0.535073409461664,1.214814814814815,0.4349142280524722,3.4434306569343067,0.6046852122986823,-0.3113273106323836,0.3113273106323836,-0.5674436377531525,-0.6557999999999999,-0.08190675000000003,-2037135.0,3122355.0
2,0.29410000000000003,0.025,0.029500000000000002,0.0456,0.08939159,1.0375678e-07,7.4856666e-06,0.2883,0.31270000000000003,0.1422,0.060500000000000005,0.027,0.0748,0.2107,0.2584,-0.5143769968051118,-0.2917847025495751,-0.04424778761061951,0.8433093074271387,0.5808153085006338,0.8433093074271387,-0.7315278186635267,0.6469298245614036,1.18,0.4254571026722926,3.931818181818182,0.498997995991984,-0.34815493926197577,0.34815493926197577,-0.5820092886824737,-0.4958249999999999,-0.060646719999999994,-2037125.0,3123775.0
1,0.46340000000000003,0.026500000000000003,0.031,0.0649,0.09275625,5.0365923e-08,4.5402844e-06,0.49400000000000005,0.45330000000000004,0.2212,0.0954,0.0258,0.1227,0.38720000000000004,0.4616,-0.5463124781544914,-0.4201312910284463,-0.09154929577464788,0.8918146560522555,0.8144470825239226,0.8918146560522555,-0.7543062653795193,0.4776579352850539,1.169811320754717,0.43128390596745025,3.7766911165444172,0.6447721179624666,-0.3537832310838446,0.3537832310838446,-0.6044134350154146,-0.8098000000000002,-0.09889376,-2035715.0,3120925.0
7,0.5777,0.0369,0.0381,0.0921,0.14500983,1.2678206e-07,5.702583e-06,0.5467000000000001,0.47500000000000003,0.2011,0.1023,0.0477,0.1771,0.4711,0.5346000000000001,-0.3717598908594816,-0.42790697674418604,0.11188811188811186,0.8799219004230392,0.9299567185383422,0.8799219004230392,-0.7249925350851001,0.41368078175895767,1.032520325203252,0.5087021382396818,3.261998870694523,0.6551401869158877,-0.48356445814072935,0.48356445814072935,-0.6312582781456954,-0.8742749999999999,-0.05759995000000004,-2035715.0,3122345.0
3,0.41700000000000004,0.0229,0.027700000000000002,0.0497,0.112629816,6.945133e-08,6.295617e-06,0.4242,0.4183,0.19060000000000002,0.0838,0.025,0.0882,0.3164,0.39680000000000004,-0.5863503953391594,-0.3691460055096419,-0.05123339658444024,0.8958854285064789,0.7571380833921213,0.8958854285064789,-0.7870152131990571,0.5573440643863179,1.2096069868995634,0.4396642182581322,4.727891156462586,0.5877587758775877,-0.3726135615536537,0.3726135615536537,-0.6129851287631484,-0.7384999999999999,-0.10038701,-2035705.0,3123765.0
2,0.32020000000000004,0.0233,0.028300000000000002,0.045200000000000004,0.08189964,8.110702e-08,5.3496387e-06,0.3749,0.3665,0.1784,0.07690000000000001,0.029,0.0955,0.281,0.3428,-0.5957066189624328,-0.3197080291970803,0.01221640488656194,0.8643377001455604,0.6228811861350431,0.8643377001455604,-0.7525998905309249,0.6261061946902655,1.2145922746781117,0.4310538116591929,3.352879581151833,0.6077441077441077,-0.28439630966706786,0.28439630966706786,-0.5533764207711166,-0.587375,-0.07871667999999998,-2035695.0,3125185.0
2,0.2381,0.0262,0.029300000000000003,0.0444,0.10235876,3.2409727e-07,7.3005926e-06,0.3289,0.3297,0.184,0.0826,0.0257,0.0956,0.257,0.30160000000000003,-0.6112084063047286,-0.25779036827195473,-0.06545454545454549,0.8017404464623534,0.48407128578112385,0.8017404464623534,-0.6856637168141593,0.6599099099099099,1.118320610687023,0.4489130434782609,2.4905857740585775,0.5697865353037767,-0.12816868040748639,0.12816868040748639,-0.42158426368952684,-0.47220000000000006,-0.07383454,-2034295.0,3120925.0
2,0.4303,0.0263,0.031400000000000004,0.0536,0.09220221,1.14485616e-07,4.939012e-06,0.454,0.4363,0.20070000000000002,0.08700000000000001,0.030600000000000002,0.1028,0.34900000000000003,0.4239,-0.5784506488399528,-0.3416770963704631,-0.012903225806451646,0.8848007008322383,0.775876090492385,0.8848007008322383,-0.7784666253358132,0.5858208955223881,1.1939163498098861,0.4334828101644245,4.18579766536965,0.592563903950426,-0.3638668779714738,0.3638668779714738,-0.6059130434782609,-0.75935,-0.09627849999999999,-2034295.0,3122345.0
2,0.3708,0.0227,0.027200000000000002,0.0543,0.07661879,5.135536e-08,4.943214e-06,0.39730000000000004,0.3729,0.1865,0.0785,0.023200000000000002,0.1034,0.3068,0.366,-0.5490033222591361,-0.4103896103896104,-0.07936507936507936,0.8846251588310038,0.6940138142747506,0.8846251588310038,-0.744530698659139,0.5009208103130756,1.198237885462555,0.42091152815013405,3.586073500967118,0.6399682791435368,-0.33070159698546564,0.33070159698546564,-0.594551282051282,-0.6533749999999999,-0.08052745,-2034285.0,3123765.0
2,0.3477,0.025500000000000002,0.031,0.0511,0.09515202,8.370876e-08,6.583989e-06,0.3496,0.3518,0.17120000000000002,0.07590000000000001,0.031,0.0922,0.26530000000000004,0.3195,-0.5402609086819613,-0.33420365535248037,0.0,0.8633440514469453,0.6653130421069233,0.8633440514469453,-0.7437311935807424,0.6066536203522505,1.2156862745098038,0.4433411214953271,3.7711496746203905,0.566694987255735,-0.3401426093659664,0.3401426093659664,-0.5775880024994792,-0.6006250000000002,-0.07501639000000002,-2034275.0,3125185.0
2,0.4053,0.041800000000000004,0.0446,0.0775,0.11091679,1.6863048e-07,5.723439e-06,0.436,0.4186,0.22,0.1044,0.0337,0.1338,0.34790000000000004,0.4062,-0.47899159663865554,-0.2992455993294216,-0.1392081736909323,0.8130172220979647,0.7350559927360774,0.8130172220979647,-0.6789560894780446,0.5754838709677419,1.0669856459330143,0.47454545454545455,3.02914798206278,0.5239179954441913,-0.2963377578762194,0.2963377578762194,-0.5094782754571381,-0.6735,-0.07965019000000001,-2032845.0,3126595.0
3,0.5154,0.0334,0.040400000000000005,0.0828,0.13942632,6.8622825e-08,6.593965e-06,0.5097,0.48040000000000005,0.2349,0.1041,0.0324,0.1401,0.4143,0.4792,-0.4787535410764873,-0.4251290877796902,-0.10989010989010999,0.8782798833819242,0.8883776896942243,0.8782798833819242,-0.7231695085255767,0.4879227053140097,1.2095808383233535,0.44316730523627074,3.678800856531049,0.614985590778098,-0.37385045981607357,0.37385045981607357,-0.6033463147266694,-0.8520249999999998,-0.09393104000000002,-2031425.0,3126585.0
3,0.40750000000000003,0.0253,0.030500000000000003,0.0565,0.10831006,8.3070994e-08,6.475213e-06,0.40800000000000003,0.4036,0.1869,0.0819,0.0256,0.1005,0.31370000000000003,0.3801,-0.5357436318816763,-0.3814180929095355,-0.08734402852049913,0.883086876155268,0.7466461237833978,0.883086876155268,-0.7564655172413793,0.5398230088495576,1.2055335968379448,0.4382022471910112,4.054726368159204,0.5977742448330684,-0.3711305518169583,0.3711305518169583,-0.6067498165810712,-0.6993750000000001,-0.08560531999999998,-2032875.0,3120915.0
2,0.3874,0.027800000000000002,0.0313,0.058,0.08717756,1.0758042e-07,5.2007335e-06,0.40490000000000004,0.38780000000000003,0.20850000000000002,0.0917,0.027100000000000003,0.1087,0.30970000000000003,0.37510000000000004,-0.5647279549718575,-0.351981351981352,-0.07191780821917805,0.8660886319845857,0.7129485770586229,0.8660886319845857,-0.739559946115851,0.5396551724137931,1.1258992805755395,0.4398081534772182,3.5639374425023,0.5926739926739927,-0.3002181574089612,0.3002181574089612,-0.5559271646228168,-0.6946250000000002,-0.09264110999999998,-2032875.0,3122335.0
2,0.3783,0.025400000000000002,0.0302,0.053200000000000004,0.086788826,1.0700822e-07,5.7939064e-06,0.392,0.3519,0.19190000000000002,0.0849,0.0292,0.10070000000000001,0.3049,0.36250000000000004,-0.5658914728682171,-0.35368956743002544,-0.01683501683501685,0.8741639831558089,0.7056816439196443,0.8741639831558089,-0.7534183082271146,0.5676691729323308,1.1889763779527558,0.4424179260031266,3.756703078450844,0.5971451229183188,-0.326902841108383,0.326902841108383,-0.5747879722436392,-0.670875,-0.08654627000000001,-2032865.0,3123755.0
3,0.43060000000000004,0.0261,0.0308,0.0565,0.12682678,7.34508e-08,6.036481e-06,0.49010000000000004,0.5246000000000001,0.2197,0.09530000000000001,0.0279,0.11610000000000001,0.3881,0.4635,-0.5908761766835626,-0.3680387409200968,-0.049403747870528106,0.8857017735931684,0.7745170328860049,0.8857017735931684,-0.7680147813590639,0.5451327433628319,1.1800766283524904,0.43377332726445156,3.7088716623600346,0.6329113924050632,-0.32431185606643087,0.32431185606643087,-0.5833905284831847,-0.7795750000000001,-0.10077316,-2032855.0,3125175.0
3,0.4923,0.030100000000000002,0.0333,0.0734,0.13096203,8.864403e-08,6.537181e-06,0.45730000000000004,0.3765,0.22610000000000002,0.1022,0.024,0.1212,0.3645,0.4263,-0.5098497495826376,-0.41835748792270533,-0.162303664921466,0.8847626339969372,0.8436566770895548,0.8847626339969372,-0.740498497436804,0.4536784741144414,1.106312292358804,0.45201238390092874,4.061881188118812,0.6021150033046927,-0.37054565701559017,0.37054565701559017,-0.59781121751026,-0.8352500000000002,-0.10216478999999999,-2031455.0,3120905.0
2,0.28240000000000004,0.022500000000000003,0.0303,0.046400000000000004,0.15368398,1.9724666e-07,1.1600804e-05,0.2805,0.33430000000000004,0.1495,0.0654,0.0329,0.07640000000000001,0.2149,0.25570000000000004,-0.5262889229198571,-0.3468795355587808,0.04113924050632908,0.8524106264348966,0.5742973574759485,0.8524106264348966,-0.7177615571776156,0.6530172413793103,1.3466666666666665,0.43745819397993313,3.6963350785340316,0.5449949443882709,-0.3077101180828896,0.3077101180828896,-0.5611582626060908,-0.4852000000000001,-0.06295716999999998,-2031455.0,3122325.0
2,0.3401,0.0269,0.031200000000000002,0.0528,0.09989606,3.2910702e-07,6.6443276e-06,0.3206,0.3518,0.18530000000000002,0.0854,0.029,0.0912,0.2409,0.2899,-0.5564888702225955,-0.32496863237139273,-0.03654485049833888,0.8534059945504088,0.6495857988165681,0.8534059945504088,-0.7312293204377703,0.5909090909090909,1.1598513011152416,0.4608742579600647,3.7291666666666665,0.5444538526672311,-0.29463266082984385,0.29463266082984385,-0.5355665839536807,-0.6035500000000001,-0.08451383000000001,-2031445.0,3123745.0
3,0.27590000000000003,0.0244,0.0346,0.05,0.20276165,6.43146e-07,1.3419035e-05,0.32230000000000003,0.40040000000000003,0.1427,0.0631,0.0378,0.0816,0.2449,0.2973,-0.48105864037363777,-0.3440860215053763,0.044198895027624335,0.8374958374958377,0.5721964224286207,0.8374958374958377,-0.6931574102485426,0.692,1.4180327868852458,0.4421864050455501,3.3811274509803924,0.539622641509434,-0.31820353559484,0.31820353559484,-0.5603015075376884,-0.45252500000000007,-0.05480756,-2031435.0,3125165.0
3,0.3836,0.028300000000000002,0.0316,0.0611,0.08686588,1.04933974e-07,5.202413e-06,0.4098,0.4244,0.17650000000000002,0.0777,0.0262,0.11120000000000001,0.3256,0.3785,-0.48569023569023567,-0.36689038031319904,-0.09342560553633221,0.8625880067977665,0.7070039501671225,0.8625880067977665,-0.7252080053968968,0.5171849427168577,1.11660777385159,0.4402266288951841,3.449640287769784,0.5942652329749103,-0.36975540082128183,0.36975540082128183,-0.5932463545663853,-0.636375,-0.06764848999999999,-2030035.0,3120895.0
2,0.40800000000000003,0.0275,0.0316,0.061700000000000005,0.09608411,9.1290474e-08,5.581167e-06,0.4143,0.39380000000000004,0.1888,0.0804,0.0244,0.10600000000000001,0.3161,0.3806,-0.5073852295409181,-0.38340807174887903,-0.1285714285714286,0.8737083811710676,0.7428892215568862,0.8737083811710676,-0.7372791143282947,0.5121555915721232,1.1490909090909092,0.4258474576271187,3.849056603773585,0.5880149812734083,-0.36729222520107246,0.36729222520107246,-0.6058447488584475,-0.6892499999999999,-0.08100835999999997,-2030035.0,3122315.0
2,0.3306,0.029,0.031400000000000004,0.049100000000000005,0.056454565,1.2257397e-07,4.481436e-06,0.3411,0.3156,0.1378,0.0614,0.0296,0.0801,0.2472,0.3059,-0.47458533975387907,-0.2573623559539053,-0.02950819672131152,0.8387096774193548,0.6283980773776693,0.8387096774193548,-0.7413747695549117,0.639511201629328,1.0827586206896553,0.4455732946298984,4.127340823970037,0.46837763519706693,-0.41161400512382573,0.41161400512382573,-0.6003536693191864,-0.5331000000000001,-0.05917375999999998,-2040065.0,3103905.0
2,0.264,0.0187,0.0206,0.0369,0.056864403,4.4479965e-08,4.578032e-06,0.2924,0.3164,0.1492,0.0613,0.021400000000000002,0.0726,0.2197,0.26530000000000004,-0.6034390112842558,-0.3273381294964029,0.019047619047619098,0.867704280155642,0.5249242858312188,0.867704280155642,-0.7547357926221336,0.5582655826558265,1.1016042780748663,0.410857908847185,3.6363636363636367,0.5903614457831325,-0.2778315585672798,0.2778315585672798,-0.5611629182665935,-0.491625,-0.06795266,-2040065.0,3105325.0
2,0.31880000000000003,0.0199,0.024,0.040600000000000004,0.06142969,5.1790476e-08,4.471399e-06,0.35600000000000004,0.3266,0.1511,0.0606,0.0229,0.08170000000000001,0.2657,0.3229,-0.5764214919144497,-0.34214876033057856,-0.023454157782516,0.8824918807204017,0.6176283579717057,0.8824918807204017,-0.7740678909293266,0.5911330049261083,1.2060301507537687,0.40105890138980804,3.902080783353733,0.6082677165354331,-0.35688444349861675,0.35688444349861675,-0.6196550909520434,-0.5642,-0.06847321,-2040055.0,3106745.0
2,0.3078,0.0308,0.0383,0.0504,0.078661166,2.1231173e-07,6.0402676e-06,0.3371,0.31980000000000003,0.14830000000000002,0.0631,0.04,0.08560000000000001,0.25120000000000003,0.3054,-0.4927025666834424,-0.2413793103448276,0.021711366538952746,0.8180744240992321,0.6128510391172688,0.8180744240992321,-0.7185929648241206,0.7599206349206349,1.2435064935064934,0.4254888739042481,3.595794392523364,0.4707903780068729,-0.3497040122780092,0.3497040122780092,-0.573181818181818,-0.504075,-0.05600503999999999,-2040045.0,3108165.0
2,0.31570000000000004,0.027700000000000002,0.028300000000000002,0.049600000000000005,0.060060278,5.3301452e-08,4.053153e-06,0.34750000000000003,0.3209,0.1411,0.0577,0.023700000000000002,0.08990000000000001,0.2518,0.30970000000000003,-0.4798112218143681,-0.2833117723156533,-0.08846153846153845,0.8386721025043681,0.5998109715275866,0.8386721025043681,-0.7284423761292087,0.5705645161290323,1.0216606498194947,0.408929836995039,3.5116796440489435,0.5289115646258503,-0.3822241681260946,0.3822241681260946,-0.6022356776897998,-0.518475,-0.05337717,-2040045.0,3109585.0
2,0.28140000000000004,0.024300000000000002,0.028,0.0439,0.07748363,1.1335611e-07,6.268311e-06,0.2901,0.316,0.1363,0.058300000000000005,0.026500000000000003,0.0757,0.2144,0.2621,-0.5127635960044395,-0.28739002932551316,-0.02752293577981647,0.8410206084396468,0.5580019717384161,0.8410206084396468,-0.7300952966492469,0.6378132118451025,1.1522633744855966,0.42773294203961854,3.7173051519154563,0.514,-0.34737850131673453,0.34737850131673453,-0.5785714285714286,-0.4742250000000001,-0.05618415000000001,-2038645.0,3103905.0
1,0.35950000000000004,0.037200000000000004,0.0369,0.0623,0.07482948,1.0761618e-07,5.604869e-06,0.3623,0.3235,0.152,0.0664,0.0269,0.0983,0.2664,0.3255,-0.4185720951936538,-0.25226130653266327,-0.15673981191222575,0.8124527350642803,0.6597113212603853,0.8124527350642803,-0.7045993361782835,0.5922953451043339,0.9919354838709677,0.4368421052631579,3.6571719226856567,0.4509225092250922,-0.40566959921798634,0.40566959921798634,-0.5856000000000001,-0.5580000000000002,-0.05396057,-2038645.0,3105325.0
2,0.2632,0.0207,0.0224,0.037700000000000004,0.04983275,6.435811e-08,4.1777803e-06,0.3095,0.31170000000000003,0.136,0.056100000000000004,0.0199,0.0722,0.2245,0.27590000000000003,-0.5659182498560736,-0.29109589041095896,-0.059101654846335665,0.8541740049313139,0.5226340823355747,0.8541740049313139,-0.7494184114323695,0.5941644562334216,1.0821256038647342,0.4125,3.6454293628808863,0.5543595263724436,-0.3186372745490981,0.3186372745490981,-0.5761589403973509,-0.468125,-0.06054987999999999,-2038635.0,3106745.0
1,0.2765,0.0227,0.0244,0.0402,0.07758045,8.163452e-08,6.5298555e-06,0.2987,0.317,0.1305,0.0534,0.0229,0.0748,0.2131,0.2616,-0.5289982425307557,-0.27821939586645467,-0.031712473572938715,0.8482620320855615,0.5436691876067333,0.8482620320855615,-0.7461319861067256,0.6069651741293532,1.0748898678414096,0.4091954022988506,3.6965240641711232,0.5343589743589744,-0.35872235872235875,0.35872235872235875,-0.5962864721485411,-0.47225000000000006,-0.054788879999999984,-2038625.0,3108165.0
2,0.2862,0.0207,0.0253,0.041,0.102846675,9.658336e-08,8.251152e-06,0.2923,0.30660000000000004,0.1247,0.049600000000000005,0.0244,0.07250000000000001,0.2117,0.261,-0.5051297525648762,-0.32901134521880065,-0.018108651911468772,0.8651026392961877,0.5692049317986319,0.8651026392961877,-0.7493887530562348,0.6170731707317073,1.2222222222222223,0.3977546110665598,3.9475862068965513,0.5557939914163091,-0.39303966901922605,0.39303966901922605,-0.6317443687794656,-0.4761500000000001,-0.05177629,-2038625.0,3109585.0
2,0.3295,0.022500000000000003,0.025500000000000002,0.0407,0.098317824,1.7493963e-07,6.4241453e-06,0.36100000000000004,0.364,0.13620000000000002,0.0565,0.0257,0.0784,0.26,0.3257,-0.5398530243075185,-0.2879746835443037,0.003906249999999976,0.8721590909090908,0.6292951109365796,0.8721590909090908,-0.7801188546731496,0.6265356265356266,1.1333333333333333,0.4148311306901615,4.20280612244898,0.5540138751238849,-0.41507408202705603,0.41507408202705603,-0.6359447004608295,-0.557175,-0.06299746000000002,-2040015.0,3113855.0
2,0.3573,0.023200000000000002,0.029500000000000002,0.043300000000000005,0.12147219,1.4493465e-07,7.462379e-06,0.3855,0.3804,0.1282,0.054900000000000004,0.030100000000000002,0.07390000000000001,0.269,0.3506,-0.49504373177842564,-0.3022556390977444,0.01006711409395973,0.8780551905387648,0.6822583807096647,0.8780551905387648,-0.7838242636045931,0.6812933025404156,1.271551724137931,0.4282371294851794,4.834912043301759,0.5221421215242019,-0.4718846549948506,0.4718846549948506,-0.6640137664013767,-0.576775,-0.06386312000000001,-2040015.0,3115275.0
2,0.38930000000000003,0.038,0.0436,0.06470000000000001,0.12026596,5.3303836e-07,7.2304383e-06,0.36810000000000004,0.3138,0.1578,0.0689,0.0375,0.0959,0.2601,0.3281,-0.41842696629213477,-0.25998052580331066,-0.07521578298397041,0.8221390124034638,0.7248314345501047,0.8221390124034638,-0.7149779735682819,0.6738794435857804,1.1473684210526316,0.4366286438529785,4.0594369134515125,0.43241224794622857,-0.42314019374885764,0.42314019374885764,-0.6039273805113006,-0.598075,-0.06054742999999999,-2038615.0,3111005.0
2,0.4621,0.052500000000000005,0.0648,0.0888,0.15216707,3.9184985e-07,9.647956e-06,0.3987,0.33,0.18760000000000002,0.0908,0.06670000000000001,0.116,0.3074,0.37210000000000004,-0.35745296671490595,-0.25690021231422505,0.014448669201521009,0.795958025650991,0.8541166447215552,0.795958025650991,-0.6776184425485569,0.7297297297297296,1.2342857142857142,0.4840085287846482,3.9836206896551722,0.37685459940652816,-0.42250269355086956,0.42250269355086956,-0.5723664577737989,-0.6650499999999999,-0.061912820000000014,-2038605.0,3112425.0
1,0.3548,0.025,0.0292,0.045000000000000005,0.12507932,1.1952817e-07,8.478778e-06,0.3986,0.3879,0.1341,0.056100000000000004,0.028800000000000003,0.0867,0.2876,0.3618,-0.4974874371859295,-0.28571428571428575,-0.006896551724137889,0.8683517640863612,0.6703997511277026,0.8683517640863612,-0.774887443721861,0.6488888888888888,1.168,0.41834451901566,4.0922722029988465,0.5523724261414503,-0.4514215586009409,0.4514215586009409,-0.6512577940227908,-0.5776249999999999,-0.058314459999999985,-2038595.0,3113845.0
2,0.22210000000000002,0.0145,0.020900000000000002,0.027700000000000002,0.0931873,2.0117163e-07,7.9854035e-06,0.29200000000000004,0.3663,0.12660000000000002,0.0538,0.0205,0.059500000000000004,0.20600000000000002,0.2626,-0.6409591704471809,-0.3127962085308057,-0.009661835748792294,0.8774302620456466,0.469258471818458,0.8774302620456466,-0.77822257806245,0.7545126353790613,1.4413793103448276,0.4249605055292259,3.7327731092436975,0.6081081081081081,-0.2738743905936335,0.2738743905936335,-0.5611949887568263,-0.41945000000000005,-0.06383147,-2038595.0,3115265.0
2,0.29600000000000004,0.028,0.0322,0.0509,0.07819293,1.522541e-07,7.788442e-06,0.2864,0.2831,0.1316,0.0591,0.033600000000000005,0.07780000000000001,0.2078,0.2545,-0.4421917808219178,-0.2902408111533587,0.021276595744680934,0.8271604938271604,0.5824130879345604,0.8271604938271604,-0.7065436725281061,0.6326129666011787,1.15,0.4490881458966566,3.8046272493573268,0.4706994328922496,-0.3844714686623013,0.3844714686623013,-0.5805441849265591,-0.4671750000000001,-0.05105412999999998,-2037195.0,3110995.0
2,0.29400000000000004,0.0287,0.0332,0.046900000000000004,0.09110626,1.8663405e-07,5.926974e-06,0.30770000000000003,0.3241,0.14550000000000002,0.06760000000000001,0.033800000000000004,0.07880000000000001,0.228,0.2817,-0.5124740124740126,-0.2407407407407408,0.008955223880597064,0.8221258134490239,0.5802661846861651,0.8221258134490239,-0.7248459958932238,0.7078891257995735,1.156794425087108,0.4646048109965636,3.730964467005076,0.466046511627907,-0.33788395904436863,0.33788395904436863,-0.5452184179456907,-0.4919000000000001,-0.06170678,-2037185.0,3112415.0
2,0.28450000000000003,0.0213,0.0252,0.0398,0.084031515,7.4175e-08,6.8723007e-06,0.30960000000000004,0.33990000000000004,0.1401,0.0608,0.0253,0.07060000000000001,0.2272,0.28340000000000004,-0.5575319622012229,-0.30278232405891986,0.001980198019801968,0.8606932635709615,0.564007193656503,0.8606932635709615,-0.7545482577860007,0.6331658291457286,1.1830985915492958,0.43397573162027125,4.029745042492918,0.5364526659412405,-0.34008478568064066,0.34008478568064066,-0.5809086268504339,-0.497,-0.06555151999999997,-2037175.0,3113835.0
2,0.2903,0.021,0.0236,0.042,0.0831241,3.760457e-08,6.1959854e-06,0.3317,0.328,0.1608,0.0674,0.0223,0.08320000000000001,0.25170000000000003,0.30210000000000004,-0.5857988165680472,-0.33333333333333337,-0.02832244008714595,0.8650819145518791,0.5686677963366417,0.8650819145518791,-0.7472163707493229,0.5619047619047619,1.1238095238095238,0.4191542288557214,3.489182692307692,0.5969289827255277,-0.28707603635557527,0.28707603635557527,-0.5605269699229432,-0.5311999999999999,-0.07104800999999998,-2037175.0,3115255.0
2,0.2861,0.0269,0.0329,0.046700000000000005,0.050424706,1.7108619e-07,4.0504624e-06,0.333,0.29910000000000003,0.1472,0.0653,0.0303,0.0853,0.2466,0.3035,-0.5183084063950489,-0.26902173913043487,-0.04113924050632908,0.828115015974441,0.573266708307308,0.828115015974441,-0.7193509615384615,0.7044967880085652,1.2230483271375463,0.4436141304347826,3.3540445486518173,0.5204991087344029,-0.3205631202400185,0.3205631202400185,-0.5515564202334631,-0.483975,-0.058862920000000006,-2037225.0,3103895.0
2,0.301,0.0238,0.0263,0.0455,0.04151574,9.644031e-08,3.435929e-06,0.2953,0.2994,0.1253,0.051500000000000004,0.0224,0.075,0.2136,0.26330000000000003,-0.4672131147540983,-0.3131313131313131,-0.08008213552361397,0.8534482758620691,0.5845734226465042,0.8534482758620691,-0.7373737373737375,0.5780219780219781,1.1050420168067225,0.4110135674381485,4.013333333333334,0.5182186234817814,-0.4121510673234811,0.4121510673234811,-0.6259314456035768,-0.4865250000000001,-0.05089207,-2037225.0,3105315.0
2,0.274,0.0227,0.026500000000000003,0.040100000000000004,0.040693235,9.4181296e-08,3.6041135e-06,0.30160000000000003,0.30920000000000003,0.1315,0.0558,0.0261,0.0709,0.2233,0.26580000000000004,-0.5326340326340326,-0.2770700636942675,-0.007604562737642605,0.8469834850016852,0.5467002352552727,0.8469834850016852,-0.7446673034065584,0.6608478802992519,1.1674008810572687,0.42433460076045626,3.8645980253878705,0.514957264957265,-0.3514180024660913,0.3514180024660913,-0.5857519788918206,-0.46755,-0.05693109,-2037215.0,3106735.0
2,0.2676,0.0181,0.0221,0.0368,0.04703544,6.827712e-08,3.6073966e-06,0.3219,0.30360000000000004,0.1268,0.0511,0.021400000000000002,0.0753,0.2389,0.2906,-0.5501222493887531,-0.3406193078324225,-0.016091954022988488,0.8732936646832341,0.5377339006154735,0.8732936646832341,-0.7582128777923784,0.6005434782608696,1.2209944751381214,0.4029968454258675,3.553784860557769,0.6124197002141327,-0.3569979716024341,0.3569979716024341,-0.6143772638618,-0.46472499999999994,-0.05345830999999998,-2037205.0,3108155.0
2,0.2864,0.0256,0.0286,0.0441,0.09029598,1.03279945e-07,7.36172e-06,0.268,0.2625,0.1263,0.054200000000000005,0.0273,0.06770000000000001,0.19890000000000002,0.2369,-0.48239436619718307,-0.2654232424677188,-0.023255813953488354,0.8358974358974358,0.5633618931048552,0.8358974358974358,-0.7331316187594553,0.6485260770975056,1.1171875,0.4291369754552653,4.230428360413589,0.4512325830653806,-0.38793312333414104,0.38793312333414104,-0.5957446808510638,-0.4666499999999999,-0.05293337000000001,-2037195.0,3109575.0
2,0.34040000000000004,0.0318,0.036000000000000004,0.0555,0.07920839,1.5693902e-07,4.857555e-06,0.3551,0.325,0.14850000000000002,0.0665,0.0303,0.0877,0.261,0.3205,-0.45588235294117657,-0.27147766323024053,-0.08597285067873309,0.8291241268135412,0.6495401205201395,0.8291241268135412,-0.7196261682242991,0.6486486486486487,1.1320754716981132,0.44781144781144777,3.8814139110604335,0.46778242677824267,-0.3925138065043976,0.3925138065043976,-0.585843690752054,-0.5419750000000001,-0.059868430000000014,-2035805.0,3103885.0
2,0.3356,0.0327,0.041,0.0574,0.08309818,2.4922787e-07,5.816661e-06,0.3265,0.3378,0.14980000000000002,0.0673,0.036000000000000004,0.0833,0.24430000000000002,0.2953,-0.44594594594594594,-0.2741398446170921,-0.06493506493506489,0.822427368992669,0.6585804132973945,0.822427368992669,-0.7078880407124681,0.7142857142857143,1.253822629969419,0.44926568758344454,4.028811524609844,0.4362068965517242,-0.38277709105892044,0.38277709105892044,-0.5803608896349138,-0.5267750000000001,-0.059251849999999995,-2035805.0,3105305.0
2,0.2702,0.0227,0.025900000000000003,0.0395,0.07730717,1.2376904e-07,7.3026877e-06,0.2954,0.30910000000000004,0.1255,0.0536,0.025400000000000002,0.0684,0.2157,0.2635,-0.5212121212121211,-0.270096463022508,-0.009746588693957123,0.8449982929327415,0.5385472095037743,0.8449982929327415,-0.7449144333225702,0.6556962025316456,1.1409691629955947,0.4270916334661355,3.9502923976608186,0.5016465422612514,-0.3656810715188274,0.3656810715188274,-0.5902255639097744,-0.4555,-0.05475754999999999,-2035795.0,3106725.0
2,0.30860000000000004,0.026600000000000002,0.030000000000000002,0.0443,0.06717299,1.42169e-07,5.4666784e-06,0.2948,0.28340000000000004,0.1287,0.0553,0.0273,0.0747,0.2087,0.2615,-0.48786127167630056,-0.2496473906911142,-0.047120418848167554,0.8412887828162291,0.5991795366795367,0.8412887828162291,-0.7489373760272032,0.6772009029345373,1.1278195488721805,0.4296814296814297,4.131191432396252,0.474827245804541,-0.4113880631145667,0.4113880631145667,-0.6104637336504162,-0.501375,-0.054434389999999985,-2035785.0,3108145.0
2,0.2903,0.026000000000000002,0.029,0.0422,0.08437995,1.2265444e-07,6.9180546e-06,0.3135,0.3115,0.12890000000000001,0.0545,0.029900000000000003,0.0757,0.2248,0.2788,-0.5067212156633547,-0.23753665689149556,0.015280135823429564,0.835599114764464,0.5694580078124999,0.835599114764464,-0.7461654135338345,0.6872037914691943,1.1153846153846154,0.4228083785880527,3.8348745046235138,0.48869223205506385,-0.3850190839694656,0.3850190839694656,-0.5972986493246623,-0.480675,-0.053181169999999986,-2035775.0,3109565.0
2,0.38880000000000003,0.0268,0.031900000000000005,0.0534,0.06589532,1.08271834e-07,4.4110593e-06,0.39640000000000003,0.4162,0.161,0.0661,0.033100000000000004,0.08940000000000001,0.2886,0.3563,-0.5018656716417911,-0.3316708229426434,0.018461538461538456,0.8710298363811357,0.7213339947342313,0.8710298363811357,-0.7584803256445047,0.5973782771535581,1.1902985074626866,0.41055900621118013,4.348993288590604,0.5387263339070568,-0.4143324845398327,0.4143324845398327,-0.638239875389408,-0.6427750000000001,-0.07216691,-2038585.0,3116685.0
3,0.5585,0.0308,0.0393,0.0695,0.18445918,2.389133e-07,6.4415312e-06,0.5587,0.4364,0.2288,0.09910000000000001,0.038400000000000004,0.1202,0.43770000000000003,0.5284,-0.5340261481729802,-0.3858424725822533,-0.011583011583011556,0.8954692007466484,0.9426322874598737,0.8954692007466484,-0.7786624203821656,0.5654676258992806,1.275974025974026,0.4331293706293707,4.646422628951747,0.5920529801324504,-0.41877302171980185,0.41877302171980185,-0.6429847464614539,-0.943125,-0.11052235999999997,-2038575.0,3118105.0
2,0.3307,0.022500000000000003,0.026600000000000002,0.046700000000000005,0.08125449,6.975233e-08,6.3854977e-06,0.3282,0.32330000000000003,0.151,0.0641,0.023200000000000002,0.0843,0.24450000000000002,0.29810000000000003,-0.5275670207384926,-0.3497109826589595,-0.06827309236947791,0.8725934314835786,0.6351682198704787,0.8725934314835786,-0.7525172231054583,0.569593147751606,1.1822222222222223,0.42450331125827817,3.922894424673784,0.5786516853932583,-0.37305376790533523,0.37305376790533523,-0.6098220319891867,-0.563175,-0.06615650999999997,-2038565.0,3119525.0
1,0.4786,0.027100000000000003,0.0363,0.0697,0.15302129,5.1265953e-08,6.3440225e-06,0.5187,0.5044000000000001,0.22970000000000002,0.1029,0.0335,0.12840000000000001,0.4193,0.49250000000000005,-0.5344021376085505,-0.44008264462809915,-0.040114613180515714,0.892821831125173,0.8542313451915704,0.892821831125173,-0.7457596206456321,0.5208034433285509,1.3394833948339482,0.44797562037440136,3.7274143302180685,0.6514469453376206,-0.35140477198927006,0.35140477198927006,-0.5968367188711429,-0.8261750000000001,-0.10101807000000002,-2037165.0,3116675.0
2,0.3511,0.0149,0.019700000000000002,0.0345,0.08235605,9.002089e-08,5.083128e-06,0.3795,0.3821,0.16090000000000002,0.0635,0.0213,0.0792,0.2787,0.3506,-0.646878198567042,-0.39676113360323895,0.03902439024390237,0.9185792349726775,0.6674531038483853,0.9185792349726775,-0.8210580912863069,0.5710144927536233,1.3221476510067116,0.39465506525792415,4.433080808080808,0.6833156216790649,-0.37148437500000003,0.37148437500000003,-0.6509349955476401,-0.646175,-0.08341849000000001,-2037155.0,3118095.0
2,0.4,0.0206,0.0229,0.0405,0.11848171,1.288563e-07,6.5734994e-06,0.42160000000000003,0.4147,0.14880000000000002,0.059000000000000004,0.0216,0.08,0.30910000000000004,0.38970000000000005,-0.572107765451664,-0.32569558101472995,-0.029213483146067396,0.9020446980504041,0.7244886636831009,0.9020446980504041,-0.8161180476730988,0.5654320987654321,1.1116504854368932,0.396505376344086,5.0,0.5904572564612326,-0.4577259475218658,0.4577259475218658,-0.6831840796019901,-0.6843000000000001,-0.07727491,-2037145.0,3119515.0
2,0.3527,0.0239,0.0291,0.0526,0.10091446,9.872913e-08,6.334903e-06,0.33940000000000003,0.34140000000000004,0.168,0.0716,0.025900000000000003,0.08320000000000001,0.2616,0.3135,-0.5231187669990933,-0.37516339869281046,-0.05818181818181814,0.8730748805098248,0.6713229252259655,0.8730748805098248,-0.7404391808536888,0.5532319391634981,1.217573221757322,0.4261904761904761,4.239182692307692,0.553688141923436,-0.35471480699058955,0.35471480699058955,-0.5998323905300649,-0.6025499999999999,-0.07622378000000002,-2035745.0,3116665.0
2,0.2867,0.023100000000000002,0.026000000000000002,0.0458,0.0413413,8.6599584e-08,3.1262493e-06,0.2985,0.3113,0.1375,0.058,0.0221,0.075,0.21450000000000002,0.2667,-0.5002727768685216,-0.3294629898403483,-0.08108108108108109,0.8508715300193673,0.5638055758758027,0.8508715300193673,-0.7245112781954887,0.5676855895196506,1.1255411255411256,0.4218181818181818,3.822666666666667,0.5290519877675841,-0.3517208863743517,0.3517208863743517,-0.5881157948197054,-0.4813000000000001,-0.058849490000000004,-2035735.0,3118085.0
2,0.2629,0.0179,0.0207,0.034800000000000005,0.06529548,1.0243952e-07,5.5237074e-06,0.3007,0.2864,0.131,0.0538,0.019200000000000002,0.0716,0.2159,0.2692,-0.5802171290711701,-0.32068311195445925,-0.03759398496240596,0.8725071225071225,0.5261923377638781,0.8725071225071225,-0.7662075915351025,0.5948275862068965,1.1564245810055866,0.41068702290076337,3.6717877094972073,0.6,-0.3348565625793349,0.3348565625793349,-0.5963974106388968,-0.4697000000000001,-0.05943531999999999,-2035725.0,3119505.0
2,0.3423,0.022000000000000002,0.0281,0.046,0.06187793,1.14440915e-07,3.595741e-06,0.36000000000000004,0.3281,0.1598,0.06720000000000001,0.027100000000000003,0.0855,0.27440000000000003,0.3304,-0.5529640427599611,-0.35294117647058815,-0.01811594202898546,0.8792204227285203,0.659847255747695,0.8792204227285203,-0.7630697913984034,0.6108695652173913,1.2772727272727271,0.42052565707133926,4.003508771929824,0.5906976744186045,-0.36347341167098185,0.36347341167098185,-0.6118363794604004,-0.5932499999999999,-0.07196022999999999,-2034325.0,3116665.0
2,0.2755,0.025400000000000002,0.029500000000000002,0.042100000000000005,0.070218354,1.5663504e-07,6.01531e-06,0.3256,0.3176,0.1378,0.0597,0.0315,0.07970000000000001,0.2416,0.29300000000000004,-0.5319622012229016,-0.24740740740740744,0.03278688524590161,0.8311731472249918,0.5497451622259977,0.8311731472249918,-0.7348866498740554,0.7007125890736342,1.1614173228346456,0.4332365747460087,3.4567126725219572,0.516650808753568,-0.3331720300024196,0.3331720300024196,-0.5637016149705204,-0.470275,-0.055807349999999985,-2035775.0,3110985.0
2,0.31820000000000004,0.033100000000000004,0.038700000000000005,0.055600000000000004,0.09131325,1.908183e-07,5.8023247e-06,0.3514,0.3492,0.164,0.0781,0.0395,0.0947,0.2617,0.3181,-0.4936247723132968,-0.2536640360766629,0.010230179028132929,0.8115570737261599,0.6215808568749746,0.8115570737261599,-0.7025147137506689,0.6960431654676259,1.1691842900302114,0.47621951219512193,3.3600844772967267,0.48200312989045374,-0.31978432185815014,0.31978432185815014,-0.5248878444776757,-0.5260750000000001,-0.06516963999999999,-2035765.0,3112405.0
2,0.3481,0.0227,0.029300000000000003,0.051000000000000004,0.06850099,1.1778175e-07,4.2813776e-06,0.40640000000000004,0.3715,0.1804,0.0765,0.029300000000000003,0.10250000000000001,0.312,0.37410000000000004,-0.5592048401037166,-0.38398914518317506,0.0,0.877562028047465,0.6702384247360721,0.877562028047465,-0.7444249561513405,0.5745098039215687,1.2907488986784141,0.4240576496674057,3.3960975609756097,0.6373801916932907,-0.31731315042573327,0.31731315042573327,-0.5837180025178347,-0.616825,-0.0763623,-2035755.0,3113825.0
2,0.3458,0.024300000000000002,0.031400000000000004,0.051300000000000005,0.07149361,8.251071e-08,4.6513137e-06,0.3699,0.3538,0.1668,0.0699,0.0304,0.0913,0.2785,0.3377,-0.529573590096286,-0.3571428571428572,-0.01618122977346285,0.8686841394217779,0.6688957885518669,0.8686841394217779,-0.7416267942583732,0.6120857699805068,1.2921810699588478,0.41906474820143885,3.7875136911281486,0.5795847750865052,-0.34920015606710886,0.34920015606710886,-0.6003394145099703,-0.5917749999999999,-0.07148784999999999,-2035745.0,3115245.0
2,0.266,0.0274,0.0309,0.045000000000000005,0.11638265,2.7543902e-07,1.1617005e-05,0.2541,0.2838,0.1197,0.057600000000000005,0.032,0.06570000000000001,0.1841,0.22870000000000001,-0.4535519125683059,-0.24309392265193375,0.01748807631160573,0.8132242672119974,0.5319317565594628,0.8132242672119974,-0.7106109324758842,0.6866666666666666,1.1277372262773722,0.481203007518797,4.048706240487062,0.4113856068743287,-0.3793103448275862,0.3793103448275862,-0.5548572924849436,-0.4207500000000001,-0.05025286,-2034355.0,3110985.0
2,0.3516,0.0315,0.0376,0.055200000000000006,0.069476426,1.4145374e-07,5.3311564e-06,0.3851,0.3687,0.1728,0.0789,0.0363,0.095,0.28750000000000003,0.3509,-0.5157894736842106,-0.2733564013840831,-0.017591339648173242,0.8355520751761943,0.6733672334339743,0.8355520751761943,-0.7286135693215339,0.681159420289855,1.1936507936507936,0.4565972222222222,3.7010526315789476,0.5019762845849802,-0.3409610983981694,0.3409610983981694,-0.5580464371497198,-0.591275,-0.07381846,-2034345.0,3112405.0
2,0.3022,0.025400000000000002,0.0267,0.0449,0.055845026,6.98626e-08,3.9371566e-06,0.33130000000000004,0.3194,0.1573,0.0682,0.0251,0.0843,0.2464,0.2972,-0.5558852621167162,-0.2773826458036984,-0.030888030888030903,0.844932844932845,0.5820544505122175,0.844932844932845,-0.7412849322961683,0.5946547884187082,1.0511811023622046,0.43356643356643354,3.5848161328588377,0.5369188696444849,-0.3153427638737759,0.3153427638737759,-0.5569230769230769,-0.53325,-0.06835872999999998,-2034335.0,3113825.0
2,0.3058,0.030600000000000002,0.0371,0.0517,0.08256158,1.3086199e-07,7.0086517e-06,0.3309,0.2858,0.15480000000000002,0.0698,0.032100000000000004,0.0874,0.24400000000000002,0.29660000000000003,-0.4992736077481841,-0.25637910085054677,-0.07225433526011556,0.8180737217598096,0.6059530198571607,0.8180737217598096,-0.7107692307692307,0.7176015473887815,1.2124183006535947,0.45090439276485783,3.4988558352402745,0.48135593220338985,-0.32783326096396004,0.32783326096396004,-0.5470336115497406,-0.5071000000000001,-0.061791010000000014,-2034325.0,3115245.0
2,0.2818,0.029900000000000003,0.0341,0.0512,0.1373793,3.2182336e-07,1.0864735e-05,0.2879,0.29600000000000004,0.1177,0.0541,0.038200000000000005,0.0801,0.21130000000000002,0.2586,-0.3937240970988751,-0.26263871763255237,0.05670816044260036,0.8081488610843761,0.5596250362935004,0.8081488610843761,-0.6924924924924925,0.6660156249999999,1.140468227424749,0.45964316057774,3.518102372034956,0.4563636363636363,-0.4107634543178974,0.4107634543178974,-0.5798949737434358,-0.4236249999999999,-0.03874285000000001,-2032935.0,3110975.0
2,0.27890000000000004,0.0246,0.0279,0.0412,0.100451574,1.2575686e-07,8.504967e-06,0.3073,0.2975,0.1208,0.052700000000000004,0.0287,0.0745,0.22290000000000001,0.2765,-0.49135802469135803,-0.25227963525835867,0.014134275618374534,0.8378912685337726,0.552598069418772,0.8378912685337726,-0.7425804436113714,0.6771844660194175,1.1341463414634148,0.4362582781456954,3.7436241610738263,0.5035317860746721,-0.3955466599949962,0.3955466599949962,-0.5975006508721687,-0.45547499999999996,-0.048934240000000004,-2032925.0,3112395.0
2,0.3486,0.0347,0.0371,0.061900000000000004,0.06771355,1.0510087e-07,4.5825773e-06,0.338,0.30710000000000004,0.1376,0.061200000000000004,0.0307,0.09770000000000001,0.2518,0.3009,-0.37944862155388465,-0.2815734989648033,-0.0943952802359882,0.8189407774589095,0.6544914160572524,0.8189407774589095,-0.6984165651644336,0.5993537964458804,1.0691642651296829,0.44476744186046513,3.5680655066530194,0.4758308157099697,-0.43397778691896344,0.43397778691896344,-0.6017441860465117,-0.5221500000000001,-0.043874829999999976,-2034385.0,3103875.0
2,0.3144,0.0297,0.0334,0.049300000000000004,0.06650207,1.8473565e-07,5.812263e-06,0.3391,0.3245,0.12840000000000001,0.057,0.030100000000000002,0.0821,0.24380000000000002,0.3037,-0.4451322453573438,-0.24810126582278486,-0.05196850393700783,0.8273757628596338,0.6088881732549715,0.8273757628596338,-0.7288974429474842,0.6774847870182555,1.1245791245791246,0.4439252336448598,3.8294762484774663,0.4686940966010733,-0.4200542005420054,0.4200542005420054,-0.6009205983889528,-0.4933,-0.05013848999999999,-2034385.0,3105295.0
2,0.3415,0.033100000000000004,0.0385,0.0608,0.05475617,1.1611581e-07,3.6204747e-06,0.3689,0.313,0.1694,0.0766,0.0315,0.10250000000000001,0.2793,0.3352,-0.47176368375325806,-0.2949946751863684,-0.09999999999999998,0.8232781633742658,0.6558117233387941,0.8232781633742658,-0.6977380064628386,0.6332236842105263,1.1631419939577037,0.45218417945690675,3.3317073170731706,0.5117994100294986,-0.3368565276962224,0.3368565276962224,-0.5519705942413722,-0.5567000000000001,-0.06337440999999999,-2034375.0,3106715.0
2,0.31670000000000004,0.0328,0.0361,0.0538,0.0802453,1.4236868e-07,5.4517254e-06,0.338,0.3204,0.1522,0.06860000000000001,0.0361,0.091,0.2523,0.3027,-0.47766990291262135,-0.2424942263279445,0.0,0.8123032904148785,0.6107020720177027,0.8123032904148785,-0.7095816464237517,0.671003717472119,1.100609756097561,0.45072273324572937,3.4802197802197807,0.4701130856219709,-0.35082107059074435,0.35082107059074435,-0.5535006605019815,-0.5156000000000001,-0.05749274999999999,-2034365.0,3108145.0
2,0.37320000000000003,0.0473,0.051000000000000004,0.07010000000000001,0.10195862,4.540205e-07,7.0128776e-06,0.4143,0.3612,0.1711,0.0792,0.0432,0.11280000000000001,0.3085,0.3748,-0.41873963515754553,-0.19420783645655884,-0.08280254777070065,0.7750297265160523,0.6949391918399372,0.7750297265160523,-0.6837356192194902,0.7275320970042796,1.0782241014799154,0.4628872004675629,3.3085106382978724,0.4091193004372267,-0.3713025904831895,0.3713025904831895,-0.5405847103686218,-0.5704,-0.055485519999999997,-2034355.0,3109565.0
2,0.3168,0.027600000000000003,0.030500000000000003,0.052000000000000005,0.09334851,1.1684298e-07,6.438229e-06,0.3537,0.3532,0.1458,0.0636,0.0317,0.0931,0.2595,0.3196,-0.47421638018200196,-0.3065326633165829,0.019292604501607656,0.8397212543554007,0.6097395604833886,0.8397212543554007,-0.7180043383947939,0.5865384615384616,1.105072463768116,0.43621399176954734,3.402792696025779,0.5426677713338857,-0.36964980544747084,0.36964980544747084,-0.5840364880273661,-0.5175,-0.05532855999999999,-2032965.0,3103875.0
2,0.32330000000000003,0.0273,0.0284,0.0459,0.0864194,8.940398e-08,5.7360426e-06,0.4025,0.34800000000000003,0.1653,0.07150000000000001,0.027700000000000002,0.08940000000000001,0.2949,0.3675,-0.5653409090909092,-0.2540983606557377,-0.012477718360071288,0.8442669709070166,0.6129424691939409,0.8442669709070166,-0.7513542795232937,0.6187363834422658,1.0402930402930404,0.4325468844525106,3.616331096196868,0.5321336760925449,-0.3233729021694638,0.3233729021694638,-0.5613762486126527,-0.5718750000000001,-0.07440871000000002,-2032965.0,3105295.0
2,0.2508,0.0195,0.0252,0.0337,0.08911897,1.5751122e-07,7.794306e-06,0.2932,0.3433,0.11280000000000001,0.0483,0.0297,0.0623,0.2001,0.257,-0.5399317406143345,-0.2669172932330827,0.0819672131147541,0.855715871254162,0.5153545978961656,0.855715871254162,-0.7630931458699473,0.7477744807121661,1.2923076923076924,0.4281914893617021,4.0256821829855545,0.5232273838630808,-0.3795379537953795,0.3795379537953795,-0.605584642233857,-0.42387500000000017,-0.05255686000000002,-2032955.0,3106715.0
2,0.3522,0.0252,0.029,0.0485,0.06747959,5.6540966e-08,4.663146e-06,0.38220000000000004,0.3811,0.15810000000000002,0.0649,0.0287,0.0901,0.2818,0.34740000000000004,-0.5304937076476284,-0.31614654002713705,-0.005199306759098815,0.8664546899841018,0.6651372579516293,0.8664546899841018,-0.7579236336411281,0.5979381443298969,1.150793650793651,0.4104996837444655,3.9089900110987794,0.5628794449262793,-0.3803644914756026,0.3803644914756026,-0.6176532993846806,-0.5989749999999999,-0.06850211,-2032945.0,3108135.0
2,0.3057,0.029,0.0328,0.0511,0.052690912,1.4967323e-07,4.5267475e-06,0.3216,0.32680000000000003,0.13240000000000002,0.059500000000000004,0.0291,0.08700000000000001,0.2391,0.2863,-0.4430517711171662,-0.27590511860174777,-0.05977382875605818,0.8267104870032864,0.5959714679419632,0.8267104870032864,-0.7135650224215248,0.6418786692759296,1.1310344827586207,0.4493957703927492,3.513793103448276,0.5000000000000001,-0.39557178726318193,0.39557178726318193,-0.585480093676815,-0.4817250000000002,-0.047944379999999995,-2032935.0,3109555.0
3,0.34540000000000004,0.0273,0.031400000000000004,0.0541,0.06667141,1.1302531e-07,4.559969e-06,0.3537,0.36100000000000004,0.1646,0.0743,0.0333,0.09480000000000001,0.27290000000000003,0.32370000000000004,-0.5052583447645176,-0.32923832923832924,0.029366306027820692,0.8535014757177355,0.6565125225720343,0.8535014757177355,-0.7291614518147685,0.5804066543438078,1.1501831501831503,0.45139732685297695,3.6434599156118144,0.5528255528255528,-0.3545098039215687,0.3545098039215687,-0.5752508361204013,-0.5797749999999999,-0.06780185999999999,-2034315.0,3118085.0
2,0.2586,0.0205,0.026000000000000002,0.039900000000000005,0.07097051,1.8990039e-07,6.688486e-06,0.2811,0.31220000000000003,0.138,0.0599,0.025500000000000002,0.0694,0.2081,0.2545,-0.551433389544688,-0.3211920529801325,-0.009708737864077678,0.853099247581512,0.5275577279622451,0.853099247581512,-0.7326633165829146,0.6516290726817042,1.2682926829268293,0.4340579710144927,3.7262247838616713,0.5439377085650723,-0.3040847201210287,0.3040847201210287,-0.5594520547945206,-0.454175,-0.0615064,-2034305.0,3119505.0
2,0.34140000000000004,0.0228,0.028300000000000002,0.047900000000000005,0.06641981,1.0257363e-07,5.087106e-06,0.3416,0.31920000000000004,0.1484,0.0634,0.0258,0.0833,0.25470000000000004,0.3106,-0.511971472236373,-0.355021216407355,-0.04621072088724588,0.8747940691927513,0.6561870532011533,0.8747940691927513,-0.7539172874389931,0.5908141962421711,1.2412280701754386,0.4272237196765498,4.098439375750301,0.5702167766258247,-0.39403838301347494,0.39403838301347494,-0.6218468962491774,-0.5708,-0.0657271,-2032905.0,3116655.0
2,0.3104,0.0212,0.025,0.0409,0.052359775,7.7703596e-08,3.9419924e-06,0.3267,0.32280000000000003,0.13570000000000002,0.0565,0.0211,0.0751,0.23700000000000002,0.2959,-0.5368063420158552,-0.31723027375201285,-0.08459869848156183,0.8721351025331725,0.6037916966642669,0.8721351025331725,-0.7671505835468261,0.6112469437652812,1.179245283018868,0.4163596168017686,4.133155792276964,0.5597092419522327,-0.391616229544945,0.391616229544945,-0.6238198983297023,-0.5277750000000001,-0.062112389999999996,-2032895.0,3118075.0
2,0.2122,0.028,0.0302,0.0451,0.077338174,3.7862358e-07,7.1066547e-06,0.2544,0.2569,0.1373,0.0626,0.0235,0.0742,0.1915,0.2285,-0.5054824561403509,-0.23392612859097128,-0.12476722532588456,0.7668609492089925,0.43555517032157404,0.7668609492089925,-0.6494364554994171,0.6696230598669624,1.0785714285714285,0.4559359067734887,2.8598382749326143,0.452054794520548,-0.21430615164520742,0.21430615164520742,-0.4558558558558558,-0.36565000000000003,-0.05082595000000001,-2032885.0,3119495.0
2,0.35910000000000003,0.034300000000000004,0.041600000000000005,0.0627,0.114842646,1.6085505e-07,7.587166e-06,0.3719,0.3633,0.1791,0.0828,0.036500000000000005,0.0998,0.28140000000000004,0.3383,-0.4813895781637717,-0.2927835051546392,-0.06530089628681178,0.8256227758007118,0.689161146140953,0.8256227758007118,-0.7027027027027026,0.6634768740031898,1.2128279883381925,0.46231155778894467,3.5981963927855714,0.488441461595824,-0.3344481605351171,0.3344481605351171,-0.5477018153727309,-0.5882499999999999,-0.07211718000000002,-2031485.0,3116645.0
2,0.3251,0.026000000000000002,0.0333,0.0477,0.12649636,1.5165507e-07,7.638687e-06,0.3729,0.4057,0.169,0.0776,0.0322,0.08950000000000001,0.2836,0.34540000000000004,-0.5597600369173974,-0.2944369063772048,-0.01679389312977105,0.8518940472799771,0.6389328785479352,0.8518940472799771,-0.7440987124463518,0.6981132075471699,1.2807692307692309,0.4591715976331361,3.632402234636871,0.5497835497835497,-0.3159279498077312,0.3159279498077312,-0.5515151515151516,-0.5692,-0.07580169,-2031475.0,3118065.0
2,0.3452,0.0307,0.0367,0.057600000000000005,0.091083676,1.3278127e-07,6.275463e-06,0.3588,0.35150000000000003,0.16290000000000002,0.0721,0.034,0.0913,0.27540000000000003,0.3311,-0.4775510204081632,-0.304643261608154,-0.0381895332390382,0.836658685820697,0.6636367260694496,0.836658685820697,-0.7140019860973188,0.6371527777777778,1.1954397394136809,0.44260282381829336,3.7809419496166483,0.4967213114754098,-0.3587876402283015,0.3587876402283015,-0.5758200949040644,-0.5634250000000001,-0.06528458000000001,-2031465.0,3119485.0
2,0.3643,0.037700000000000004,0.0392,0.0645,0.084805675,1.6880333e-07,5.884028e-06,0.3684,0.3262,0.14830000000000002,0.0678,0.034800000000000005,0.1039,0.27890000000000004,0.3337,-0.39379699248120303,-0.26223091976516627,-0.05945945945945937,0.8124378109452736,0.6733898958735057,0.8124378109452736,-0.699160447761194,0.6077519379844961,1.039787798408488,0.4571813890761968,3.506256015399422,0.46751412429378536,-0.4213811939133827,0.4213811939133827,-0.5854616895874264,-0.5515000000000001,-0.04819537,-2030065.0,3116635.0
2,0.27,0.022600000000000002,0.0241,0.040600000000000004,0.06696837,1.6167164e-07,5.4505244e-06,0.3054,0.3259,0.1419,0.0608,0.027100000000000003,0.0784,0.2243,0.27190000000000003,-0.555068493150685,-0.2848101265822785,0.05859375000000005,0.845522898154477,0.5326366493856391,0.845522898154477,-0.7385705086928525,0.5935960591133004,1.0663716814159292,0.4284707540521494,3.4438775510204085,0.5524752475247524,-0.31099781500364165,0.31099781500364165,-0.5581456953642384,-0.47705,-0.060213219999999984,-2030055.0,3118055.0
2,0.3541,0.028800000000000003,0.0335,0.0511,0.09526536,1.2575387e-07,5.829453e-06,0.378,0.3825,0.1553,0.06770000000000001,0.030500000000000003,0.0892,0.2722,0.3403,-0.50484496124031,-0.2790988735919899,-0.046874999999999986,0.8495690780882738,0.6713832163994827,0.8495690780882738,-0.7477788746298125,0.6555772994129159,1.1631944444444444,0.43593045717965234,3.9697309417040363,0.5118644067796609,-0.3902630545740086,0.3902630545740086,-0.6013220409006403,-0.5859250000000001,-0.06773713999999999,-2032915.0,3113815.0
2,0.3262,0.027800000000000002,0.0327,0.0507,0.09573057,1.2353063e-07,7.705823e-06,0.35750000000000004,0.36250000000000004,0.1555,0.07,0.0333,0.0893,0.26530000000000004,0.32180000000000003,-0.5082444228903977,-0.2917197452229299,0.00909090909090914,0.8429378531073447,0.6312963334001203,0.8429378531073447,-0.730963120191032,0.6449704142011834,1.1762589928057554,0.4501607717041801,3.652855543113102,0.5251921434671221,-0.35436993979655385,0.35436993979655385,-0.5717100941537114,-0.5456000000000001,-0.06525128,-2032905.0,3115235.0
2,0.3593,0.0324,0.0351,0.0604,0.06577379,1.6654134e-07,4.510937e-06,0.3255,0.3189,0.13670000000000002,0.0606,0.035300000000000005,0.0912,0.2422,0.2927,-0.38711314053779805,-0.30172413793103453,0.002840909090909172,0.8345672708705643,0.670967491960169,0.8345672708705643,-0.7121753633547772,0.5811258278145695,1.0833333333333333,0.4433065106071689,3.9396929824561404,0.47572815533980584,-0.44879032258064516,0.44879032258064516,-0.6183832581042265,-0.5427500000000001,-0.04816132999999998,-2031515.0,3110965.0
2,0.375,0.0256,0.0303,0.052500000000000005,0.065401174,8.5836646e-08,3.678118e-06,0.39580000000000004,0.36300000000000004,0.15430000000000002,0.0654,0.0264,0.09240000000000001,0.2923,0.3623,-0.4922630560928433,-0.3444302176696543,-0.0687830687830688,0.872191712431353,0.7007338533061821,0.872191712431353,-0.7543859649122807,0.5771428571428571,1.18359375,0.42384964355152294,4.058441558441558,0.5661016949152543,-0.4169658038919327,0.4169658038919327,-0.6332863187588154,-0.61605,-0.06703259,-2031505.0,3112385.0
7,0.2656,0.0864,0.0756,0.10500000000000001,0.08896602,5.280316e-07,8.894172e-06,0.1887,0.2827,0.1257,0.0741,0.0431,0.1105,0.1531,0.17750000000000002,-0.0897269180754226,-0.09717868338557996,-0.27379949452401015,0.5090909090909091,0.4746096959737058,0.5090909090909091,-0.4333513221802482,0.72,0.875,0.5894988066825775,2.4036199095022623,0.12239715591670895,-0.35752619473549707,0.35752619473549707,-0.3601754036276659,-0.23032499999999995,0.008352039999999998,-2031495.0,3113805.0
2,0.3083,0.027700000000000002,0.032600000000000004,0.049800000000000004,0.06549998,1.0897815e-07,4.6087935e-06,0.3653,0.3426,0.155,0.0678,0.0317,0.09090000000000001,0.27240000000000003,0.3301,-0.5136718749999999,-0.28516129032258064,-0.01399688958009339,0.8351190476190476,0.6041056910569106,0.8351190476190476,-0.7218654007260541,0.6546184738955824,1.1768953068592058,0.4374193548387097,3.3916391639163916,0.5328836424957841,-0.33088711418087635,0.33088711418087635,-0.5623281393217232,-0.5209,-0.06203055999999999,-2031485.0,3115225.0
2,0.3345,0.0285,0.0324,0.0555,0.0497712,8.776784e-08,3.7934176e-06,0.3694,0.3352,0.1394,0.0579,0.0304,0.1042,0.2841,0.336,-0.4304771677783479,-0.3214285714285714,-0.03184713375796176,0.8429752066115701,0.6398019801980198,0.8429752066115701,-0.7153846153846154,0.5837837837837837,1.1368421052631579,0.415351506456241,3.2101727447216892,0.5704596834966089,-0.4116902300063305,0.4116902300063305,-0.6187954996690932,-0.5252249999999999,-0.042451419999999976,-2030095.0,3110955.0
2,0.3073,0.0309,0.0333,0.051300000000000005,0.10778721,2.337247e-07,6.9542966e-06,0.337,0.3265,0.13920000000000002,0.0654,0.0318,0.08850000000000001,0.24700000000000003,0.3025,-0.46141732283464565,-0.24817518248175185,-0.0230414746543779,0.8172678888231817,0.5932257934752002,0.8172678888231817,-0.7138873396542108,0.6491228070175439,1.0776699029126215,0.46982758620689646,3.472316384180791,0.48241206030150763,-0.37648376259798433,0.37648376259798433,-0.5591668574044404,-0.4918500000000001,-0.05351716999999999,-2030085.0,3112375.0
2,0.3785,0.0383,0.034300000000000004,0.0639,0.09356374,1.6449093e-07,5.023904e-06,0.4151,0.3733,0.195,0.08850000000000001,0.0268,0.1184,0.30160000000000003,0.3771,-0.5063731170336037,-0.25048923679060664,-0.12274959083469726,0.8162188099808061,0.6720328633285222,0.8162188099808061,-0.711121157323689,0.536776212832551,0.89556135770235,0.4538461538461539,3.1967905405405403,0.5111678366305041,-0.3199651264167393,0.3199651264167393,-0.5300222386953297,-0.644075,-0.07678023999999997,-2030075.0,3113795.0
2,0.44530000000000003,0.0352,0.0407,0.064,0.09206277,2.0371078e-07,4.555844e-06,0.42650000000000005,0.4012,0.167,0.07200000000000001,0.0408,0.1028,0.3148,0.38820000000000005,-0.4458874458874459,-0.29032258064516125,0.00122699386503071,0.8534859521331946,0.7978168362627198,0.8534859521331946,-0.7486746514824267,0.6359374999999999,1.15625,0.4311377245508982,4.33171206225681,0.489855072463768,-0.45451576024824425,0.45451576024824425,-0.638570465273095,-0.6997500000000001,-0.06870545,-2030075.0,3115215.0
2,0.2751,0.0308,0.036000000000000004,0.0487,0.12584978,2.823919e-07,1.1341754e-05,0.2958,0.31320000000000003,0.1335,0.06430000000000001,0.0325,0.08080000000000001,0.21400000000000002,0.26080000000000003,-0.46542261251372125,-0.2251572327044025,-0.05109489051094895,0.7986270022883296,0.5521052189259602,0.7986270022883296,-0.6991970352069178,0.7392197125256674,1.168831168831169,0.4816479400749064,3.4047029702970293,0.4480286738351255,-0.3465491923641703,0.3465491923641703,-0.5317577548005908,-0.43907500000000005,-0.05122734,-2031545.0,3103865.0
2,0.24930000000000002,0.027700000000000002,0.0291,0.042,0.09839006,2.075821e-07,9.0999665e-06,0.3235,0.36560000000000004,0.1353,0.0584,0.0246,0.082,0.2348,0.2884,-0.5262267343485617,-0.20516499282639883,-0.08379888268156425,0.8,0.4974316141156818,0.8,-0.7116374871266735,0.6928571428571428,1.0505415162454872,0.43163340724316335,3.0402439024390246,0.4949863263445761,-0.296411856474259,0.296411856474259,-0.5275720164609053,-0.42820000000000014,-0.05120186999999999,-2031545.0,3105285.0
2,0.2564,0.0164,0.019200000000000002,0.0317,0.08475319,9.2542166e-08,6.256136e-06,0.302,0.3341,0.1075,0.0431,0.0182,0.0606,0.2121,0.27030000000000004,-0.5445402298850576,-0.318087318087318,-0.026737967914438523,0.879765395894428,0.5158572844400398,0.879765395894428,-0.7799375216938563,0.6056782334384859,1.170731707317073,0.40093023255813953,4.231023102310231,0.5740259740259741,-0.40917834569936806,0.40917834569936806,-0.644882124738884,-0.43662499999999993,-0.05148649999999999,-2031535.0,3106705.0
2,0.2808,0.035500000000000004,0.037000000000000005,0.054700000000000006,0.12619498,2.6970505e-07,9.247179e-06,0.30660000000000004,0.327,0.1418,0.0695,0.0324,0.0945,0.2295,0.27540000000000003,-0.44325699745547076,-0.21286031042128606,-0.06628242074927963,0.7755295605437874,0.5479733618350736,0.7755295605437874,-0.6739195230998509,0.6764168190127972,1.0422535211267605,0.4901269393511989,2.9714285714285715,0.4538461538461538,-0.32891623284429716,0.32891623284429716,-0.5033112582781457,-0.44277499999999986,-0.04683821000000001,-2031525.0,3108125.0
2,0.2879,0.023100000000000002,0.025,0.0444,0.035203453,5.5658816e-08,2.7827975e-06,0.3126,0.29650000000000004,0.1246,0.0526,0.0218,0.0834,0.2316,0.28150000000000003,-0.4745562130177514,-0.31555555555555553,-0.06837606837606841,0.8514469453376206,0.56226795803067,0.8514469453376206,-0.7327715919349985,0.5630630630630631,1.0822510822510822,0.42215088282504015,3.452038369304556,0.5661971830985915,-0.3958787878787879,0.3958787878787879,-0.6103962943901184,-0.4695999999999999,-0.0463867,-2031515.0,3109545.0
2,0.3627,0.028800000000000003,0.0313,0.0506,0.10288353,1.8067061e-07,6.8634567e-06,0.3662,0.371,0.1463,0.065,0.030600000000000002,0.0868,0.2631,0.3321,-0.4860335195530726,-0.2745591939546599,-0.011308562197092071,0.8528735632183908,0.6749567557178551,0.8528735632183908,-0.755141543672877,0.6185770750988143,1.0868055555555556,0.4442925495557074,4.178571428571429,0.5017301038062283,-0.425147347740668,0.425147347740668,-0.6154161541615416,-0.58945,-0.06457866,-2030125.0,3103855.0
2,0.3383,0.0327,0.0325,0.0577,0.08628905,9.986758e-08,5.8875225e-06,0.35850000000000004,0.3548,0.14200000000000002,0.0634,0.0302,0.1029,0.264,0.3171,-0.4221331997996996,-0.27654867256637167,-0.036682615629984046,0.8237196765498652,0.6299050939376332,0.8237196765498652,-0.7085858585858584,0.5632582322357019,0.9938837920489297,0.4464788732394366,3.2876579203109815,0.5176991150442479,-0.40870289402456794,0.40870289402456794,-0.5883486828014566,-0.52785,-0.04693182,-2030125.0,3105275.0
2,0.37670000000000003,0.0275,0.0292,0.0514,0.08747937,9.577274e-08,6.885367e-06,0.3695,0.31270000000000003,0.1295,0.054900000000000004,0.025,0.0874,0.2696,0.3311,-0.43173023770038693,-0.302915082382763,-0.07749077490774905,0.8639287481444828,0.6911998185529599,0.8639287481444828,-0.7598691894417192,0.5680933852140078,1.0618181818181818,0.42393822393822395,4.310068649885584,0.5213228894691037,-0.488344527854603,0.488344527854603,-0.6625025599016997,-0.5878749999999999,-0.053292430000000016,-2030115.0,3106695.0
2,0.336,0.0273,0.0292,0.052000000000000005,0.08140139,5.814433e-08,5.9927265e-06,0.3373,0.3255,0.1269,0.0524,0.0263,0.0887,0.2495,0.3025,-0.4186696478479598,-0.3114754098360656,-0.052252252252252246,0.8497109826589596,0.634525296689569,0.8497109826589596,-0.731958762886598,0.5615384615384615,1.0695970695970696,0.41292356185973206,3.7880496054114996,0.5293103448275861,-0.4517174335709656,0.4517174335709656,-0.6417172398291752,-0.52205,-0.04496865999999999,-2030105.0,3108115.0
2,0.31120000000000003,0.0274,0.027700000000000002,0.0485,0.06706468,6.279349e-08,5.6531744e-06,0.3294,0.314,0.12510000000000002,0.0536,0.0263,0.0854,0.24250000000000002,0.29410000000000003,-0.4412442396313364,-0.2779973649538867,-0.02592592592592596,0.8381571175428235,0.5920258705682848,0.8381571175428235,-0.7303308312482625,0.5711340206185568,1.010948905109489,0.4284572342126299,3.6440281030444965,0.5141843971631206,-0.4265413706165483,0.4265413706165483,-0.6141938556799238,-0.4921,-0.04567463999999999,-2030095.0,3109535.0
2,0.30560000000000004,0.0396,0.0453,0.061200000000000004,0.22871676,5.8629513e-07,1.7221364e-05,0.3688,0.4097,0.156,0.07930000000000001,0.0468,0.1109,0.2805,0.3317,-0.43646408839779005,-0.2142857142857143,0.01628664495114008,0.7705677867902664,0.6019361003780798,0.7705677867902664,-0.6663031624863687,0.7401960784313725,1.1439393939393938,0.5083333333333334,2.7556357078449056,0.4737541528239203,-0.3240901213171578,0.3240901213171578,-0.4938271604938272,-0.474275,-0.04789373,-2028705.0,3103855.0
2,0.2913,0.0264,0.030600000000000002,0.0455,0.106953464,3.0991436e-07,8.599228e-06,0.31220000000000003,0.3239,0.11910000000000001,0.0538,0.0279,0.07390000000000001,0.2207,0.2787,-0.4471445929526124,-0.26564673157162727,-0.04615384615384617,0.8338054768649671,0.5751925913784627,0.8338054768649671,-0.7298099762470309,0.6725274725274726,1.1590909090909092,0.45172124265323255,3.9418132611637344,0.47357926221336,-0.4195906432748538,0.4195906432748538,-0.6010942551604079,-0.4578,-0.04908783999999999,-2028705.0,3105275.0
2,0.32630000000000003,0.0313,0.0366,0.058600000000000006,0.0941217,1.7580389e-07,6.263565e-06,0.3567,0.3619,0.14070000000000002,0.0589,0.0325,0.09730000000000001,0.2503,0.30760000000000004,-0.4119417962870045,-0.3036707452725251,-0.059334298118668596,0.8249440715883669,0.6328251048725396,0.8249440715883669,-0.6955053260587166,0.6245733788395904,1.169329073482428,0.41862117981520963,3.353545734840699,0.5132192846034214,-0.39743040685224834,0.39743040685224834,-0.6018538953873318,-0.5026750000000001,-0.04698354,-2028695.0,3106695.0
2,0.3452,0.026600000000000002,0.0298,0.0524,0.07557296,8.454621e-08,5.3303434e-06,0.3598,0.34,0.13720000000000002,0.0575,0.0267,0.0911,0.2636,0.321,-0.44725738396624476,-0.3265822784810127,-0.05486725663716811,0.85691231845078,0.6527745258721612,0.85691231845078,-0.7364185110663984,0.5687022900763359,1.1203007518796992,0.41909620991253643,3.7892425905598244,0.5480033984706882,-0.43117744610281916,0.43117744610281916,-0.63363101720758,-0.5484249999999999,-0.05266285,-2028685.0,3108115.0
2,0.3211,0.027200000000000002,0.029900000000000003,0.0529,0.11364355,1.1862218e-07,8.067213e-06,0.34390000000000004,0.32480000000000003,0.1343,0.057,0.0286,0.0956,0.2543,0.304,-0.43482905982905984,-0.3208489388264669,-0.022222222222222265,0.8438128050531151,0.6154914487520335,0.8438128050531151,-0.7171122994652406,0.5652173913043479,1.099264705882353,0.4244229337304542,3.358786610878661,0.5570032573289903,-0.41018884497145364,0.41018884497145364,-0.6130514705882353,-0.5067,-0.045490619999999996,-2028675.0,3109535.0
2,0.36460000000000004,0.0281,0.0304,0.051500000000000004,0.12537886,2.1921396e-07,9.079085e-06,0.3669,0.35100000000000003,0.13570000000000002,0.0608,0.029400000000000003,0.07980000000000001,0.2662,0.3315,-0.44978632478632474,-0.2939698492462312,-0.016722408026755807,0.8568882098293863,0.6768311369904996,0.8568882098293863,-0.7524633501562125,0.5902912621359223,1.0818505338078293,0.4480471628592483,4.568922305764411,0.479147358665431,-0.4575254847091745,0.4575254847091745,-0.6325687125439141,-0.5761000000000001,-0.061605999999999994,-2027285.0,3103845.0
2,0.34,0.0323,0.0344,0.059000000000000004,0.10759921,1.2463629e-07,8.155419e-06,0.38120000000000004,0.3718,0.14400000000000002,0.06380000000000001,0.032,0.10650000000000001,0.2914,0.34750000000000003,-0.41871921182266014,-0.29244249726177435,-0.036144578313253004,0.8264840182648402,0.640931180435805,0.8264840182648402,-0.7042606516290727,0.583050847457627,1.0650154798761609,0.4430555555555556,3.192488262910798,0.5345821325648416,-0.4049586776859504,0.4049586776859504,-0.5914984059511158,-0.5281500000000001,-0.044962650000000014,-2027285.0,3105265.0
2,0.3274,0.0324,0.030500000000000003,0.0572,0.08454626,2.1586119e-07,6.3010557e-06,0.3373,0.3138,0.13290000000000002,0.0597,0.027100000000000003,0.0945,0.2534,0.3047,-0.39821146764860604,-0.2767857142857143,-0.059027777777777776,0.8198999444135632,0.607942461621747,0.8198999444135632,-0.7025481019240769,0.5332167832167832,0.9413580246913582,0.4492099322799097,3.464550264550265,0.48936170212765956,-0.4225505105366065,0.4225505105366065,-0.5906666666666667,-0.502025,-0.043945000000000026,-2027275.0,3106685.0
2,0.37210000000000004,0.0212,0.024300000000000002,0.043500000000000004,0.11677425,3.878474e-08,6.9236066e-06,0.3896,0.37420000000000003,0.1443,0.0574,0.0233,0.0805,0.28200000000000003,0.3527,-0.536741214057508,-0.3446676970633694,-0.021008403361344553,0.8921942537503178,0.6902167723321059,0.8921942537503178,-0.7906641000962464,0.5586206896551724,1.1462264150943398,0.39778239778239777,4.6223602484472055,0.5830875122910522,-0.44113090627420604,0.44113090627420604,-0.6690526315789473,-0.6272000000000002,-0.06999638,-2027265.0,3108105.0
2,0.3383,0.0222,0.025,0.048600000000000004,0.093771026,5.7977438e-08,6.5119993e-06,0.34190000000000004,0.3493,0.13770000000000002,0.056,0.0216,0.0852,0.2513,0.3059,-0.4782608695652174,-0.37288135593220345,-0.07296137339055794,0.8768377253814147,0.6413940809968848,0.8768377253814147,-0.7487722925820623,0.51440329218107,1.1261261261261262,0.40668119099491645,3.970657276995305,0.5865921787709497,-0.4214285714285714,0.4214285714285714,-0.645753114382786,-0.5534999999999999,-0.05719885999999998,-2027265.0,3109525.0
2,0.4383,0.030500000000000003,0.0373,0.0693,0.1121583,6.85513e-08,6.3588027e-06,0.44420000000000004,0.44470000000000004,0.21180000000000002,0.09570000000000001,0.033800000000000004,0.1184,0.3473,0.41100000000000003,-0.5069370330843117,-0.38877755511022044,-0.04922644163150487,0.8698805460750852,0.7940442026014685,0.8698805460750852,-0.726950354609929,0.5382395382395382,1.222950819672131,0.4518413597733711,3.7018581081081083,0.590329079919409,-0.34840793724042457,0.34840793724042457,-0.5805915586573613,-0.740675,-0.09023028999999999,-2030005.0,3126575.0
2,0.459,0.0461,0.061000000000000006,0.0881,0.30406755,2.976775e-07,1.399654e-05,0.4893,0.45890000000000003,0.2257,0.1052,0.047400000000000005,0.1381,0.3846,0.459,-0.43849585723390694,-0.31296572280178836,-0.12546125461254612,0.8174618887349041,0.8617479070495265,0.8174618887349041,-0.6779382197038932,0.6923950056753689,1.3232104121475055,0.46610544971200707,3.32367849384504,0.499457111834962,-0.34073316781072,0.34073316781072,-0.549232831818859,-0.7195,-0.07940676999999999,-2028585.0,3126565.0
2,0.4864,0.0361,0.0439,0.0718,0.23101828,9.807944e-08,1.1937901e-05,0.5081,0.4849,0.216,0.09390000000000001,0.043500000000000004,0.1253,0.388,0.46900000000000003,-0.5010423905489924,-0.3308619091751622,-0.004576659038901574,0.8618181818181818,0.8588898999090081,0.8618181818181818,-0.742744536008599,0.6114206128133705,1.2160664819944598,0.4347222222222223,3.881883479648843,0.5526641883519208,-0.3849658314350797,0.3849658314350797,-0.6062395880660306,-0.8067250000000001,-0.09048081,-2027165.0,3126555.0
2,0.47650000000000003,0.033100000000000004,0.040100000000000004,0.07300000000000001,0.095530756,8.3392855e-08,4.7296826e-06,0.4873,0.4882,0.1865,0.0758,0.031400000000000004,0.12340000000000001,0.3667,0.44530000000000003,-0.43737957610789974,-0.3760603204524034,-0.12167832167832165,0.8700941915227629,0.8426892712918836,0.8700941915227629,-0.7343039126478617,0.5493150684931507,1.2114803625377644,0.40643431635388744,3.8614262560777957,0.576996805111821,-0.43740573152337864,0.43740573152337864,-0.6517985611510791,-0.75295,-0.07049254999999996,-2030025.0,3123735.0
2,0.3028,0.0269,0.030600000000000002,0.0453,0.09112819,2.8994978e-07,6.332348e-06,0.3301,0.3035,0.14830000000000002,0.064,0.029900000000000003,0.08320000000000001,0.2404,0.2982,-0.5320247933884298,-0.2548476454293629,-0.011570247933884285,0.8368213527449198,0.5913177290029967,0.8368213527449198,-0.7397299626544096,0.6754966887417219,1.137546468401487,0.4315576534052596,3.6394230769230766,0.5113533151680292,-0.3424961205941033,0.3424961205941033,-0.5715295781286825,-0.5168,-0.06222324000000001,-2028615.0,3120885.0
2,0.3114,0.025500000000000002,0.0346,0.053500000000000006,0.123730026,1.1961161e-07,9.071449e-06,0.3446,0.35910000000000003,0.1656,0.0713,0.034800000000000005,0.0913,0.2607,0.3125,-0.5116385212231856,-0.35443037974683544,0.0028818443804035404,0.8486197684772928,0.6249481284753922,0.8486197684772928,-0.7067689778021377,0.6467289719626167,1.356862745098039,0.4305555555555556,3.4107338444687842,0.5633561643835615,-0.3056603773584906,0.3056603773584906,-0.5627822944896116,-0.529325,-0.06623949999999999,-2028615.0,3122305.0
3,0.371,0.0344,0.040100000000000004,0.06770000000000001,0.15962824,1.25134e-07,9.775342e-06,0.3961,0.4278,0.1829,0.0826,0.038200000000000005,0.11040000000000001,0.30610000000000004,0.3639,-0.45969672785315235,-0.3261508325171401,-0.024265644955300113,0.8302910705476073,0.6995652684760897,0.8302910705476073,-0.6913608388420334,0.5923190546528804,1.1656976744186047,0.4516129032258065,3.360507246376811,0.5248618784530387,-0.3395919841126557,0.3395919841126557,-0.556902101874645,-0.60085,-0.06752471999999998,-2028605.0,3123725.0
3,0.45980000000000004,0.034300000000000004,0.0371,0.06380000000000001,0.11533674,1.3490914e-07,7.166748e-06,0.4415,0.3977,0.2097,0.09820000000000001,0.0346,0.1044,0.31220000000000003,0.3996,-0.5334552102376598,-0.3007135575942915,-0.03486750348675038,0.8611617081562437,0.8038346487908604,0.8611617081562437,-0.7563025210084033,0.5815047021943573,1.0816326530612244,0.46828803051979023,4.404214559386974,0.5054073540014419,-0.37356235997012704,0.37356235997012704,-0.5789640927867811,-0.7830999999999999,-0.10472879999999998,-2028595.0,3125145.0
2,0.26380000000000003,0.020900000000000002,0.0262,0.0381,0.088700324,1.841247e-07,6.4791866e-06,0.28850000000000003,0.3166,0.12660000000000002,0.0531,0.028200000000000003,0.0678,0.20450000000000002,0.25630000000000003,-0.5373406193078325,-0.2915254237288135,0.03676470588235297,0.8531787846856339,0.5354238282887566,0.8531787846856339,-0.7475985425637628,0.6876640419947506,1.2535885167464114,0.419431279620853,3.890855457227139,0.5287485907553551,-0.35143442622950816,0.35143442622950816,-0.5934065934065934,-0.4508750000000001,-0.056033269999999996,-2027195.0,3120885.0
2,0.4168,0.034,0.0422,0.0649,0.09565666,1.2849569e-07,5.920714e-06,0.44880000000000003,0.4131,0.1778,0.0755,0.0373,0.1107,0.3327,0.4106,-0.46518335393489907,-0.3124368048533872,-0.061635220125786185,0.8491570541259983,0.7728283370390248,0.8491570541259983,-0.7305376790533527,0.650231124807396,1.2411764705882353,0.42463442069741275,3.7651309846431795,0.530062197650311,-0.4019508913555331,0.4019508913555331,-0.6147757255936676,-0.668575,-0.06934826000000001,-2027195.0,3122305.0
2,0.31970000000000004,0.024800000000000003,0.0292,0.0442,0.09239593,1.4961361e-07,6.9345056e-06,0.3327,0.3274,0.1438,0.062200000000000005,0.0262,0.0792,0.2429,0.30360000000000004,-0.5297872340425532,-0.2811594202898551,-0.05415162454873644,0.8560232220609579,0.6198079231692677,0.8560232220609579,-0.7570761198131354,0.6606334841628959,1.1774193548387095,0.4325452016689847,4.036616161616162,0.5230769230769231,-0.37950377562028054,0.37950377562028054,-0.6008258774948382,-0.54,-0.06426633000000001,-2027185.0,3123715.0
5,0.3078,0.13920000000000002,0.1452,0.1568,0.12616314,2.3959873e-07,5.8692544e-06,0.34400000000000003,0.3679,0.3183,0.2485,0.1255,0.1869,0.28900000000000003,0.3235,-0.33992843611871193,-0.05945945945945937,-0.0727742888806797,0.3771812080536912,0.5980075901328272,0.3771812080536912,-0.32501076194575984,0.9260204081632654,1.0431034482758619,0.7807100219918315,1.6468699839486356,0.1462741490340386,0.01677048394825109,-0.01677048394825109,-0.07767336743190195,-0.33982500000000015,-0.08790109999999998,-2027175.0,3125135.0
2,0.2801,0.024300000000000002,0.030100000000000002,0.0459,0.07731433,2.4544894e-07,5.557639e-06,0.3302,0.33440000000000003,0.1451,0.064,0.0298,0.0867,0.2501,0.2994,-0.5193717277486911,-0.30769230769230765,-0.005008347245409043,0.840341655716163,0.5632212640086656,0.840341655716163,-0.7184049079754602,0.6557734204793029,1.2386831275720165,0.4410751206064783,3.2306805074971168,0.5621621621621621,-0.31749764816556914,0.31749764816556914,-0.5568381430363866,-0.47695,-0.05662169000000001,-2025785.0,3120875.0
2,0.389,0.038700000000000005,0.0456,0.0687,0.24196911,3.3739803e-07,1.16790225e-05,0.4549,0.5052,0.2252,0.1066,0.0471,0.1288,0.3492,0.42310000000000003,-0.5324940455937395,-0.2793296089385474,0.016181229773462796,0.8190320317979892,0.7299874921826143,0.8190320317979892,-0.6998033646493337,0.663755458515284,1.1782945736434107,0.4733570159857904,3.020186335403727,0.5379104477611939,-0.26668837512211,0.26668837512211,-0.49887911708915333,-0.6773000000000002,-0.08918424999999996,-2025745.0,3126555.0
2,0.4292,0.039400000000000004,0.0459,0.0777,0.18271203,2.056092e-07,9.8979945e-06,0.4237,0.4087,0.1917,0.08600000000000001,0.0458,0.11960000000000001,0.3265,0.38720000000000004,-0.42316258351893093,-0.3270708795900939,-0.0010905125408942516,0.8318395219803671,0.7822302947742837,0.8318395219803671,-0.6934306569343066,0.5907335907335908,1.16497461928934,0.44861763171622326,3.588628762541806,0.5044025157232704,-0.38250926075052344,0.38250926075052344,-0.5823480432972523,-0.6697000000000001,-0.06823852999999999,-2024325.0,3126545.0
2,0.35600000000000004,0.0303,0.0391,0.055400000000000005,0.13515292,8.566678e-08,8.078871e-06,0.3894,0.4153,0.18080000000000002,0.078,0.039900000000000005,0.09870000000000001,0.2791,0.34840000000000004,-0.5309060118543607,-0.29288214702450416,0.010126582278481037,0.8431271032876003,0.6907717648949421,0.8431271032876003,-0.7306757413709285,0.7057761732851986,1.2904290429042904,0.43141592920353977,3.606889564336373,0.530232558139535,-0.3263785394932936,0.3263785394932936,-0.5697258641239571,-0.6081000000000002,-0.07659389,-2022905.0,3126535.0
2,0.332,0.025900000000000003,0.029300000000000003,0.050100000000000006,0.18560974,2.0023585e-07,1.441616e-05,0.33580000000000004,0.3393,0.1603,0.0695,0.0257,0.0852,0.25,0.303,-0.5237642585551331,-0.31842105263157894,-0.06545454545454549,0.8552668343112603,0.6343233542381571,0.8552668343112603,-0.7377649829887465,0.5848303393213573,1.1312741312741312,0.4335620711166563,3.8967136150234745,0.5337533753375336,-0.34877107454803985,0.34877107454803985,-0.5822202758922707,-0.566525,-0.07036036000000001,-2025775.0,3122295.0
2,0.4505,0.0315,0.037700000000000004,0.0689,0.093823254,9.509921e-08,4.28046e-06,0.501,0.4244,0.2225,0.0935,0.0316,0.1341,0.3866,0.4602,-0.5271105010295127,-0.37250996015936255,-0.08802308802308804,0.8692946058091288,0.8068914685830109,0.8692946058091288,-0.7346938775510204,0.5471698113207547,1.196825396825397,0.4202247191011236,3.359433258762118,0.6195652173913043,-0.3387815750371471,0.3387815750371471,-0.5923026744944554,-0.7761750000000001,-0.08839682,-2025765.0,3123715.0
2,0.45840000000000003,0.0316,0.0395,0.0635,0.1218039,8.050203e-08,7.0368355e-06,0.47750000000000004,0.4188,0.1904,0.0777,0.0329,0.1091,0.34900000000000003,0.43720000000000003,-0.49980307207562036,-0.3354363827549947,-0.09116022099447517,0.8710204081632652,0.8244127982245238,0.8710204081632652,-0.7566583636712014,0.6220472440944882,1.25,0.40808823529411764,4.201649862511458,0.5508173418621181,-0.4130702836004932,0.4130702836004932,-0.6399868247694335,-0.755525,-0.08342899000000001,-2025755.0,3125135.0
2,0.2874,0.0388,0.0438,0.0572,0.1309124,5.139768e-07,1.208469e-05,0.2854,0.3089,0.1207,0.0565,0.0392,0.0809,0.2091,0.25630000000000003,-0.35694210230466555,-0.19166666666666665,-0.055421686746987955,0.7621091354996934,0.5703616682050852,0.7621091354996934,-0.6680208937899013,0.7657342657342657,1.1288659793814433,0.46810273405136704,3.5525339925834363,0.3517126148705096,-0.40847831413869146,0.40847831413869146,-0.5531066822977726,-0.4112249999999999,-0.03548901999999998,-2024365.0,3120865.0
2,0.2733,0.025500000000000002,0.030500000000000003,0.0451,0.1249239,3.2371878e-07,1.1369057e-05,0.29760000000000003,0.3331,0.1336,0.060000000000000005,0.0304,0.0721,0.2149,0.2672,-0.49524342473419136,-0.2776203966005666,-0.0016420361247947925,0.8293172690763052,0.5492463780217944,0.8293172690763052,-0.7167085427135678,0.6762749445676275,1.196078431372549,0.44910179640718567,3.7905686546463246,0.4774590163934426,-0.3433275989186532,0.3433275989186532,-0.5607500642178268,-0.45209999999999995,-0.05696378999999997,-2024355.0,3122285.0
2,0.32230000000000003,0.0284,0.0332,0.0506,0.10151652,9.7650286e-08,6.799541e-06,0.3689,0.3924,0.16040000000000001,0.0688,0.0339,0.0906,0.2677,0.3307,-0.5203791469194313,-0.28101265822784804,0.010432190760059603,0.8380382092956944,0.6250301519659083,0.8380382092956944,-0.7286135693215341,0.6561264822134387,1.1690140845070423,0.428927680798005,3.557395143487859,0.5226890756302521,-0.3354050134659209,0.3354050134659209,-0.5705765407554672,-0.54715,-0.06655823000000001,-2024345.0,3123705.0
2,0.3588,0.0281,0.032100000000000004,0.052000000000000005,0.14696957,1.4410912e-07,9.674233e-06,0.3896,0.39730000000000004,0.16920000000000002,0.0736,0.032,0.09290000000000001,0.2773,0.3516,-0.5298372513562387,-0.29837702871410743,-0.0015600624024961444,0.854742827604032,0.6753196284925972,0.854742827604032,-0.7468354430379748,0.6173076923076923,1.1423487544483988,0.4349881796690307,3.8622174381054895,0.5355371900826447,-0.35909090909090907,0.35909090909090907,-0.587088915956151,-0.6115,-0.07607941999999998,-2024335.0,3125125.0
2,0.263,0.0269,0.031,0.0426,0.123491585,1.7644763e-07,1.0519845e-05,0.2953,0.31420000000000003,0.117,0.052500000000000005,0.0318,0.0743,0.21200000000000002,0.2624,-0.46616541353383456,-0.22589928057553954,0.012738853503184749,0.8144187650914109,0.5290712308079537,0.8144187650914109,-0.7212041884816754,0.727699530516432,1.1524163568773234,0.44871794871794873,3.5397039030955586,0.4683794466403162,-0.3842105263157895,0.3842105263157895,-0.5747188002142475,-0.419375,-0.04421284999999999,-2022945.0,3120855.0
2,0.3035,0.0308,0.037700000000000004,0.053200000000000004,0.15905295,1.9828677e-07,1.051264e-05,0.3579,0.3568,0.1459,0.065,0.042,0.0949,0.2627,0.3229,-0.46559517830236063,-0.26666666666666666,0.053952321204516915,0.8157343703260544,0.6038322757247729,0.8157343703260544,-0.7017101205494812,0.7086466165413534,1.224025974025974,0.4455106237148732,3.198103266596417,0.5099443118536197,-0.35068980863373383,0.35068980863373383,-0.5615560640732266,-0.48715,-0.051301650000000004,-2022935.0,3122275.0
2,0.3831,0.024800000000000003,0.027800000000000002,0.0502,0.12543455,1.4060139e-07,7.634056e-06,0.39680000000000004,0.39230000000000004,0.15180000000000002,0.06280000000000001,0.026000000000000002,0.0916,0.2909,0.36200000000000004,-0.5029702970297031,-0.3386666666666666,-0.03345724907063196,0.8784015690120128,0.7049644854163518,0.8784015690120128,-0.7682898684514192,0.553784860557769,1.1209677419354838,0.4137022397891963,4.182314410480349,0.5738831615120275,-0.4324172742568704,0.4324172742568704,-0.6485456369107322,-0.6333500000000001,-0.06722564000000002,-2022925.0,3123695.0
1,0.5706,0.0354,0.0431,0.0811,0.22220397,2.4283528e-07,8.076296e-06,0.5901000000000001,0.45780000000000004,0.2639,0.11510000000000001,0.0351,0.156,0.4667,0.5549000000000001,-0.5298550724637682,-0.392274678111588,-0.10230179028132994,0.8831683168316832,0.9529713992121936,0.8831683168316832,-0.7511124750652141,0.531442663378545,1.2175141242937852,0.43615005683971203,3.6576923076923076,0.6300940438871473,-0.36752546434991007,0.36752546434991007,-0.6061240512954724,-0.9771249999999999,-0.11119343000000002,-2021485.0,3126525.0
2,0.35050000000000003,0.027100000000000003,0.0322,0.049600000000000005,0.09140311,1.0681748e-07,6.8510994e-06,0.3658,0.3839,0.1525,0.0641,0.030600000000000002,0.08610000000000001,0.2705,0.3356,-0.5091538842157347,-0.29335071707953064,-0.025477707006369386,0.8564618644067796,0.6677807486631017,0.8564618644067796,-0.7520619845038742,0.6491935483870966,1.188191881918819,0.42032786885245904,4.070847851335656,0.5212014134275619,-0.39363817097415515,0.39363817097415515,-0.6151086727157629,-0.582275,-0.06558388,-2020075.0,3126515.0
2,0.49060000000000004,0.038400000000000004,0.042300000000000004,0.083,0.10926334,1.2484789e-07,4.535755e-06,0.5403,0.49720000000000003,0.2544,0.1193,0.0359,0.1502,0.4369,0.5095000000000001,-0.5080023710729105,-0.3673805601317957,-0.08184143222506397,0.854820415879017,0.8463757791629565,0.854820415879017,-0.7105997210599722,0.5096385542168675,1.1015625,0.46894654088050314,3.2663115845539283,0.5927889713679746,-0.3170469798657718,0.3170469798657718,-0.543295684911671,-0.8378750000000001,-0.10208731000000001,-2022915.0,3125115.0
2,0.27040000000000003,0.023,0.0264,0.0392,0.1037201,1.4126897e-07,6.908712e-06,0.2926,0.308,0.1102,0.047400000000000005,0.0223,0.068,0.2182,0.263,-0.47523427041499333,-0.2604501607717042,-0.0841889117043121,0.8432174505794138,0.5394910773298084,0.8432174505794138,-0.7467700258397932,0.673469387755102,1.1478260869565218,0.4301270417422868,3.976470588235294,0.4945054945054946,-0.42091434576983705,0.42091434576983705,-0.616557734204793,-0.43465000000000004,-0.04468527000000001,-2021525.0,3120845.0
2,0.2934,0.031,0.0356,0.0541,0.10773457,1.9249916e-07,9.227204e-06,0.2913,0.32980000000000004,0.1321,0.058600000000000006,0.0349,0.08220000000000001,0.2147,0.2565,-0.41890440386680977,-0.27144535840188017,-0.009929078014184385,0.8088779284833537,0.5794292312768063,0.8088779284833537,-0.6886330935251799,0.6580406654343808,1.1483870967741936,0.4436033308099925,3.56934306569343,0.4522968197879859,-0.3790834312573443,0.3790834312573443,-0.5719063545150501,-0.45274999999999993,-0.04580396,-2021515.0,3122265.0
2,0.40650000000000003,0.0409,0.0514,0.0751,0.12470964,2.0832121e-07,7.647276e-06,0.4524,0.4292,0.19090000000000001,0.0855,0.0495,0.1227,0.3366,0.40650000000000003,-0.4353383458646617,-0.2948275862068966,-0.018830525272547066,0.8171658471166742,0.7701753000631713,0.8171658471166742,-0.6881229235880398,0.6844207723035952,1.2567237163814182,0.44787847040335255,3.312958435207824,0.5000000000000001,-0.3608972212922665,0.3608972212922665,-0.5673455416737977,-0.6355750000000001,-0.06603564999999997,-2021505.0,3123685.0
1,0.4047,0.0453,0.0427,0.0763,0.13042639,2.3137629e-07,7.3837646e-06,0.4073,0.3992,0.19820000000000002,0.0978,0.0408,0.11510000000000001,0.3073,0.3728,-0.44408014571948995,-0.2549342105263158,-0.02275449101796406,0.7986666666666666,0.712589861751152,0.7986666666666666,-0.6827442827442828,0.5596330275229358,0.9426048565121413,0.49344096871846616,3.516072980017376,0.43516209476309226,-0.3425111958865483,0.3425111958865483,-0.5153259949195597,-0.64645,-0.07760167999999998,-2021495.0,3125105.0
2,0.35810000000000003,0.0327,0.0345,0.0584,0.07638768,7.737279e-08,4.262703e-06,0.3876,0.33440000000000003,0.16920000000000002,0.0731,0.0284,0.09910000000000001,0.2823,0.3482,-0.4868189806678383,-0.28210757409440174,-0.09697933227344992,0.8326509723643808,0.6657790127744975,0.8326509723643808,-0.7195678271308523,0.5907534246575343,1.0550458715596331,0.4320330969267139,3.6135216952573157,0.5037936267071321,-0.3582400910297743,0.3582400910297743,-0.5754414125200642,-0.5921750000000001,-0.06819675,-2020105.0,3120845.0
2,0.3211,0.026600000000000002,0.0318,0.0483,0.06891954,1.032114e-07,5.4153393e-06,0.34650000000000003,0.343,0.1454,0.0645,0.030500000000000003,0.0844,0.2535,0.31170000000000003,-0.5012906556530717,-0.2897196261682243,-0.020866773675762423,0.8469945355191256,0.6248188697472227,0.8469945355191256,-0.7384948565240931,0.6583850931677019,1.1954887218045112,0.4436038514442916,3.804502369668246,0.5207207207207207,-0.3766345123258306,0.3766345123258306,-0.5896396396396396,-0.5310750000000002,-0.06168890999999998,-2020095.0,3122265.0
3,0.4163,0.0345,0.0369,0.0661,0.09535219,9.3024966e-08,5.0009753e-06,0.4565,0.4244,0.21580000000000002,0.0955,0.0303,0.11710000000000001,0.3514,0.42100000000000004,-0.5310393756651294,-0.31411530815109345,-0.09821428571428573,0.8469387755102041,0.7472800861460771,0.8469387755102041,-0.7259535655058044,0.5582450832072617,1.0695652173913044,0.4425393883225208,3.5550811272416736,0.5448548812664907,-0.31719664610030057,0.31719664610030057,-0.5541838134430728,-0.7221250000000001,-0.09174947999999997,-2020085.0,3123675.0
3,0.4278,0.0397,0.0426,0.0741,0.1238082,1.5456378e-07,6.6678776e-06,0.44830000000000003,0.46990000000000004,0.19590000000000002,0.09230000000000001,0.036500000000000005,0.11510000000000001,0.3398,0.41490000000000005,-0.45111111111111113,-0.3022847100175747,-0.07711757269279386,0.8301604278074866,0.7647976234682511,0.8301604278074866,-0.7047220561864913,0.5748987854251012,1.0730478589420656,0.4711587544665646,3.716768027801911,0.4870801033591732,-0.37181337181337176,0.37181337181337176,-0.5617529880478088,-0.6846250000000002,-0.07929685,-2020075.0,3125095.0
3,0.4486,0.058300000000000005,0.0517,0.08850000000000001,0.12791654,3.8088857e-07,6.1813694e-06,0.378,0.3431,0.1988,0.1091,0.0425,0.13970000000000002,0.3088,0.34590000000000004,-0.38391924817264184,-0.20572207084468666,-0.09766454352441613,0.7699743539159597,0.7536951050933967,0.7699743539159597,-0.6704524297151367,0.584180790960452,0.8867924528301887,0.5487927565392354,3.2111667859699353,0.41111111111111115,-0.3858510966944702,0.3858510966944702,-0.4985772053317358,-0.6708749999999999,-0.06168165000000002,-2018675.0,3122255.0
2,0.3935,0.0221,0.0244,0.0483,0.062269114,5.496144e-08,3.943729e-06,0.41040000000000004,0.39,0.1568,0.0636,0.019,0.0848,0.2997,0.381,-0.5290102389078497,-0.3721590909090909,-0.1244239631336406,0.8936477382098171,0.7159928523564888,0.8936477382098171,-0.781349026708918,0.505175983436853,1.1040723981900453,0.4056122448979592,4.640330188679245,0.586529466791394,-0.43012902053425406,0.43012902053425406,-0.659650516282764,-0.6644,-0.07709787999999998,-2043045.0,3071245.0
2,0.3849,0.0521,0.048100000000000004,0.0913,0.10853327,9.83417e-08,6.4373403e-06,0.4182,0.4126,0.20980000000000001,0.0976,0.029900000000000003,0.1449,0.3352,0.3865,-0.39355695782132183,-0.2733612273361228,-0.2333333333333333,0.7615560640732266,0.680867776323172,0.7615560640732266,-0.6165476690466191,0.5268346111719606,0.9232245681381959,0.4652049571020019,2.656314699792961,0.4710659898477157,-0.29443416848831344,0.29443416848831344,-0.4861850008580746,-0.5913,-0.05619518000000001,-2043035.0,3072665.0
3,0.3738,0.0182,0.0183,0.031,0.08189587,1.0038614e-07,4.545167e-06,0.4122,0.41300000000000003,0.1484,0.0601,0.0187,0.0703,0.2854,0.37920000000000004,-0.6544035674470458,-0.26016260162601623,0.010810810810810837,0.9071428571428571,0.680884265279584,0.9071428571428571,-0.8468379446640315,0.5903225806451613,1.0054945054945055,0.4049865229110512,5.317211948790896,0.5887005649717515,-0.4316353887399464,0.4316353887399464,-0.6670918367346937,-0.672475,-0.08691948,-2043035.0,3074085.0
2,0.3916,0.024800000000000003,0.0262,0.0523,0.05874463,4.917383e-08,3.4400355e-06,0.42100000000000004,0.4435,0.1761,0.07250000000000001,0.020900000000000002,0.09290000000000001,0.3074,0.3824,-0.5420315236427321,-0.3566796368352788,-0.11252653927813161,0.8808837656099905,0.7100230671924993,0.8808837656099905,-0.7643613426447398,0.5009560229445507,1.0564516129032258,0.4116978989210676,4.215285252960172,0.578589634664401,-0.37960190241324643,0.37960190241324643,-0.6222092797515045,-0.676475,-0.08358232999999998,-2043025.0,3075505.0
4,0.31470000000000004,0.0137,0.013800000000000002,0.0316,0.042045355,4.560947e-08,3.55036e-06,0.3428,0.3405,0.0887,0.0316,0.0111,0.0629,0.24630000000000002,0.3116,-0.4746467165419784,-0.39514348785871967,-0.10843373493975907,0.9165651644336176,0.5976882634915726,0.9165651644336176,-0.8174992780825873,0.43670886075949367,1.0072992700729928,0.3562570462232244,5.003179650238475,0.6422976501305482,-0.5602379771938523,0.5602379771938523,-0.7576243980738363,-0.5044000000000001,-0.04390179000000001,-2043355.0,3057695.0
4,0.31470000000000004,0.0137,0.013800000000000002,0.0316,0.042045355,4.560947e-08,3.55036e-06,0.3428,0.3405,0.0887,0.0316,0.0111,0.0629,0.24630000000000002,0.3116,-0.4746467165419784,-0.39514348785871967,-0.10843373493975907,0.9165651644336176,0.5976882634915726,0.9165651644336176,-0.8174992780825873,0.43670886075949367,1.0072992700729928,0.3562570462232244,5.003179650238475,0.6422976501305482,-0.5602379771938523,0.5602379771938523,-0.7576243980738363,-0.5044000000000001,-0.04390179000000001,-2043355.0,3057695.0
4,0.2805,0.009600000000000001,0.0106,0.0213,0.031369783,4.8065186e-08,2.7697206e-06,0.3175,0.3249,0.0727,0.027200000000000002,0.0173,0.0499,0.22,0.2876,-0.5468085106382978,-0.37864077669902907,0.2401433691756272,0.9338159255429163,0.5495391705069125,0.9338159255429163,-0.8588469184890657,0.49765258215962443,1.1041666666666665,0.3741403026134801,5.62124248496994,0.6773109243697479,-0.5883352208380522,0.5883352208380522,-0.7755413235742604,-0.45915,-0.04333853,-2043105.0,3057725.0
2,0.41900000000000004,0.024800000000000003,0.024200000000000003,0.0495,0.14246093,1.9769966e-07,8.26575e-06,0.4048,0.38430000000000003,0.17800000000000002,0.0762,0.0196,0.0898,0.30760000000000004,0.37560000000000004,-0.5648351648351647,-0.332436069986541,-0.10502283105022837,0.8882379450202794,0.7377191084180914,0.8882379450202794,-0.7886872998932765,0.48888888888888893,0.9758064516129032,0.4280898876404494,4.665924276169266,0.5671902268760908,-0.40368509212730314,0.40368509212730314,-0.6288129364204338,-0.7285000000000001,-0.08914077999999999,-2043075.0,3058455.0
3,0.42050000000000004,0.0369,0.0345,0.0636,0.13409267,2.2235214e-07,6.880328e-06,0.4565,0.4186,0.2301,0.12290000000000001,0.0351,0.12300000000000001,0.36660000000000004,0.4338,-0.5669050051072522,-0.2656716417910448,0.008620689655172362,0.8386532575426323,0.7333622528286882,0.8386532575426323,-0.7372443709977278,0.5424528301886793,0.9349593495934959,0.5341156019122121,3.4186991869918697,0.5384615384615384,-0.29265293575161394,0.29265293575161394,-0.48015614834092396,-0.7516750000000001,-0.10801351999999999,-2043075.0,3059875.0
4,0.2731,0.0089,0.0099,0.0198,0.041540936,5.3715706e-08,3.4726033e-06,0.323,0.325,0.0733,0.026500000000000003,0.0171,0.0483,0.22130000000000002,0.29100000000000004,-0.5746509129967777,-0.3797909407665505,0.2666666666666666,0.9368794326241133,0.5381113994809342,0.9368794326241133,-0.8648002731307615,0.5,1.1123595505617978,0.3615279672578445,5.654244306418219,0.6888111888111889,-0.5767898383371824,0.5767898383371824,-0.7776381909547739,-0.45357500000000006,-0.044767879999999996,-2043075.0,3057755.0
3,0.2609,0.1278,0.1439,0.1442,0.07719747,2.4969876e-07,3.6287718e-06,0.3471,0.3748,0.386,0.3315,0.06470000000000001,0.2132,0.2982,0.33130000000000004,-0.45605431912485855,-0.06029411764705881,-0.37967401725790983,0.34242346282480063,0.5529548210237757,0.34242346282480063,-0.288077018020242,0.9979195561719834,1.125978090766823,0.8588082901554405,1.2237335834896812,0.25043988269794726,0.19338383057659606,-0.19338383057659606,0.06307140377271148,-0.38307500000000005,-0.15453710999999998,-2043065.0,3064135.0
3,0.3266,0.0634,0.0502,0.0805,0.10860493,2.8626323e-07,6.4258143e-06,0.34990000000000004,0.3391,0.2383,0.12290000000000001,0.0347,0.1327,0.2732,0.3146,-0.4949811794228356,-0.1188325225851286,-0.18256772673733804,0.6748717948717948,0.5660278090943254,0.6748717948717948,-0.6045197740112994,0.6236024844720497,0.7917981072555206,0.5157364666386908,2.461190655614167,0.3533911269760327,-0.15631085147813772,0.15631085147813772,-0.3383058071390517,-0.565175,-0.08170998,-2043055.0,3065555.0
3,0.2881,0.0641,0.0453,0.07390000000000001,0.081969395,2.6940106e-07,5.083938e-06,0.3256,0.3367,0.217,0.11460000000000001,0.0346,0.1385,0.2551,0.28800000000000003,-0.49192162255070476,-0.0710144927536232,-0.13391739674593242,0.6360022714366838,0.4922540230316216,0.6360022714366838,-0.5917127071823204,0.6129905277401894,0.7067082683307332,0.528110599078341,2.0801444043321298,0.3672260612043436,-0.14076420510789947,0.14076420510789947,-0.3020894356570982,-0.49894999999999995,-0.06365670999999998,-2043055.0,3066985.0
3,0.315,0.049100000000000005,0.0366,0.0649,0.07776761,1.5111267e-07,4.3262144e-06,0.35650000000000004,0.3492,0.23800000000000002,0.1168,0.0284,0.1236,0.2717,0.3165,-0.5714757345658634,-0.13859649122807013,-0.12615384615384614,0.7302938753089812,0.5530671859785784,0.7302938753089812,-0.6583311397736246,0.563944530046225,0.745417515274949,0.4907563025210084,2.5485436893203883,0.43138390272148225,-0.1392405063291139,0.1392405063291139,-0.35884057971014494,-0.6014500000000002,-0.09419721,-2043045.0,3068405.0
2,0.312,0.0142,0.0164,0.032,0.073013194,5.940795e-08,5.3125905e-06,0.3567,0.38280000000000003,0.1436,0.057300000000000004,0.018600000000000002,0.07050000000000001,0.2544,0.3252,-0.6355353075170843,-0.3852813852813852,0.06285714285714286,0.9129368485591662,0.6010045518756867,0.9129368485591662,-0.8139534883720931,0.5125000000000001,1.1549295774647887,0.39902506963788303,4.425531914893616,0.6646989374262101,-0.36962247585601404,0.36962247585601404,-0.6424106026506626,-0.5726749999999999,-0.07608178999999998,-2043045.0,3069825.0
5,0.3662,0.0523,0.0442,0.07680000000000001,0.12578657,4.8588515e-07,7.4040836e-06,0.33390000000000003,0.311,0.20950000000000002,0.12940000000000002,0.049600000000000005,0.1259,0.26990000000000003,0.31420000000000003,-0.4634998253580161,-0.18977536793183586,0.05756929637526654,0.7500597371565113,0.6401186503522432,0.7500597371565113,-0.6532731376975168,0.5755208333333334,0.8451242829827916,0.6176610978520286,2.9086576648133438,0.41301907968574636,-0.27219037693243003,0.27219037693243003,-0.3862523222428644,-0.5950000000000002,-0.08296859999999999,-2043075.0,3061295.0
4,0.2896,0.0115,0.0129,0.0245,0.05092417,6.9004294e-08,3.8398366e-06,0.334,0.3351,0.0864,0.0313,0.014,0.0579,0.2386,0.3069,-0.5581605049594229,-0.3611111111111111,0.04089219330855019,0.9236134174692793,0.564647145064786,0.9236134174692793,-0.8439987265202163,0.5265306122448979,1.1217391304347826,0.3622685185185185,5.001727115716753,0.6685878962536023,-0.5404255319148936,0.5404255319148936,-0.7520996235157834,-0.4820250000000001,-0.0458562,-2043045.0,3057995.0
4,0.2162,0.0165,0.015600000000000001,0.023,0.04574005,1.6408562e-07,4.4892104e-06,0.2901,0.3225,0.07490000000000001,0.0296,0.0135,0.0443,0.1928,0.26130000000000003,-0.5301327885597549,-0.16455696202531642,-0.07216494845360828,0.8581865062311989,0.43732265064263065,0.8581865062311989,-0.8076923076923077,0.6782608695652175,0.9454545454545454,0.39519359145527366,4.880361173814898,0.4572368421052631,-0.4854002061147371,0.4854002061147371,-0.6682259805685498,-0.35615,-0.04026085,-2042945.0,3057995.0
3,0.3844,0.0235,0.022500000000000003,0.0459,0.06373594,9.514093e-08,4.0809223e-06,0.4006,0.36250000000000004,0.1721,0.077,0.027800000000000002,0.1028,0.2958,0.3689,-0.5788990825688074,-0.3227665706051874,0.10536779324055663,0.8847756803138023,0.6910404304721188,0.8847756803138023,-0.7866604694399256,0.4901960784313726,0.9574468085106385,0.44741429401510746,3.7392996108949417,0.6278701504354712,-0.38149146451033245,0.38149146451033245,-0.6038628301143082,-0.67825,-0.07967533999999998,-2041655.0,3058455.0
3,0.3126,0.1008,0.0787,0.10250000000000001,0.18989344,5.11986e-07,9.455235e-06,0.3523,0.3533,0.2531,0.1539,0.04,0.1492,0.2873,0.323,-0.4235095613048368,-0.008362026561731465,-0.3260320134793598,0.5123367198838896,0.5129035904004822,0.5123367198838896,-0.5061430980486629,0.7678048780487805,0.7807539682539683,0.6080600553141051,2.0951742627345844,0.1936,-0.10517942372282128,0.10517942372282128,-0.21145510835913303,-0.47512499999999985,-0.07174351000000004,-2041655.0,3059875.0
5,0.3642,0.1019,0.1053,0.1306,0.11290571,3.1622648e-07,5.266943e-06,0.3956,0.37620000000000003,0.2957,0.21000000000000002,0.058100000000000006,0.1762,0.326,0.37470000000000003,-0.3872859488623036,-0.12344086021505372,-0.28886168910648713,0.5627547736537224,0.6818737614369441,0.5627547736537224,-0.47210994341147944,0.8062787136294028,1.0333660451422964,0.7101792357118701,2.066969353007946,0.2671700827040632,-0.10380360660706167,0.10380360660706167,-0.20168927565907346,-0.5055500000000002,-0.09804089000000005,-2041645.0,3061295.0
2,0.3754,0.039400000000000004,0.034300000000000004,0.0665,0.12826304,1.8377304e-07,6.599044e-06,0.4217,0.3942,0.18680000000000002,0.0886,0.024900000000000002,0.10650000000000001,0.32480000000000003,0.3946,-0.4749309119621003,-0.2559017941454202,-0.1587837837837838,0.8100289296046288,0.6637628732789488,0.8100289296046288,-0.6990269291694954,0.5157894736842106,0.8705583756345178,0.47430406852248386,3.524882629107981,0.45990404386566136,-0.335467805051583,0.335467805051583,-0.523898084433699,-0.6206,-0.07632240999999998,-2041645.0,3062715.0
2,0.385,0.0189,0.024,0.0403,0.11908858,1.5737415e-07,6.128408e-06,0.47550000000000003,0.4489,0.1331,0.054400000000000004,0.024,0.0826,0.33,0.44380000000000003,-0.5351787773933102,-0.3614864864864865,0.0,0.9064124783362217,0.7157160194174758,0.9064124783362217,-0.8104867152598166,0.5955334987593052,1.2698412698412698,0.40871525169045836,4.661016949152542,0.6275862068965518,-0.4861995753715499,0.4861995753715499,-0.6960398092473563,-0.6387999999999999,-0.07061473,-2043025.0,3076925.0
3,0.3341,0.0328,0.0317,0.0533,0.13661462,3.0225516e-07,8.509544e-06,0.36410000000000003,0.40230000000000005,0.16970000000000002,0.07730000000000001,0.0257,0.09770000000000001,0.2692,0.3309,-0.5219730941704036,-0.23809523809523803,-0.10452961672473865,0.8212046879258654,0.6205389939295518,0.8212046879258654,-0.7248322147651006,0.5947467166979362,0.9664634146341462,0.45550972304066,3.419651995905834,0.49731800766283535,-0.3263199682413656,0.3263199682413656,-0.5372977516284935,-0.571425,-0.07005209000000001,-2041615.0,3071235.0
2,0.35050000000000003,0.016900000000000002,0.0193,0.0376,0.09233595,5.1414965e-08,6.206466e-06,0.38820000000000005,0.3901,0.1572,0.0636,0.0173,0.077,0.2771,0.3559,-0.6139630390143738,-0.37981651376146786,-0.054644808743169446,0.9080021774632552,0.6574226370347703,0.9080021774632552,-0.8062355063128059,0.5132978723404256,1.1420118343195265,0.40458015267175573,4.551948051948052,0.6400425985090522,-0.3807366555052196,0.3807366555052196,-0.6424605818343326,-0.6323500000000001,-0.08334647,-2041615.0,3072655.0
3,0.4343,0.0251,0.0269,0.053200000000000004,0.06340712,7.674098e-08,3.4525535e-06,0.4556,0.4506,0.2,0.08660000000000001,0.027200000000000002,0.0964,0.3392,0.4228,-0.579778830963665,-0.35887611749680715,0.005545286506469531,0.890727035263387,0.7668365687018761,0.890727035263387,-0.7817435897435897,0.5056390977443609,1.0717131474103585,0.43300000000000005,4.505186721991701,0.5868312757201647,-0.3693835724420621,0.3693835724420621,-0.6100541106650376,-0.7699000000000001,-0.10236534,-2041615.0,3074075.0
2,0.5046,0.027100000000000003,0.0307,0.0568,0.1095334,1.3151168e-07,5.5371374e-06,0.5254,0.4242,0.1985,0.0848,0.0258,0.1154,0.384,0.47750000000000004,-0.5550332941637288,-0.3539928486293206,-0.08672566371681419,0.8980628173782208,0.8590417203103797,0.8980628173782208,-0.7976487353045957,0.5404929577464789,1.132841328413284,0.4272040302267002,4.37261698440208,0.6196491228070174,-0.4353577016071683,0.4353577016071683,-0.654202719406675,-0.8607499999999999,-0.09784596000000001,-2041605.0,3075505.0
2,0.3572,0.0187,0.021500000000000002,0.043000000000000003,0.11100735,7.327199e-08,7.81428e-06,0.3594,0.3675,0.14500000000000002,0.0608,0.0228,0.0784,0.2667,0.3299,-0.5425531914893617,-0.39384116693679094,0.02934537246049659,0.9005054535780793,0.6683484309903299,0.9005054535780793,-0.7851074462768617,0.5,1.1497326203208555,0.41931034482758617,4.556122448979592,0.6148300720906282,-0.4225408203902828,0.4225408203902828,-0.6529899607158446,-0.6091,-0.07132859,-2041605.0,3076925.0
2,0.3522,0.030500000000000003,0.0349,0.0533,0.09914293,1.6735196e-07,6.8920117e-06,0.38070000000000004,0.3992,0.16770000000000002,0.075,0.0327,0.0834,0.2785,0.3498,-0.5176470588235295,-0.2720763723150358,-0.032544378698224866,0.8406062189704728,0.6674781106443127,0.8406062189704728,-0.7371146732429099,0.6547842401500938,1.1442622950819672,0.44722719141323786,4.223021582733813,0.4644424934152766,-0.3548759376803231,0.3548759376803231,-0.5716605765326838,-0.59295,-0.07781460000000001,-2040195.0,3071235.0
2,0.3629,0.0297,0.0327,0.0516,0.08630123,2.0431578e-07,6.13903e-06,0.4166,0.4379,0.1597,0.0699,0.030500000000000003,0.0901,0.2998,0.3856,-0.5115948887837198,-0.2693726937269373,-0.03481012658227843,0.8487009679062659,0.6772002932438167,0.8487009679062659,-0.7510253317249699,0.6337209302325582,1.101010101010101,0.4376956793988729,4.027746947835738,0.5041736227045075,-0.3888251052430157,0.3888251052430157,-0.5977382875605816,-0.604725,-0.07224447,-2040195.0,3072655.0
2,0.41340000000000005,0.030100000000000002,0.027200000000000002,0.0495,0.08690605,1.3668239e-07,5.5438377e-06,0.43760000000000004,0.4186,0.182,0.0795,0.023700000000000002,0.0979,0.3129,0.4002,-0.572354211663067,-0.24371859296482412,-0.06876227897838899,0.8642615558060879,0.7218705035971222,0.8642615558060879,-0.7861309138042775,0.5494949494949495,0.9036544850498339,0.4368131868131868,4.22267620020429,0.5296875,-0.38864628820960706,0.38864628820960706,-0.6015994183933117,-0.722275,-0.08940420000000002,-2040185.0,3074075.0
1,0.32220000000000004,0.0388,0.0359,0.0558,0.11967975,4.5110582e-07,8.703011e-06,0.31620000000000004,0.40080000000000005,0.1549,0.0771,0.0262,0.0881,0.24150000000000002,0.29960000000000003,-0.4703369719981016,-0.17970401691331925,-0.15619967793880837,0.7850415512465374,0.5963056581761618,0.7850415512465374,-0.7047619047619047,0.6433691756272402,0.9252577319587629,0.49774047772756613,3.657207718501703,0.38849487785657993,-0.3506602389436177,0.3506602389436177,-0.5109704641350211,-0.5209750000000001,-0.062056259999999995,-2040185.0,3075495.0
3,0.3687,0.0426,0.036500000000000005,0.0728,0.15151209,1.9373297e-07,8.301249e-06,0.40280000000000005,0.3771,0.2338,0.1149,0.0298,0.1342,0.3169,0.3663,-0.5251141552511416,-0.2616984402079723,-0.10105580693815995,0.7928519328956967,0.6509570175113842,0.7928519328956967,-0.670215175537939,0.5013736263736264,0.8568075117370894,0.49144568006843453,2.747391952309985,0.5180995475113123,-0.22390041493775936,0.22390041493775936,-0.44019904034121204,-0.656525,-0.09006322000000003,-2041645.0,3064135.0
2,0.43810000000000004,0.0235,0.0252,0.0478,0.06004698,6.921291e-08,3.4120842e-06,0.4625,0.39940000000000003,0.16090000000000002,0.0668,0.0228,0.0908,0.3292,0.4288,-0.5419262098706277,-0.34081346423562414,-0.04999999999999999,0.8981802426343154,0.7709876987267102,0.8981802426343154,-0.8032516978802222,0.5271966527196652,1.0723404255319149,0.41516469857054067,4.82488986784141,0.5888013998250218,-0.46277128547579294,0.46277128547579294,-0.673771676300578,-0.7371000000000001,-0.08351096,-2041635.0,3065555.0
3,0.2585,0.0497,0.0349,0.0575,0.073250726,2.476394e-07,5.238931e-06,0.2999,0.31270000000000003,0.197,0.10300000000000001,0.025500000000000002,0.11280000000000001,0.22820000000000001,0.2675,-0.5481335952848724,-0.07276119402985076,-0.15562913907284764,0.6774821544451655,0.4606741573033708,0.6774821544451655,-0.6360759493670887,0.6069565217391304,0.7022132796780685,0.5228426395939086,2.2916666666666665,0.3883076923076924,-0.1350164654226125,0.1350164654226125,-0.31540013449899124,-0.47884999999999994,-0.07139663,-2041635.0,3066975.0
2,0.3771,0.0323,0.0303,0.058800000000000005,0.12441024,2.3347138e-07,6.77728e-06,0.4016,0.36200000000000004,0.21230000000000002,0.1,0.025900000000000003,0.1107,0.3134,0.37210000000000004,-0.5662117299889341,-0.2908891328210757,-0.07829181494661917,0.8422081094284318,0.6775946116920328,0.8422081094284318,-0.7302133516861665,0.5153061224489796,0.9380804953560371,0.47103155911446065,3.40650406504065,0.5482517482517482,-0.27960637936884963,0.27960637936884963,-0.509727626459144,-0.6818000000000001,-0.094585,-2041625.0,3068395.0
2,0.3669,0.0188,0.0206,0.0407,0.061496325,8.845925e-08,3.9027964e-06,0.4082,0.38930000000000003,0.1558,0.0639,0.0212,0.0787,0.2918,0.37610000000000005,-0.5857506361323155,-0.3680672268907563,0.014354066985645928,0.9025149079595541,0.6779731361303953,0.9025149079595541,-0.8002944062806673,0.5061425061425061,1.0957446808510638,0.41014120667522463,4.662007623888183,0.6143589743589745,-0.40386454945475425,0.40386454945475425,-0.6482347937048065,-0.6457249999999999,-0.08224037999999997,-2041625.0,3069815.0
2,0.4772,0.027,0.0252,0.049100000000000005,0.111244,1.5045703e-07,5.3314475e-06,0.4859,0.453,0.17950000000000002,0.07390000000000001,0.0212,0.0969,0.3573,0.45430000000000004,-0.5704286964129484,-0.29040735873850204,-0.08620689655172414,0.89289964299881,0.8040270307543789,0.89289964299881,-0.8134144024320731,0.5132382892057026,0.9333333333333333,0.4116991643454039,4.924664602683179,0.5641646489104116,-0.4533272422719658,0.4533272422719658,-0.6655063815680424,-0.818625,-0.09301931000000002,-2040225.0,3064135.0
3,0.42460000000000003,0.028900000000000002,0.029900000000000003,0.06380000000000001,0.1331628,6.9910286e-08,7.025074e-06,0.4243,0.41250000000000003,0.2025,0.09290000000000001,0.0269,0.11510000000000001,0.3284,0.3916,-0.5208411565903116,-0.3764832793959008,-0.052816901408450745,0.8725468577728777,0.7516651501364878,0.8725468577728777,-0.7387387387387386,0.46865203761755486,1.0346020761245676,0.45876543209876547,3.688966116420504,0.598611111111111,-0.354169988837506,0.354169988837506,-0.5773034877667881,-0.7280249999999999,-0.08885097,-2040215.0,3065555.0
2,0.39490000000000003,0.018600000000000002,0.019700000000000002,0.031900000000000005,0.07038873,1.0572671e-07,3.768479e-06,0.4625,0.46840000000000004,0.1622,0.0654,0.018000000000000002,0.0731,0.3166,0.4302,-0.671303451828954,-0.2633663366336634,-0.04509283819628647,0.9100362756952841,0.7128978840846366,0.9100362756952841,-0.8505154639175259,0.6175548589341693,1.0591397849462365,0.40320591861898886,5.40218878248974,0.59432933478735,-0.4176987973433854,0.4176987973433854,-0.6630565583634175,-0.71985,-0.09788783000000001,-2040215.0,3066975.0
3,0.3287,0.0369,0.033800000000000004,0.0574,0.09256962,1.5672445e-07,6.02997e-06,0.3521,0.3695,0.19140000000000001,0.08990000000000001,0.0279,0.1087,0.2652,0.3175,-0.5385852090032154,-0.21739130434782608,-0.09562398703403568,0.7981400437636762,0.6053138978867808,0.7981400437636762,-0.7026677026677026,0.5888501742160279,0.915989159891599,0.4696969696969697,3.02391904323827,0.4931318681318681,-0.2639876946741011,0.2639876946741011,-0.48170856325362754,-0.580375,-0.07572302,-2040205.0,3068395.0
2,0.3315,0.032100000000000004,0.033800000000000004,0.0557,0.11371464,1.6064345e-07,8.30589e-06,0.3491,0.3431,0.1638,0.0763,0.0327,0.097,0.2674,0.32230000000000003,-0.4924829157175399,-0.2687927107061503,-0.0165413533834587,0.8234323432343233,0.6269872501180546,0.8234323432343233,-0.7122933884297522,0.606822262118492,1.0529595015576323,0.4658119658119658,3.4175257731958766,0.5027110766847406,-0.33858267716535434,0.33858267716535434,-0.5423263668988811,-0.5508250000000001,-0.06422035999999998,-2040205.0,3069815.0
3,0.3261,0.0398,0.031200000000000002,0.0601,0.12783425,3.2727718e-07,8.272487e-06,0.33890000000000003,0.333,0.2034,0.1051,0.0221,0.11510000000000001,0.2556,0.3019,-0.5438330170777987,-0.20320320320320318,-0.17073170731707318,0.7824542224651544,0.5826508377789466,0.7824542224651544,-0.6887622993267738,0.519134775374376,0.7839195979899498,0.516715830875123,2.833188531711555,0.48612007746933505,-0.23172804532577906,0.23172804532577906,-0.4229390681003585,-0.5865249999999999,-0.08409290000000003,-2040235.0,3058445.0
3,0.33940000000000003,0.033600000000000005,0.0292,0.062400000000000004,0.12263465,3.0989645e-07,7.688933e-06,0.3653,0.3921,0.1887,0.0908,0.0213,0.11570000000000001,0.2884,0.33790000000000003,-0.5029868578255675,-0.3,-0.15643564356435644,0.8198391420911527,0.6164145234493192,0.8198391420911527,-0.6893977103036336,0.4679487179487179,0.869047619047619,0.48118706942236356,2.933448573898012,0.549899531145345,-0.28536262071577356,0.28536262071577356,-0.4953346855983773,-0.5842499999999999,-0.07159612999999998,-2040235.0,3059865.0
2,0.3503,0.0204,0.0201,0.040600000000000004,0.08394935,1.0205507e-07,4.562278e-06,0.41350000000000003,0.4164,0.1716,0.07150000000000001,0.0173,0.0877,0.306,0.3799,-0.6173421300659755,-0.33114754098360655,-0.07486631016042782,0.8899379552198542,0.6470365747569878,0.8899379552198542,-0.7922742389357891,0.4950738916256157,0.9852941176470588,0.4166666666666667,3.994298745724059,0.6225716928769658,-0.34240275914926227,0.34240275914926227,-0.6024226692623836,-0.643375,-0.08545633000000002,-2040225.0,3061285.0
5,0.384,0.042,0.0376,0.0698,0.10972866,1.617223e-07,6.359066e-06,0.3785,0.34140000000000004,0.20090000000000002,0.1105,0.0369,0.125,0.3164,0.36920000000000003,-0.48429996305873657,-0.24865831842576025,-0.009395973154362405,0.8028169014084507,0.6779911373707532,0.8028169014084507,-0.6923754958131336,0.5386819484240688,0.8952380952380952,0.550024888003982,3.072,0.497005988023952,-0.3130449649512737,0.3130449649512737,-0.46873367009231837,-0.637625,-0.07743562000000001,-2040225.0,3062715.0
3,0.3055,0.0506,0.0403,0.07060000000000001,0.18171795,2.695918e-07,1.0352865e-05,0.33790000000000003,0.37460000000000004,0.20800000000000002,0.1077,0.0256,0.1158,0.2616,0.3095,-0.4931801866475234,-0.1650165016501651,-0.2230652503793627,0.7158101656837967,0.5457014959635765,0.7158101656837967,-0.6245679340600904,0.5708215297450424,0.7964426877470356,0.5177884615384615,2.6381692573402415,0.39182692307692313,-0.18987341772151892,0.18987341772151892,-0.37195000991866695,-0.5265250000000001,-0.0766934,-2038815.0,3058445.0
2,0.33690000000000003,0.0204,0.020900000000000002,0.0391,0.08220762,1.6705394e-07,5.341377e-06,0.39880000000000004,0.4046,0.15430000000000002,0.06620000000000001,0.0234,0.0853,0.2952,0.37610000000000005,-0.595656670113754,-0.3142857142857143,0.05643340857787807,0.885810243492863,0.6309546658477602,0.885810243492863,-0.7920212765957446,0.5345268542199488,1.0245098039215685,0.4290343486714193,3.949589683470106,0.6140018921475875,-0.37174267100977193,0.37174267100977193,-0.6102610261026102,-0.6016000000000001,-0.07500677,-2038815.0,3059865.0
3,0.3019,0.07150000000000001,0.0517,0.08170000000000001,0.10787886,4.7343968e-07,6.7676915e-06,0.31570000000000004,0.3476,0.23750000000000002,0.1335,0.0356,0.138,0.2444,0.28190000000000004,-0.488095238095238,-0.06657963446475196,-0.1844215349369989,0.6170326727370112,0.5086922532851877,0.6170326727370112,-0.5740354535974974,0.6328029375764993,0.7230769230769231,0.5621052631578948,2.18768115942029,0.31742243436754175,-0.1193919169447534,0.1193919169447534,-0.26602219835302543,-0.5197749999999999,-0.0786575,-2038805.0,3061285.0
3,0.3688,0.0333,0.0346,0.0664,0.09104525,1.234442e-07,6.037234e-06,0.39730000000000004,0.41290000000000004,0.1752,0.0799,0.0316,0.11370000000000001,0.304,0.36200000000000004,-0.4503311258278146,-0.3319959879638916,-0.045317220543806574,0.8343695598109924,0.6788633412267971,0.8343695598109924,-0.6948529411764706,0.5210843373493975,1.039039039039039,0.4560502283105023,3.243623570800352,0.546938775510204,-0.3558823529411765,0.3558823529411765,-0.5617499032133179,-0.5954250000000001,-0.06329656999999997,-2040185.0,3076915.0
2,0.31070000000000003,0.0235,0.028200000000000003,0.0437,0.13108495,1.8187463e-07,1.0111467e-05,0.33840000000000003,0.38580000000000003,0.1497,0.06570000000000001,0.0279,0.0763,0.24730000000000002,0.311,-0.5480868665977249,-0.3005952380952381,-0.00534759358288773,0.8593656493117893,0.6073617158522819,0.8593656493117893,-0.7533860045146726,0.6453089244851259,1.2000000000000002,0.4388777555110221,4.072083879423329,0.529058116232465,-0.3496959165942659,0.3496959165942659,-0.5832749357626723,-0.5367250000000001,-0.07018315000000001,-2038775.0,3071225.0
2,0.2841,0.0204,0.023200000000000002,0.04,0.09652221,1.3786554e-07,8.141661e-06,0.32580000000000003,0.342,0.1448,0.061900000000000004,0.023700000000000002,0.0794,0.24150000000000002,0.3007,-0.5670995670995671,-0.32450331125827814,0.01066098081023455,0.866009852216749,0.5597160243407708,0.866009852216749,-0.7531626041345264,0.5800000000000001,1.1372549019607843,0.42748618784530384,3.578085642317381,0.5911823647294588,-0.32478433201212403,0.32478433201212403,-0.5775154004106775,-0.5046750000000001,-0.06426892000000001,-2038775.0,3072655.0
2,0.30660000000000004,0.0179,0.0162,0.0322,0.07010918,1.16235015e-07,4.2107336e-06,0.3765,0.3709,0.1428,0.058100000000000006,0.0172,0.0731,0.26530000000000004,0.34990000000000004,-0.632,-0.28542914171656686,0.02994011976047907,0.8896764252696457,0.5791876208897486,0.8896764252696457,-0.8099173553719008,0.5031055900621118,0.9050279329608939,0.4068627450980392,4.194254445964433,0.6065934065934065,-0.36448598130841126,0.36448598130841126,-0.6188565697091274,-0.562875,-0.07456919,-2038765.0,3074075.0
3,0.4444,0.023,0.0246,0.049,0.13365045,1.0465681e-07,5.601579e-06,0.4728,0.47450000000000003,0.1829,0.0752,0.0217,0.09860000000000001,0.34840000000000004,0.43920000000000003,-0.577404053471324,-0.3611111111111111,-0.06263498920086392,0.9015832263585793,0.7783103226267974,0.9015832263585793,-0.8013781921361979,0.5020408163265306,1.0695652173913044,0.41115363586659376,4.50709939148073,0.6217105263157894,-0.41686593336521605,0.41686593336521605,-0.653737658674189,-0.7750499999999999,-0.09229576999999999,-2038765.0,3075495.0
2,0.2856,0.0244,0.0256,0.0414,0.09874943,2.0010471e-07,6.0562575e-06,0.34590000000000004,0.3765,0.1512,0.06770000000000001,0.0316,0.0766,0.2509,0.3136,-0.5700934579439253,-0.2583586626139817,0.10489510489510492,0.8425806451612905,0.5561290322580646,0.8425806451612905,-0.7467889908256882,0.6183574879227054,1.0491803278688525,0.4477513227513228,3.72845953002611,0.5168316831683167,-0.3076923076923077,0.3076923076923077,-0.5432680386808827,-0.509175,-0.07075674,-2038755.0,3076915.0
2,0.3205,0.0194,0.0205,0.038700000000000005,0.14156605,1.4945864e-07,8.7827175e-06,0.4036,0.4198,0.1565,0.06570000000000001,0.022600000000000002,0.0877,0.2949,0.3672,-0.603483606557377,-0.3321858864027539,0.04872389791183297,0.8858487790526627,0.6093208120640611,0.8858487790526627,-0.7845211581291759,0.5297157622739017,1.056701030927835,0.4198083067092652,3.654503990877993,0.6377217553688141,-0.34381551362683443,0.34381551362683443,-0.6005632480638348,-0.581825,-0.07426107,-2037355.0,3071225.0
3,0.2912,0.033100000000000004,0.0281,0.0483,0.10309682,1.681e-07,6.747443e-06,0.3289,0.33630000000000004,0.1855,0.09040000000000001,0.029500000000000002,0.0954,0.2447,0.2921,-0.5868263473053892,-0.18673218673218672,0.02430555555555559,0.7958680234350909,0.5432938509049685,0.7958680234350909,-0.7154639175257732,0.5817805383022774,0.8489425981873111,0.4873315363881402,3.0524109014675056,0.48482490272373535,-0.22173274596182088,0.22173274596182088,-0.442186088527552,-0.5436,-0.08160433000000002,-2037355.0,3072645.0
2,0.37610000000000005,0.0228,0.0217,0.044500000000000005,0.07061974,1.1052489e-07,4.7811454e-06,0.40440000000000004,0.397,0.1635,0.06770000000000001,0.016800000000000002,0.0819,0.2847,0.3672,-0.5721153846153846,-0.32243684992570587,-0.1272727272727272,0.8856856354976185,0.6795170906936268,0.8856856354976185,-0.7883975273418926,0.48764044943820223,0.9517543859649122,0.4140672782874618,4.592185592185593,0.5644699140401146,-0.393995552260934,0.393995552260934,-0.6293262338726192,-0.6595250000000001,-0.08484115000000003,-2037345.0,3074065.0
2,0.45930000000000004,0.028900000000000002,0.030500000000000003,0.0541,0.09909423,1.6253888e-07,5.270211e-06,0.4702,0.41090000000000004,0.1807,0.0772,0.027200000000000002,0.1029,0.34090000000000004,0.4319,-0.539182282793867,-0.3036144578313253,-0.057192374350086665,0.8816058992216306,0.7972862281420279,0.8816058992216306,-0.7892481495909622,0.5637707948243993,1.055363321799308,0.42722744881018265,4.463556851311954,0.5614567526555387,-0.4353125000000001,0.4353125000000001,-0.6438999832186608,-0.77495,-0.08772043999999998,-2037345.0,3075485.0
1,0.3623,0.0267,0.025900000000000003,0.0482,0.14225285,2.6340484e-07,8.536872e-06,0.37170000000000003,0.39,0.16970000000000002,0.0762,0.0235,0.0889,0.276,0.33790000000000003,-0.557595227168426,-0.2870493991989319,-0.04858299595141706,0.8627249357326479,0.6618106531150011,0.8627249357326479,-0.7651644336175395,0.537344398340249,0.9700374531835206,0.44902769593400116,4.075365579302587,0.5380622837370242,-0.36203007518796987,0.36203007518796987,-0.58094074526573,-0.6325500000000001,-0.08071993,-2038805.0,3064125.0
3,0.38430000000000003,0.0227,0.024,0.0539,0.11667054,1.07276435e-07,6.2808526e-06,0.45530000000000004,0.3941,0.1825,0.0776,0.032,0.10550000000000001,0.3529,0.4314,-0.5439932318104906,-0.40731070496083555,0.14285714285714285,0.8884520884520885,0.6997762029093622,0.8884520884520885,-0.7539936102236422,0.4452690166975881,1.0572687224669604,0.42520547945205484,3.6426540284360187,0.6458658346333854,-0.35603387438249834,0.35603387438249834,-0.6055839559575306,-0.67205,-0.08005931,-2038795.0,3065545.0
1,0.4293,0.0238,0.025500000000000002,0.0476,0.12626214,1.2256801e-07,6.5125314e-06,0.4481,0.3674,0.1748,0.0712,0.0308,0.0901,0.3331,0.4167,-0.5719424460431655,-0.3333333333333333,0.09413854351687387,0.8949459280512029,0.7600028967664844,0.8949459280512029,-0.8003774376179493,0.5357142857142857,1.0714285714285714,0.40732265446224253,4.764705882352941,0.582089552238806,-0.42128786624731,0.42128786624731,-0.654419789014187,-0.7438500000000001,-0.08814940999999997,-2038795.0,3066965.0
1,0.3653,0.046,0.037700000000000004,0.0659,0.11642797,3.2286047e-07,6.635487e-06,0.396,0.3859,0.24500000000000002,0.1211,0.0296,0.13720000000000002,0.3018,0.3548,-0.5760694757156642,-0.17783735478105453,-0.12035661218424967,0.776318988572818,0.6383644326671819,0.776318988572818,-0.6943413729128014,0.5720789074355084,0.8195652173913045,0.4942857142857142,2.6625364431486878,0.4978165938864629,-0.19711617237424214,0.19711617237424214,-0.41378705490264867,-0.682725,-0.0981023,-2038785.0,3068385.0
2,0.3516,0.027700000000000002,0.030600000000000002,0.0521,0.0996727,1.3141631e-07,6.3249186e-06,0.38730000000000003,0.34400000000000003,0.1708,0.0746,0.0279,0.09570000000000001,0.2924,0.3593,-0.5325257963212202,-0.30576441102756885,-0.04615384615384617,0.8539414711310308,0.6607932934875417,0.8539414711310308,-0.741887540252663,0.5873320537428023,1.1046931407942238,0.43676814988290397,3.6739811912225706,0.5510534846029174,-0.3460949464012252,0.3460949464012252,-0.5777089783281734,-0.6041000000000001,-0.07339259,-2038785.0,3069805.0
3,0.33790000000000003,0.0682,0.054900000000000004,0.08220000000000001,0.089011975,2.557695e-07,5.4919437e-06,0.37170000000000003,0.35960000000000003,0.2802,0.151,0.0351,0.13490000000000002,0.2929,0.3391,-0.5463576158940397,-0.0930851063829788,-0.22000000000000006,0.6641221374045803,0.5815329314411952,0.6641221374045803,-0.6086646036657939,0.6678832116788321,0.8049853372434018,0.5389007851534617,2.5048183839881393,0.32840965041851317,-0.09335059051933348,0.09335059051933348,-0.28366013071895424,-0.6290000000000002,-0.11192467999999994,-2037375.0,3064125.0
2,0.3416,0.0383,0.030500000000000003,0.0565,0.17059718,4.337072e-07,9.724724e-06,0.3612,0.3569,0.19690000000000002,0.1061,0.0354,0.10210000000000001,0.27740000000000004,0.3291,-0.5540647198105763,-0.1919831223628692,0.07435508345978753,0.7983679915767308,0.6075298849290584,0.7983679915767308,-0.7161517206731978,0.5398230088495576,0.7963446475195823,0.5388522092432706,3.345739471106758,0.4544159544159544,-0.26870937790157845,0.26870937790157845,-0.44085188770571154,-0.609475,-0.09093248000000001,-2037375.0,3065545.0
3,0.399,0.0204,0.0206,0.041100000000000005,0.10936605,1.14932654e-07,6.6195425e-06,0.4068,0.42010000000000003,0.16970000000000002,0.07050000000000001,0.020800000000000003,0.08120000000000001,0.3033,0.3798,-0.610056925996205,-0.33658536585365856,0.004830917874396189,0.9027181688125895,0.7148291755066207,0.9027181688125895,-0.8132242672119971,0.5012165450121654,1.0098039215686274,0.41543901001767825,4.913793103448276,0.5984251968503937,-0.40320028134341485,0.40320028134341485,-0.6438785504407443,-0.712075,-0.09049754999999998,-2037375.0,3066965.0
1,0.43960000000000005,0.0337,0.0286,0.054,0.08940986,1.5672445e-07,5.084817e-06,0.405,0.3935,0.1943,0.1042,0.0238,0.0998,0.2922,0.3765,-0.5650422875553766,-0.23147092360319269,-0.09160305343511448,0.8575956053243186,0.7463742731030618,0.8575956053243186,-0.7811993517017829,0.5296296296296297,0.8486646884272997,0.5362840967575914,4.404809619238478,0.495131086142322,-0.38696955355734347,0.38696955355734347,-0.5449595776274542,-0.7611999999999999,-0.10510936999999998,-2037365.0,3068385.0
2,0.42400000000000004,0.0204,0.020800000000000003,0.0395,0.07853607,9.905099e-08,4.934222e-06,0.46,0.45170000000000005,0.1651,0.0668,0.0189,0.0819,0.3256,0.4233,-0.6138807429130009,-0.3188647746243739,-0.047858942065491246,0.9081908190819084,0.747698504027618,0.9081908190819084,-0.8295577130528587,0.5265822784810127,1.019607843137255,0.404603270745003,5.177045177045177,0.6011730205278593,-0.43948395858088607,0.43948395858088607,-0.6721804511278195,-0.7474,-0.09306574000000001,-2038805.0,3062705.0
3,0.4428,0.0313,0.027200000000000002,0.051300000000000005,0.15297869,2.504319e-07,7.5867993e-06,0.4758,0.4047,0.1816,0.0792,0.022000000000000002,0.10200000000000001,0.3502,0.43670000000000003,-0.5594675826534993,-0.2421307506053269,-0.10569105691056908,0.8679603459185826,0.7540305621758024,0.8679603459185826,-0.7923497267759563,0.530214424951267,0.8690095846645368,0.43612334801762115,4.341176470588235,0.5303825956489123,-0.4183215887251761,0.4183215887251761,-0.6192937123169682,-0.7613500000000001,-0.08868137,-2037395.0,3058445.0
3,0.42700000000000005,0.026500000000000003,0.024900000000000002,0.0541,0.09022965,1.1766553e-07,4.8561556e-06,0.44780000000000003,0.4404,0.1708,0.0721,0.0224,0.0978,0.3371,0.41600000000000004,-0.5188972876834148,-0.34243176178660045,-0.052854122621564525,0.8831312017640572,0.7439699839199572,0.8831312017640572,-0.7750987320723344,0.4602587800369686,0.939622641509434,0.4221311475409836,4.366053169734152,0.5736122284794851,-0.42857142857142855,0.42857142857142855,-0.6417801998183471,-0.7185250000000002,-0.08015348,-2037395.0,3059865.0
3,0.32430000000000003,0.0632,0.046200000000000005,0.083,0.08566765,2.1000206e-07,5.280443e-06,0.37110000000000004,0.39280000000000004,0.21000000000000002,0.10550000000000001,0.031900000000000005,0.14150000000000001,0.2864,0.334,-0.43344709897610917,-0.13543091655266756,-0.18309859154929578,0.6738064516129031,0.5508843036109065,0.6738064516129031,-0.5924380063835011,0.5566265060240965,0.7310126582278481,0.5023809523809524,2.2918727915194346,0.38251099169516367,-0.21392476137001687,0.21392476137001687,-0.3742581602373887,-0.5213749999999999,-0.05683653000000001,-2037385.0,3061285.0
2,0.4214,0.023700000000000002,0.0241,0.0454,0.08174937,9.449422e-08,4.7114568e-06,0.44430000000000003,0.4469,0.158,0.063,0.017400000000000002,0.08460000000000001,0.31220000000000003,0.41350000000000003,-0.5535889872173059,-0.3140376266280752,-0.16144578313253005,0.8935070770613346,0.7446939292041799,0.8935070770613346,-0.805484147386461,0.5308370044052864,1.0168776371308015,0.3987341772151899,4.981087470449172,0.5623268698060943,-0.4546082153952364,0.4546082153952364,-0.6741826381059752,-0.7157499999999999,-0.08306072999999997,-2037385.0,3062705.0
3,0.4267,0.0218,0.0212,0.0383,0.097445145,1.8747448e-07,5.875706e-06,0.39990000000000003,0.392,0.1437,0.0623,0.0224,0.0723,0.2841,0.3657,-0.5791208791208791,-0.2745424292845258,0.027522935779816505,0.9027870680044594,0.7471934215230606,0.9027870680044594,-0.8352688172043011,0.5535248041775457,0.9724770642201835,0.43354210160055673,5.90179806362379,0.536663124335813,-0.49614305750350635,0.49614305750350635,-0.6838345864661654,-0.723075,-0.08413594,-2035975.0,3058435.0
2,0.4882,0.021500000000000002,0.0219,0.0426,0.06610635,9.375214e-08,3.5435937e-06,0.49570000000000003,0.4192,0.1746,0.0709,0.0159,0.09000000000000001,0.3477,0.4567,-0.6077348066298343,-0.32917316692667703,-0.1587301587301587,0.915636649009221,0.8252176606214943,0.915636649009221,-0.8394875659382064,0.5140845070422535,1.0186046511627906,0.40607101947308133,5.424444444444444,0.6143497757847534,-0.47314423657211824,0.47314423657211824,-0.6932780082987551,-0.8480750000000001,-0.10087373,-2035975.0,3059855.0
3,0.4083,0.0217,0.0239,0.0442,0.0747661,7.9256296e-08,4.1804947e-06,0.4667,0.4393,0.1802,0.07390000000000001,0.022000000000000002,0.092,0.3463,0.4355,-0.6060606060606062,-0.3414264036418817,-0.041394335511982544,0.8990697674418605,0.7350009196247932,0.8990697674418605,-0.8046408839779005,0.5407239819004525,1.1013824884792627,0.4100998890122087,4.4380434782608695,0.6182937554969218,-0.38759558198810534,0.38759558198810534,-0.6377415687760515,-0.729875,-0.09230922999999999,-2035965.0,3061275.0
3,0.38330000000000003,0.0324,0.032600000000000004,0.07540000000000001,0.102556415,1.2460947e-07,6.147304e-06,0.4072,0.43710000000000004,0.16970000000000002,0.0729,0.025900000000000003,0.1259,0.3236,0.3794,-0.3847409220726234,-0.3988868274582561,-0.11452991452991453,0.8441183545826317,0.6944569456945695,0.8441183545826317,-0.671244822323959,0.4323607427055703,1.006172839506173,0.4295816146140247,3.044479745830024,0.5906506632975365,-0.38625678119349005,0.38625678119349005,-0.5959324635456638,-0.5901750000000001,-0.04892997999999999,-2037365.0,3069805.0
3,0.40890000000000004,0.04,0.0345,0.057800000000000004,0.1688149,3.0702947e-07,8.783201e-06,0.4253,0.40650000000000003,0.1905,0.09090000000000001,0.029,0.1097,0.3144,0.3851,-0.5344341522351993,-0.18200408997955014,-0.08661417322834648,0.8217865894408555,0.7065784267884762,0.8217865894408555,-0.7523034068995071,0.596885813148789,0.8625,0.4771653543307087,3.727438468550593,0.4655978623914496,-0.3643643643643644,0.3643643643643644,-0.5441406930175866,-0.697375,-0.08401915999999998,-2035955.0,3064115.0
5,0.2601,0.0494,0.0424,0.06570000000000001,0.094405815,3.4988523e-07,5.9683025e-06,0.2876,0.32830000000000004,0.1758,0.10200000000000001,0.0385,0.1046,0.23020000000000002,0.2661,-0.4559006211180124,-0.14161598609904438,-0.04820766378244747,0.6807754442649434,0.4851433185304804,0.6807754442649434,-0.5966850828729282,0.6453576864535768,0.8582995951417004,0.5802047781569966,2.4866156787762907,0.35844155844155845,-0.19339298004129385,0.19339298004129385,-0.3328927076448557,-0.4217000000000001,-0.06063019000000002,-2035955.0,3065535.0
2,0.3513,0.0376,0.0329,0.0687,0.11966865,2.856016e-07,6.317292e-06,0.38530000000000003,0.39430000000000004,0.2156,0.1066,0.0307,0.13240000000000002,0.3063,0.3538,-0.5167077031304961,-0.29256820319849475,-0.03459119496855341,0.8066340961686808,0.6319963913844303,0.8066340961686808,-0.6728571428571429,0.47889374090247455,0.8749999999999999,0.4944341372912801,2.6533232628398786,0.5576470588235295,-0.2393720232845299,0.2393720232845299,-0.45420136260408783,-0.61905,-0.07971157,-2035955.0,3066955.0
3,0.3049,0.0427,0.037700000000000004,0.06420000000000001,0.12248884,3.4844874e-07,8.527931e-06,0.2948,0.35450000000000004,0.2147,0.1194,0.031200000000000002,0.11030000000000001,0.2311,0.2669,-0.5396199354607385,-0.20112254443405056,-0.09433962264150947,0.7543153049482163,0.5628740172879103,0.7543153049482163,-0.6521267949065295,0.5872274143302181,0.8829039812646371,0.5561248253376805,2.7642792384406163,0.4418300653594771,-0.17359507313317935,0.17359507313317935,-0.3576382009114325,-0.55135,-0.09125679999999997,-2035945.0,3068375.0
3,0.3997,0.026500000000000003,0.0247,0.0458,0.10429233,1.9337236e-07,5.9923996e-06,0.42560000000000003,0.3309,0.1854,0.0804,0.0297,0.0918,0.3145,0.3864,-0.6038062283737023,-0.26694329183955734,0.09191176470588236,0.8756452369779445,0.7082529396774545,0.8756452369779445,-0.794388327721661,0.5393013100436681,0.9320754716981131,0.43365695792880254,4.3540305010893245,0.551986475063398,-0.3662621774055717,0.3662621774055717,-0.5975908149821193,-0.7183499999999999,-0.09361542000000003,-2035945.0,3069805.0
3,0.3487,0.0434,0.034300000000000004,0.061900000000000004,0.13187853,3.0890106e-07,8.112469e-06,0.36560000000000004,0.3885,0.1646,0.076,0.026000000000000002,0.1018,0.2748,0.3337,-0.4534216335540838,-0.17568850902184238,-0.13764510779436154,0.7786279010456516,0.6127528941820468,0.7786279010456516,-0.6984900146127617,0.5541195476575121,0.7903225806451614,0.4617253948967193,3.425343811394892,0.4022038567493113,-0.3586596532242354,0.3586596532242354,-0.5246815286624205,-0.5618999999999998,-0.059657829999999995,-2034535.0,3064115.0
3,0.4726,0.031900000000000005,0.033100000000000004,0.0673,0.09493333,1.6450882e-07,4.978847e-06,0.4378,0.3985,0.1971,0.09040000000000001,0.0317,0.127,0.3441,0.40750000000000003,-0.49092284417549176,-0.3568548387096773,-0.021604938271605024,0.8735381565906838,0.8120077697333568,0.8735381565906838,-0.7506945730690868,0.49182763744427943,1.0376175548589341,0.458650431253171,3.721259842519685,0.5984896161107613,-0.41137822905778715,0.41137822905778715,-0.6105095541401273,-0.7806000000000001,-0.07989851999999997,-2034535.0,3065535.0
3,0.3638,0.054900000000000004,0.0437,0.07350000000000001,0.14849108,2.497256e-07,8.647967e-06,0.42360000000000003,0.4012,0.20950000000000002,0.10980000000000001,0.0268,0.1177,0.33240000000000003,0.3961,-0.48056537102473496,-0.14485981308411217,-0.2397163120567376,0.7377597325053737,0.6258742539089678,0.7377597325053737,-0.6638463297507432,0.5945578231292517,0.7959927140255009,0.5241050119331743,3.090909090909091,0.3638470451911935,-0.26914355485784053,0.26914355485784053,-0.42432715833624607,-0.60505,-0.08165374,-2034535.0,3066955.0
1,0.375,0.0173,0.0193,0.035,0.110143915,7.439554e-08,7.3310193e-06,0.4335,0.4519,0.1464,0.0592,0.0184,0.07350000000000001,0.30810000000000004,0.4033,-0.6141124586549063,-0.338432122370937,-0.023872679045092878,0.9118021921998472,0.6897792436565346,0.9118021921998472,-0.8292682926829267,0.5514285714285714,1.1156069364161851,0.40437158469945356,5.10204081632653,0.6189427312775332,-0.43843498273878023,0.43843498273878023,-0.6750212404418011,-0.6605,-0.08287668000000001,-2034525.0,3068375.0
2,0.41850000000000004,0.0258,0.0285,0.049300000000000004,0.10850076,1.0458827e-07,6.745105e-06,0.4062,0.39580000000000004,0.15560000000000002,0.06760000000000001,0.0286,0.0869,0.2944,0.3754,-0.518789653489507,-0.31291611185086554,0.0017513134851138248,0.8838622552329508,0.7505792357765437,0.8838622552329508,-0.7892261650277896,0.5780933062880325,1.1046511627906976,0.43444730077120824,4.815880322209436,0.5421472937000887,-0.45793415781222785,0.45793415781222785,-0.6543301258327164,-0.6925,-0.07730624000000001,-2037335.0,3076905.0
1,0.3089,0.030500000000000003,0.0263,0.049300000000000004,0.10736,1.4314651e-07,6.794644e-06,0.3405,0.3441,0.1767,0.0868,0.033100000000000004,0.0916,0.25470000000000004,0.3113,-0.563716814159292,-0.23558897243107768,0.11447811447811453,0.8202710665880965,0.5729347700150621,0.8202710665880965,-0.7247347850362925,0.5334685598377281,0.862295081967213,0.4912280701754386,3.3722707423580784,0.5004095004095004,-0.27224052718286657,0.27224052718286657,-0.4815469613259668,-0.55715,-0.0802135,-2035935.0,3071225.0
3,0.33740000000000003,0.020200000000000003,0.020200000000000003,0.0434,0.082269676,1.055181e-07,5.061044e-06,0.3986,0.39330000000000004,0.1582,0.066,0.0221,0.094,0.29810000000000003,0.36410000000000003,-0.5694444444444445,-0.36477987421383645,0.0449172576832151,0.8870246085011186,0.6298676459337464,0.8870246085011186,-0.7720588235294118,0.4654377880184332,1.0,0.41719342604298354,3.58936170212766,0.6462346760070053,-0.3615819209039548,0.3615819209039548,-0.6115367282559712,-0.5982000000000001,-0.07052694999999999,-2035935.0,3072645.0
2,0.42100000000000004,0.018000000000000002,0.0212,0.0414,0.07416522,5.2550433e-08,4.0807695e-06,0.4354,0.4041,0.16490000000000002,0.0653,0.016,0.0823,0.3155,0.40130000000000005,-0.5986427532719342,-0.39393939393939387,-0.13978494623655915,0.9179954441913439,0.755109489051095,0.9179954441913439,-0.8209342560553634,0.5120772946859904,1.1777777777777776,0.39599757428744686,5.11543134872418,0.6410767696909272,-0.4371053080730499,0.4371053080730499,-0.6829686013320647,-0.7378250000000001,-0.09000278000000002,-2035925.0,3074065.0
2,0.3685,0.0297,0.033100000000000004,0.0505,0.11946638,2.1660327e-07,7.933339e-06,0.4071,0.4063,0.1557,0.0702,0.0391,0.0925,0.2963,0.3774,-0.510184287099903,-0.2593516209476309,0.0831024930747922,0.8508287292817679,0.686626362201086,0.8508287292817679,-0.7589498806682577,0.6554455445544555,1.1144781144781146,0.4508670520231214,3.983783783783784,0.5139116202945989,-0.40595192674551694,0.40595192674551694,-0.6015952143569292,-0.6094,-0.06882757,-2035925.0,3075485.0
2,0.3486,0.026600000000000002,0.0297,0.0563,0.079954274,6.082654e-08,5.2579767e-06,0.3678,0.388,0.1647,0.07390000000000001,0.027100000000000003,0.0974,0.2831,0.3411,-0.49049773755656106,-0.35826296743063935,-0.04577464788732391,0.8582089552238805,0.6572795519078922,0.8582089552238805,-0.7219066436157076,0.5275310834813499,1.1165413533834585,0.44869459623557983,3.5790554414784395,0.5709677419354839,-0.35827001753360604,0.35827001753360604,-0.5802005012531329,-0.5810250000000001,-0.06728812000000002,-2035915.0,3076905.0
3,0.3599,0.0307,0.0275,0.055600000000000004,0.1165458,1.7989278e-07,7.6004867e-06,0.3793,0.36610000000000004,0.18380000000000002,0.0874,0.0318,0.1068,0.2948,0.34750000000000003,-0.5355054302422723,-0.28852838933951336,0.07251264755480609,0.8428059395801331,0.6495870239563479,0.8428059395801331,-0.7323706377858004,0.49460431654676257,0.8957654723127035,0.4755168661588683,3.3698501872659175,0.5534545454545454,-0.3238918521243332,0.3238918521243332,-0.5327398615232443,-0.6272000000000001,-0.07747026,-2034515.0,3071215.0
2,0.4797,0.0245,0.0227,0.043500000000000004,0.1156944,2.006948e-07,5.6944623e-06,0.45420000000000005,0.38870000000000005,0.1595,0.0674,0.022000000000000002,0.0801,0.31870000000000004,0.4232,-0.5714285714285714,-0.27941176470588236,-0.015659955257270677,0.9028163427211424,0.80658450341584,0.9028163427211424,-0.8337155963302753,0.5218390804597701,0.926530612244898,0.4225705329153605,5.98876404494382,0.5315487571701721,-0.5009386733416772,0.5009386733416772,-0.6907285882550901,-0.8105,-0.09387824999999997,-2034515.0,3072635.0
3,0.30870000000000003,0.039400000000000004,0.0307,0.054700000000000006,0.0949488,1.7862915e-07,5.401989e-06,0.4171,0.38930000000000003,0.18480000000000002,0.08320000000000001,0.020800000000000003,0.0984,0.30560000000000004,0.38270000000000004,-0.5432150313152402,-0.16259298618490967,-0.19223300970873783,0.7736282677391555,0.5569836863520554,0.7736282677391555,-0.6989543203082003,0.5612431444241316,0.7791878172588832,0.45021645021645024,3.13719512195122,0.4281567489114659,-0.251063829787234,0.251063829787234,-0.4692640692640692,-0.552,-0.07745580000000002,-2034505.0,3074055.0
3,0.3546,0.0804,0.059300000000000005,0.09340000000000001,0.16843046,5.845308e-07,9.247651e-06,0.38020000000000004,0.38170000000000004,0.2424,0.1312,0.0391,0.15810000000000002,0.2994,0.3423,-0.44371649791542583,-0.07479861910241663,-0.20528455284552846,0.6303448275862068,0.5789908421619681,0.6303448275862068,-0.5830357142857142,0.6349036402569593,0.7375621890547265,0.5412541254125413,2.242884250474383,0.3257861635220126,-0.18793969849246236,0.18793969849246236,-0.3234212629896083,-0.5698999999999999,-0.06708954999999998,-2034505.0,3075475.0
3,0.40140000000000003,0.015300000000000001,0.017400000000000002,0.033600000000000005,0.0745779,1.2581349e-07,4.2095385e-06,0.4907,0.4187,0.16970000000000002,0.06720000000000001,0.019,0.0824,0.34940000000000004,0.4546,-0.6694540088539104,-0.37423312883435583,0.043956043956043876,0.9265658747300217,0.7251779555294636,0.9265658747300217,-0.8455172413793103,0.5178571428571429,1.1372549019607843,0.39599292869770186,4.8713592233009715,0.6867963152507676,-0.4057082822623008,0.4057082822623008,-0.6708557749850389,-0.73845,-0.09773320999999999,-2035965.0,3062695.0
3,0.35400000000000004,0.0528,0.0436,0.067,0.13283567,3.6079882e-07,8.023635e-06,0.40190000000000003,0.3981,0.23600000000000002,0.1206,0.0351,0.127,0.3032,0.36310000000000003,-0.5577557755775577,-0.11853088480801338,-0.108005082592122,0.7404129793510325,0.6192885846108053,0.7404129793510325,-0.6817102137767221,0.6507462686567164,0.8257575757575758,0.5110169491525424,2.78740157480315,0.41268075639599555,-0.2,0.2,-0.39264448336252195,-0.64375,-0.09571543000000002,-2034555.0,3058435.0
3,0.2351,0.019,0.0228,0.0333,0.11126445,2.026975e-07,9.583698e-06,0.279,0.32880000000000004,0.1062,0.0475,0.0245,0.0679,0.2046,0.2521,-0.5225806451612902,-0.27342256214149147,0.03594080338266385,0.850452577725305,0.48276886512180633,0.850452577725305,-0.7518628912071534,0.6846846846846847,1.2000000000000002,0.4472693032015066,3.4624447717231224,0.5627157652474107,-0.3776736009375916,0.3776736009375916,-0.5900123304562269,-0.39402500000000007,-0.043535049999999985,-2034555.0,3059855.0
2,0.3552,0.0176,0.0201,0.039900000000000005,0.09975265,5.3125618e-08,6.5117106e-06,0.40090000000000003,0.41100000000000003,0.1582,0.06670000000000001,0.024900000000000002,0.0878,0.3033,0.3715,-0.5971731448763251,-0.38782608695652177,0.10666666666666672,0.9055793991416309,0.6644021220564101,0.9055793991416309,-0.7980258162490509,0.5037593984962405,1.1420454545454544,0.42161820480404555,4.045558086560365,0.6660341555977229,-0.38371640046747174,0.38371640046747174,-0.633159268929504,-0.6335750000000001,-0.07684856999999999,-2034545.0,3061275.0
3,0.39580000000000004,0.046700000000000005,0.0402,0.0747,0.11670334,3.075242e-07,7.0086985e-06,0.3916,0.3735,0.2286,0.1148,0.0361,0.1253,0.3033,0.3526,-0.5074183976261126,-0.23064250411861612,-0.05373525557011794,0.7889265536723163,0.6859221535103674,0.7889265536723163,-0.6824654622741765,0.5381526104417671,0.8608137044967878,0.5021872265966754,3.158818834796489,0.4569767441860465,-0.26777706598334405,0.26777706598334405,-0.4594142259414227,-0.6809500000000002,-0.09240051999999997,-2034545.0,3062695.0
3,0.3718,0.0522,0.041600000000000005,0.0693,0.11646767,3.7141442e-07,6.660792e-06,0.4043,0.3531,0.2669,0.1374,0.0356,0.1337,0.31420000000000003,0.3638,-0.5877453896490185,-0.14074074074074072,-0.07772020725388608,0.7537735849056603,0.638965768390386,0.7537735849056603,-0.6857855361596009,0.6002886002886003,0.7969348659003832,0.5147995503934057,2.780852655198205,0.43840774610005384,-0.16423986222013462,0.16423986222013462,-0.37114427860696525,-0.7088500000000001,-0.11417458999999999,-2033135.0,3058435.0
1,0.4424,0.0315,0.029400000000000003,0.0631,0.058628723,7.3167676e-08,3.1230243e-06,0.4439,0.3912,0.199,0.0884,0.022500000000000003,0.11270000000000001,0.341,0.4076,-0.5185043876383061,-0.33403805496828753,-0.1329479768786127,0.8670605612998524,0.7615706286767313,0.8670605612998524,-0.7503461918892186,0.4659270998415214,0.9333333333333335,0.4442211055276382,3.9254658385093166,0.5631067961165049,-0.3794823822887434,0.3794823822887434,-0.594727057630556,-0.7528499999999999,-0.08835087999999998,-2033135.0,3059855.0
2,0.3619,0.0221,0.023700000000000002,0.0425,0.07847695,7.346272e-08,5.3845065e-06,0.3829,0.373,0.1593,0.06770000000000001,0.0258,0.08710000000000001,0.2851,0.3511,-0.5787908820614469,-0.3157894736842105,0.04242424242424238,0.8848958333333333,0.6703246629960129,0.8848958333333333,-0.7898120672601385,0.5576470588235294,1.0723981900452488,0.4249843063402386,4.154994259471871,0.5952380952380951,-0.38871834228702995,0.38871834228702995,-0.6222128733697937,-0.6349250000000001,-0.07611419,-2033125.0,3061275.0
1,0.2874,0.0688,0.0407,0.0688,0.08865339,4.1010378e-07,6.1211736e-06,0.3129,0.3055,0.2293,0.1267,0.031100000000000003,0.1443,0.24200000000000002,0.2748,-0.5384099295538409,0.0,-0.13370473537604452,0.613700168444694,0.4657514606258289,0.613700168444694,-0.613700168444694,0.5915697674418605,0.5915697674418605,0.5525512429132141,1.9916839916839915,0.3542937587986861,-0.11244435842848848,0.11244435842848848,-0.2532467532467532,-0.5306749999999999,-0.07319076999999999,-2034525.0,3069795.0
2,0.3472,0.0183,0.021400000000000002,0.0375,0.10494093,1.3164878e-07,7.125137e-06,0.4087,0.41250000000000003,0.15360000000000001,0.063,0.023700000000000002,0.08320000000000001,0.3024,0.37560000000000004,-0.6075353218210361,-0.3440860215053763,0.050997782705099776,0.8998632010943913,0.6553798688777478,0.8998632010943913,-0.805042890564076,0.5706666666666668,1.1693989071038253,0.41015624999999994,4.1730769230769225,0.6394088669950739,-0.38658146964856227,0.38658146964856227,-0.638586352522783,-0.6203000000000001,-0.07625934000000001,-2033115.0,3064115.0
2,0.3825,0.0216,0.0223,0.0419,0.06939427,5.8633088e-08,4.56487e-06,0.4022,0.41240000000000004,0.16390000000000002,0.0679,0.0205,0.08420000000000001,0.29710000000000003,0.3715,-0.5928085519922256,-0.3196850393700787,-0.042056074766355124,0.8930957683741648,0.6949845707699743,0.8930957683741648,-0.8025447690857682,0.532219570405728,1.0324074074074074,0.4142769981696156,4.542755344418052,0.5916824196597354,-0.4000732064421669,0.4000732064421669,-0.637871737811046,-0.675575,-0.08317613,-2033115.0,3065535.0
2,0.38670000000000004,0.0245,0.0239,0.0407,0.066037014,1.2155175e-07,4.672453e-06,0.4325,0.43,0.1563,0.066,0.021400000000000002,0.0844,0.312,0.40090000000000003,-0.5868020304568528,-0.2484662576687116,-0.055187637969094885,0.8808365758754862,0.6956698290819153,0.8808365758754862,-0.8095460926532522,0.5872235872235873,0.9755102040816327,0.42226487523992323,4.58175355450237,0.5500459136822774,-0.42430939226519343,0.42430939226519343,-0.6387946517661147,-0.67235,-0.08058206000000001,-2033115.0,3066955.0
1,0.34490000000000004,0.0636,0.049300000000000004,0.08510000000000001,0.12151928,3.1732617e-07,7.060323e-06,0.3662,0.3558,0.2404,0.14070000000000002,0.0397,0.1383,0.3037,0.3462,-0.47711213517665124,-0.144586415601883,-0.1078651685393259,0.6886168910648716,0.5886493458632762,0.6886168910648716,-0.6041860465116279,0.5793184488836662,0.7751572327044025,0.5852745424292846,2.4938539407086044,0.36998514115898956,-0.1785409191867419,0.1785409191867419,-0.3172932330827068,-0.580725,-0.08755960000000002,-2033105.0,3068375.0
3,0.11120000000000001,0.0574,0.046400000000000004,0.0623,0.12660435,2.8603256e-06,2.1794383e-05,0.10450000000000001,0.2631,0.0711,0.0446,0.028300000000000002,0.0835,0.09040000000000001,0.1077,-0.0659670164917541,-0.040935672514619895,-0.2423025435073628,0.3190984578884935,0.1991693752257133,0.3190984578884935,-0.2818443804034582,0.7447833065810594,0.8083623693379791,0.6272855133614628,1.331736526946108,0.18523775727466293,-0.21996708721887004,0.21996708721887004,-0.21417565485362094,-0.06015000000000004,0.022492070000000024,-2033105.0,3069795.0
2,0.4333,0.023,0.025900000000000003,0.0455,0.10449095,1.0337829e-07,5.1452325e-06,0.4933,0.43220000000000003,0.1726,0.06910000000000001,0.023,0.0978,0.36960000000000004,0.46230000000000004,-0.5827602017423199,-0.3284671532846715,-0.05930470347648269,0.8991891299583606,0.7699429940815512,0.8991891299583606,-0.8099415204678363,0.5692307692307693,1.1260869565217393,0.40034762456546935,4.430470347648262,0.6192052980132451,-0.4302690212906421,0.4302690212906421,-0.6658806457464175,-0.751925,-0.08486532000000001,-2031695.0,3064105.0
2,0.38130000000000003,0.0206,0.0196,0.038700000000000005,0.07742689,1.1042654e-07,4.8624984e-06,0.3912,0.40540000000000004,0.149,0.060200000000000004,0.016900000000000002,0.0745,0.2832,0.3629,-0.5876398508257857,-0.3052276559865093,-0.07397260273972595,0.8974869370490172,0.6868326091759336,0.8974869370490172,-0.8157142857142857,0.5064599483204133,0.9514563106796116,0.40402684563758395,5.118120805369128,0.5667718191377498,-0.43805393173675283,0.43805393173675283,-0.6645214864023252,-0.66405,-0.08003328999999999,-2031695.0,3065525.0
2,0.3714,0.019,0.02,0.035500000000000004,0.095549375,1.624167e-07,5.9859417e-06,0.4006,0.38770000000000004,0.1433,0.057300000000000004,0.019,0.0741,0.2854,0.37210000000000004,-0.6029082774049217,-0.30275229357798167,-0.025641025641025664,0.9026639344262294,0.6810693425190955,0.9026639344262294,-0.8255099533054803,0.5633802816901408,1.0526315789473684,0.39986043265875787,5.012145748987854,0.5918367346938775,-0.44317077909461816,0.44317077909461816,-0.673722471669874,-0.6489750000000001,-0.07770537,-2031695.0,3066945.0
1,0.2972,0.066,0.0473,0.0753,0.10093681,2.9289723e-07,7.0022343e-06,0.3098,0.3181,0.2083,0.1288,0.0359,0.11410000000000001,0.2449,0.2848,-0.4689703808180536,-0.06581740976645437,-0.13701923076923078,0.6365638766519823,0.5058089581232023,0.6365638766519823,-0.5957046979865771,0.6281540504648074,0.7166666666666667,0.6183389342294767,2.604732690622261,0.2670738478622987,-0.17586547972304648,0.17586547972304648,-0.2775820508066012,-0.49050000000000005,-0.07959167,-2031685.0,3068365.0
3,0.4627,0.059500000000000004,0.0519,0.10930000000000001,0.10797491,9.883344e-08,4.462125e-06,0.49560000000000004,0.43820000000000003,0.2291,0.1039,0.0352,0.1695,0.39230000000000004,0.4545,-0.35401891252955076,-0.2950236966824645,-0.1917336394948335,0.7721179624664879,0.767066307805236,0.7721179624664879,-0.6178321678321678,0.47483989021043,0.8722689075630252,0.45351374945438677,2.7297935103244835,0.480349344978166,-0.337669846776525,0.337669846776525,-0.5179941002949853,-0.6865749999999999,-0.055542719999999955,-2034495.0,3076895.0
3,0.25980000000000003,0.08020000000000001,0.0507,0.0761,0.11625094,4.0369628e-07,7.1538534e-06,0.31370000000000003,0.3297,0.2626,0.15130000000000002,0.0334,0.14,0.2461,0.2816,-0.5506347800413345,0.026231605886116484,-0.2057074910820452,0.5282352941176471,0.41837222120154327,0.5282352941176471,-0.5468889550461448,0.6662286465177398,0.6321695760598504,0.5761614623000763,1.8557142857142856,0.27157129881925524,0.005359877488514489,-0.005359877488514489,-0.14575645756457567,-0.504825,-0.09303792999999999,-2033095.0,3071215.0
3,0.3371,0.061000000000000006,0.0456,0.07730000000000001,0.1655639,5.5886505e-07,9.110222e-06,0.3619,0.34650000000000003,0.2215,0.1173,0.0335,0.13820000000000002,0.2786,0.3256,-0.48259705488621146,-0.1178597252349964,-0.1529709228824273,0.6935443355940718,0.5743516273602233,0.6935443355940718,-0.626930501930502,0.5899094437257438,0.7475409836065573,0.5295711060948082,2.439218523878437,0.3875502008032129,-0.20694593626924457,0.20694593626924457,-0.364349376114082,-0.5697249999999999,-0.07294630999999996,-2033095.0,3072635.0
2,0.37270000000000003,0.0213,0.0233,0.038400000000000004,0.0920696,9.872317e-08,5.3044e-06,0.42210000000000003,0.41350000000000003,0.1688,0.0689,0.0198,0.079,0.3073,0.3934,-0.6293436293436294,-0.2864321608040202,-0.08120649651972157,0.8918781725888326,0.686743352819159,0.8918781725888326,-0.813184140111895,0.6067708333333333,1.0938967136150235,0.408175355450237,4.717721518987342,0.5752741774675972,-0.3765466297322253,0.3765466297322253,-0.6289592760180995,-0.6757250000000001,-0.09002829999999999,-2033085.0,3074055.0
2,0.33340000000000003,0.0217,0.0234,0.0473,0.06733603,5.990863e-08,4.0056243e-06,0.34140000000000004,0.36300000000000004,0.1524,0.0663,0.0198,0.079,0.25830000000000003,0.3131,-0.5262894341512268,-0.3710144927536232,-0.0833333333333333,0.8777809067868206,0.6302305721605466,0.8777809067868206,-0.7515103756238508,0.49471458773784355,1.0783410138248848,0.4350393700787401,4.220253164556962,0.5690168818272096,-0.37258130918073284,0.37258130918073284,-0.6043165467625901,-0.5704750000000001,-0.07164486,-2033085.0,3075475.0
2,0.3422,0.023700000000000002,0.0269,0.0446,0.11405027,9.1466305e-08,7.491517e-06,0.3917,0.3921,0.18180000000000002,0.0811,0.023700000000000002,0.08660000000000001,0.2838,0.35800000000000004,-0.6060070671378092,-0.30600292825768666,-0.06324110671936754,0.8704564088548784,0.6485011499629673,0.8704564088548784,-0.7693898655635987,0.6031390134529148,1.1350210970464134,0.4460946094609461,3.9515011547344105,0.5702629193109702,-0.3061068702290076,0.3061068702290076,-0.5577125975944291,-0.627325,-0.09146194999999999,-2033075.0,3076895.0
3,0.2541,0.0636,0.0419,0.0664,0.11163221,3.9973855e-07,7.914203e-06,0.2687,0.2846,0.2228,0.12710000000000002,0.030100000000000002,0.12490000000000001,0.20520000000000002,0.2348,-0.5408022130013831,-0.021538461538461513,-0.16388888888888883,0.5996222851746932,0.432592984978622,0.5996222851746932,-0.5856474258970358,0.6310240963855421,0.6588050314465408,0.5704667863554759,2.034427542033627,0.3251989389920425,-0.06563220801006499,0.06563220801006499,-0.21635504417505638,-0.47567499999999996,-0.07944725999999999,-2031675.0,3071205.0
2,0.38920000000000005,0.021500000000000002,0.020300000000000002,0.0427,0.07267307,6.8718194e-08,4.2558e-06,0.43,0.42800000000000005,0.1753,0.07100000000000001,0.0171,0.08900000000000001,0.32170000000000004,0.4006,-0.6082568807339449,-0.3302180685358255,-0.08556149732620325,0.8953007061115168,0.6965847944653905,0.8953007061115168,-0.8022690437601296,0.4754098360655738,0.944186046511628,0.4050199657729607,4.373033707865169,0.6108597285067873,-0.3789193976970771,0.3789193976970771,-0.6314741035856574,-0.70195,-0.08831996999999997,-2031675.0,3072625.0
2,0.4546,0.0239,0.0239,0.046700000000000005,0.10901019,8.074343e-08,5.3725134e-06,0.458,0.41150000000000003,0.1688,0.069,0.0206,0.091,0.3351,0.4223,-0.5665893271461716,-0.3229461756373938,-0.07415730337078653,0.9001044932079416,0.7842114537444934,0.9001044932079416,-0.8136844205066827,0.5117773019271948,1.0,0.40876777251184837,4.995604395604396,0.5839860748476936,-0.4584536413217838,0.4584536413217838,-0.6748337416870842,-0.7771999999999999,-0.08824575,-2031665.0,3074045.0
2,0.47590000000000005,0.029300000000000003,0.0333,0.06280000000000001,0.10843793,1.3355314e-07,5.9768563e-06,0.46530000000000005,0.43320000000000003,0.2112,0.09240000000000001,0.027700000000000002,0.10550000000000001,0.3518,0.4353,-0.5416058394160582,-0.3637350705754614,-0.0918032786885246,0.8840063341250989,0.8277399336638254,0.8840063341250989,-0.7668461110079822,0.5302547770700636,1.136518771331058,0.43750000000000006,4.510900473933649,0.5652818991097923,-0.38524232280599624,0.38524232280599624,-0.614201933745443,-0.8172500000000001,-0.10343733000000002,-2031665.0,3075465.0
2,0.2666,0.0251,0.0267,0.0426,0.10386173,3.9509533e-07,7.26984e-06,0.33430000000000004,0.37160000000000004,0.15960000000000002,0.0734,0.0304,0.08310000000000001,0.2477,0.3035,-0.5786350148367952,-0.258493353028065,0.06479859894921189,0.8279053822420294,0.5270553432762233,0.8279053822420294,-0.7244501940491591,0.6267605633802817,1.0637450199203187,0.4598997493734336,3.208182912154031,0.5360443622920519,-0.2510558423275457,0.2510558423275457,-0.4971924451250638,-0.48775,-0.07059884,-2033125.0,3062695.0
3,0.3116,0.0451,0.0371,0.0603,0.09626971,3.0164122e-07,6.1442493e-06,0.33290000000000003,0.3482,0.2069,0.1072,0.0329,0.1043,0.25270000000000004,0.3009,-0.5486526946107785,-0.14421252371916507,-0.060000000000000026,0.7471264367816091,0.5628283293071052,0.7471264367816091,-0.6757192793761763,0.615257048092869,0.8226164079822617,0.5181246979217013,2.987535953978907,0.3962516733601071,-0.20192864030858243,0.20192864030858243,-0.3920159680638723,-0.5630999999999999,-0.08760973,-2031715.0,3058425.0
3,0.34990000000000004,0.07010000000000001,0.0509,0.0785,0.206429,1.3100088e-06,1.1996476e-05,0.3905,0.3864,0.24760000000000001,0.1393,0.0364,0.1343,0.30310000000000004,0.3553,-0.5185525912296842,-0.0565275908479138,-0.1660939289805269,0.6661904761904762,0.5794059405940594,0.6661904761904762,-0.6335200746965453,0.6484076433121019,0.7261055634807417,0.5626009693053312,2.6053611317944902,0.3140900195694715,-0.17121338912133896,0.17121338912133896,-0.3136676499508358,-0.614275,-0.09552763,-2031715.0,3059845.0
5,0.33580000000000004,0.054,0.0419,0.06760000000000001,0.11988506,3.946632e-07,7.3043443e-06,0.3582,0.35300000000000004,0.2197,0.1198,0.032,0.1317,0.2778,0.3224,-0.5294117647058824,-0.11184210526315795,-0.13396481732070364,0.7229348383786558,0.5837761510163131,0.7229348383786558,-0.6648487853247398,0.6198224852071005,0.7759259259259259,0.5452890304961311,2.5497342444950646,0.4184168012924072,-0.20900090009000902,0.20900090009000902,-0.3697189483227561,-0.5924000000000001,-0.08201365,-2031705.0,3061265.0
2,0.3564,0.0223,0.024300000000000002,0.041800000000000004,0.09543941,1.0115802e-07,7.180795e-06,0.36510000000000004,0.36150000000000004,0.1376,0.057100000000000005,0.0221,0.07010000000000001,0.2591,0.3362,-0.5340022296544036,-0.3042121684867395,-0.04741379310344829,0.8822286770530764,0.6641691196146642,0.8822286770530764,-0.7900552486187845,0.5813397129186603,1.0896860986547086,0.41497093023255816,5.08416547788873,0.5173160173160174,-0.442914979757085,0.442914979757085,-0.6548576396435558,-0.5979249999999999,-0.07130748,-2031705.0,3062685.0
3,0.24780000000000002,0.0816,0.0483,0.0737,0.08063951,1.8118918e-07,6.1990977e-06,0.2818,0.3078,0.2416,0.1442,0.034,0.138,0.22290000000000001,0.2526,-0.5325087218522042,0.050869285254346454,-0.1737545565006075,0.5045537340619308,0.3911573282914591,0.5045537340619308,-0.5415241057542769,0.655359565807327,0.5919117647058824,0.5968543046357615,1.7956521739130435,0.2568306010928962,-0.01266857376379242,0.01266857376379242,-0.1347001341253114,-0.4655,-0.07991135999999996,-2030295.0,3058425.0
3,0.36970000000000003,0.0224,0.0236,0.0482,0.067201585,8.2111356e-08,4.6322502e-06,0.37670000000000003,0.3917,0.1437,0.060500000000000005,0.021500000000000002,0.0873,0.2816,0.3443,-0.49765502866076083,-0.3654390934844193,-0.04656319290465627,0.8857434327977558,0.6795644638685857,0.8857434327977558,-0.7693228044986838,0.4896265560165975,1.0535714285714286,0.42101600556715385,4.234822451317297,0.5916134913400182,-0.44020257109466304,0.44020257109466304,-0.6518269634607307,-0.6108750000000001,-0.0644888,-2030295.0,3059845.0
2,0.3577,0.020900000000000002,0.0227,0.0402,0.10380367,9.3787904e-08,7.3995516e-06,0.3649,0.3815,0.15430000000000002,0.0641,0.0205,0.0786,0.26580000000000004,0.333,-0.5866323907455013,-0.31587561374795414,-0.05092592592592594,0.88959323824617,0.6652321285752371,0.88959323824617,-0.797939180698668,0.5646766169154229,1.0861244019138756,0.4154244977316915,4.5508905852417305,0.5798994974874372,-0.397265625,0.397265625,-0.6347228190803609,-0.6287750000000001,-0.07787415999999998,-2030285.0,3061265.0
3,0.3282,0.038400000000000004,0.034,0.057300000000000004,0.16025928,5.306005e-07,1.0022128e-05,0.3623,0.343,0.2011,0.1015,0.031100000000000003,0.1115,0.2831,0.33180000000000004,-0.556501547987616,-0.19749216300940436,-0.044546850998463894,0.7905073649754502,0.5999539736115374,0.7905073649754502,-0.7027237354085603,0.5933682373472949,0.8854166666666666,0.5047240179015415,2.9434977578475334,0.48765843895930616,-0.24012847156621953,0.24012847156621953,-0.44274048994224247,-0.5913249999999999,-0.08292450999999999,-2031685.0,3069785.0
3,0.3577,0.020300000000000002,0.0217,0.0454,0.0714765,4.173517e-08,4.957706e-06,0.38180000000000003,0.3844,0.16110000000000002,0.0665,0.0194,0.0867,0.28750000000000003,0.3513,-0.5602905569007265,-0.3820395738203957,-0.05596107055961071,0.8925925925925927,0.6637174862350483,0.8925925925925927,-0.7747457206648475,0.4779735682819383,1.0689655172413792,0.41278708876474235,4.125720876585929,0.6205607476635514,-0.37895142636854273,0.37895142636854273,-0.6276276276276277,-0.626375,-0.07599065999999999,-2030275.0,3064105.0
3,0.41700000000000004,0.0291,0.0291,0.0534,0.13531789,2.0211338e-07,7.1997106e-06,0.44670000000000004,0.4078,0.1935,0.0855,0.0239,0.1067,0.33440000000000003,0.41040000000000004,-0.5674362089914945,-0.29454545454545455,-0.0981132075471698,0.8695359784801614,0.737903666217643,0.8695359784801614,-0.7729591836734694,0.5449438202247191,1.0,0.4418604651162791,3.908153701968135,0.5714285714285714,-0.3660933660933661,0.3660933660933661,-0.5912252541466024,-0.7317750000000001,-0.09031871,-2030275.0,3065525.0
2,0.4459,0.029900000000000003,0.0339,0.0536,0.100469165,1.769185e-07,4.8905663e-06,0.4958,0.5042,0.2091,0.08990000000000001,0.0315,0.1042,0.3685,0.46080000000000004,-0.5919299581271412,-0.28383233532934127,-0.036697247706422007,0.8743169398907105,0.7912548776485177,0.8743169398907105,-0.7853853853853855,0.6324626865671642,1.1337792642140467,0.4299378287900526,4.279270633397313,0.5540641312453394,-0.3615267175572519,0.3615267175572519,-0.600400266844563,-0.792125,-0.10345102,-2030275.0,3066945.0
7,0.0852,0.0397,0.027700000000000002,0.037700000000000004,0.09447026,5.3937074e-06,2.121504e-05,0.0747,0.1301,0.0545,0.041600000000000005,0.0449,0.0776,0.068,0.08,-0.18221258134490234,0.025839793281653683,0.2369146005509642,0.3642914331465172,0.15533545466768253,0.3642914331465172,-0.38649308380797387,0.7347480106100795,0.6977329974811084,0.763302752293578,1.0979381443298968,0.32310315430520037,-0.21975662133142448,0.21975662133142448,-0.16271884654994845,-0.07719999999999998,0.01714839,-2030265.0,3068365.0
3,0.3325,0.059000000000000004,0.0465,0.0809,0.10217846,3.4582018e-07,6.01187e-06,0.397,0.4344,0.2117,0.1012,0.0263,0.1332,0.3099,0.3629,-0.4470266575529734,-0.15654038598999281,-0.27747252747252743,0.698595146871009,0.5772752756494113,0.698595146871009,-0.6086115142718918,0.5747836835599506,0.7881355932203389,0.47803495512517713,2.4962462462462462,0.3860561914672217,-0.22197721425946346,0.22197721425946346,-0.40578635014836795,-0.5422500000000001,-0.06273028999999997,-2030265.0,3069785.0
3,0.3322,0.0349,0.0322,0.0688,0.10670957,1.9038617e-07,7.0555657e-06,0.3795,0.393,0.1834,0.08220000000000001,0.0284,0.1218,0.2982,0.34690000000000004,-0.4544012688342586,-0.32690453230472516,-0.06270627062706267,0.8098610732770363,0.6119529266979463,0.8098610732770363,-0.6568578553615959,0.4680232558139535,0.9226361031518624,0.4482006543075246,2.727422003284072,0.5545628589661774,-0.28859581070597357,0.28859581070597357,-0.5136033229491173,-0.5486500000000001,-0.05837730000000001,-2028855.0,3064095.0
2,0.35150000000000003,0.019700000000000002,0.018500000000000003,0.0349,0.084409766,1.2283324e-07,5.3979993e-06,0.3895,0.4041,0.13770000000000002,0.056900000000000006,0.0188,0.0722,0.27490000000000003,0.3561,-0.5955967555040556,-0.27838827838827834,0.008042895442359201,0.8938577586206897,0.6454412261918179,0.8938577586206897,-0.8193581780538303,0.5300859598853869,0.9390862944162437,0.4132171387073348,4.86842105263158,0.5712731229597388,-0.437040065412919,0.437040065412919,-0.6569637259292432,-0.6138250000000001,-0.07467931,-2028855.0,3065515.0
1,0.3079,0.0534,0.0402,0.06670000000000001,0.10795617,3.0745267e-07,7.0302603e-06,0.3331,0.3387,0.1829,0.098,0.0296,0.1037,0.258,0.30710000000000004,-0.46554487179487175,-0.1107410491257286,-0.15186246418338106,0.7044007749792416,0.5399080494422671,0.7044007749792416,-0.6438868126001067,0.6026986506746626,0.7528089887640449,0.5358119190814653,2.969141755062681,0.3201782304264799,-0.25468622656886714,0.25468622656886714,-0.39379379379379376,-0.50475,-0.06746711,-2028855.0,3066935.0
3,0.3879,0.023700000000000002,0.022500000000000003,0.046400000000000004,0.09642855,1.6220808e-07,5.8141513e-06,0.4087,0.4056,0.1559,0.0666,0.019700000000000002,0.0891,0.3069,0.3793,-0.541275333662877,-0.32382310984308127,-0.06635071090047394,0.8848396501457726,0.6949351746428178,0.8848396501457726,-0.7863228183283445,0.4849137931034483,0.949367088607595,0.42719692110327134,4.353535353535354,0.5797872340425532,-0.4266274365575579,0.4266274365575579,-0.6393049730377472,-0.66055,-0.07471218000000002,-2028845.0,3068355.0
3,0.4237,0.0244,0.024900000000000002,0.0483,0.07669261,9.2577935e-08,3.7522025e-06,0.4823,0.42410000000000003,0.1892,0.07780000000000001,0.0199,0.09820000000000001,0.34340000000000004,0.4439,-0.5932631578947368,-0.328748280605227,-0.11160714285714286,0.8910957375585807,0.748075324393682,0.8910957375585807,-0.7953389830508474,0.515527950310559,1.0204918032786885,0.4112050739957717,4.3146639511201625,0.601957585644372,-0.38260727688040463,0.38260727688040463,-0.6289034132171387,-0.7542500000000001,-0.09670514999999998,-2031655.0,3076885.0
2,0.3266,0.024800000000000003,0.025500000000000002,0.044700000000000004,0.14233935,1.0203719e-07,9.638308e-06,0.3567,0.3507,0.1617,0.0719,0.0212,0.081,0.2667,0.3279,-0.5668604651162791,-0.28633093525179854,-0.09207708779443258,0.8588503130335801,0.616516762060507,0.8588503130335801,-0.7592243468893077,0.5704697986577181,1.0282258064516128,0.44465058750773034,4.0320987654320986,0.5311909262759924,-0.3377022322342822,0.3377022322342822,-0.5690730837789661,-0.5772250000000001,-0.07732254,-2030255.0,3071205.0
2,0.4365,0.0263,0.0261,0.0475,0.11921152,1.3039111e-07,6.25406e-06,0.4415,0.41600000000000004,0.17880000000000001,0.0762,0.020300000000000002,0.09290000000000001,0.321,0.4031,-0.5802032699955813,-0.2872628726287263,-0.12499999999999999,0.8863439930855661,0.7614672339208466,0.8863439930855661,-0.8037190082644629,0.5494736842105263,0.9923954372623575,0.4261744966442953,4.698600645855758,0.5587248322147651,-0.4188200877620673,0.4188200877620673,-0.6372323482569455,-0.7590499999999999,-0.09228659,-2030255.0,3072625.0
3,0.27290000000000003,0.055900000000000005,0.0388,0.0621,0.12533315,5.313814e-07,9.297704e-06,0.3206,0.34740000000000004,0.2056,0.10700000000000001,0.0315,0.11380000000000001,0.2398,0.2837,-0.5360478147179679,-0.0525423728813559,-0.10384068278805123,0.6599756690997567,0.47548014878919004,0.6599756690997567,-0.6292537313432837,0.6247987117552335,0.6940966010733453,0.5204280155642024,2.398066783831283,0.34119033588685915,-0.14064785788923725,0.14064785788923725,-0.31352718078381797,-0.49695000000000006,-0.07492842999999999,-2030245.0,3074045.0
2,0.3341,0.0274,0.0256,0.0489,0.104701,1.1311769e-07,7.818413e-06,0.36310000000000003,0.382,0.1685,0.0748,0.0207,0.0993,0.2748,0.3345,-0.5501379944802208,-0.28178243774574047,-0.10583153347732184,0.8484094052558784,0.6183314198239572,0.8484094052558784,-0.7446475195822454,0.523517382413088,0.9343065693430657,0.44391691394658755,3.364551863041289,0.5674822415153906,-0.32948666931953835,0.32948666931953835,-0.5574799740203507,-0.5873499999999999,-0.07045474,-2030245.0,3075465.0
2,0.3111,0.0224,0.0218,0.0402,0.1530652,2.2156834e-07,9.389401e-06,0.3648,0.39680000000000004,0.14850000000000002,0.062400000000000004,0.0211,0.0782,0.2649,0.3322,-0.5739268680445151,-0.28434504792332266,-0.0163170163170163,0.8656671664167918,0.5891965678627145,0.8656671664167918,-0.7711357813834329,0.5422885572139303,0.9732142857142857,0.4202020202020202,3.978260869565217,0.5546719681908548,-0.35378590078328975,0.35378590078328975,-0.5939669619344027,-0.5515000000000001,-0.07074867000000001,-2030235.0,3076885.0
2,0.43110000000000004,0.0164,0.0161,0.0327,0.065744154,6.489456e-08,3.6423999e-06,0.4554,0.4445,0.1567,0.058600000000000006,0.013000000000000001,0.0732,0.318,0.41750000000000004,-0.6546990496304118,-0.33197556008146634,-0.10652920962199308,0.9267039106145251,0.7533984028393966,0.9267039106145251,-0.8589909443725744,0.4923547400611621,0.9817073170731706,0.37396298659859606,5.889344262295082,0.6339285714285715,-0.4668254508336169,0.4668254508336169,-0.7127537342014555,-0.7692000000000001,-0.09479807,-2028835.0,3071195.0
3,0.2985,0.06770000000000001,0.0473,0.075,0.13408156,8.5404514e-07,8.547445e-06,0.3181,0.3325,0.2417,0.14020000000000002,0.0352,0.1405,0.24810000000000001,0.2862,-0.5263656457215031,-0.05115627189908891,-0.14666666666666667,0.6302566903331512,0.5026482462313419,0.6302566903331512,-0.5983935742971886,0.6306666666666667,0.6986706056129984,0.5800579230450973,2.1245551601423482,0.3496637848222862,-0.10514624213254348,0.10514624213254348,-0.2490518331226295,-0.54045,-0.08601528,-2028835.0,3072615.0
2,0.5453,0.024300000000000002,0.0238,0.0465,0.09726226,9.274483e-08,4.1389403e-06,0.5565,0.5097,0.1913,0.078,0.020200000000000003,0.09580000000000001,0.3894,0.516,-0.608915054667788,-0.31355932203389825,-0.08181818181818179,0.9146769662921349,0.8851976728811319,0.9146769662921349,-0.8428523149712741,0.5118279569892473,0.9794238683127572,0.40773653946680605,5.692066805845511,0.5953372189841799,-0.4805864784143361,0.4805864784143361,-0.6952636282394996,-0.9453499999999999,-0.11338859999999999,-2028825.0,3074035.0
3,0.36560000000000004,0.052000000000000005,0.0408,0.0776,0.08429711,1.43677e-07,4.1269986e-06,0.4035,0.43370000000000003,0.2513,0.1236,0.0267,0.1532,0.3143,0.36510000000000004,-0.5281240498631803,-0.19753086419753085,-0.2088888888888889,0.7509578544061303,0.6284631087780695,0.7509578544061303,-0.6498194945848376,0.5257731958762887,0.7846153846153846,0.49184241941902107,2.3864229765013056,0.49317738791423005,-0.1852812449343492,0.1852812449343492,-0.39656357388316155,-0.65965,-0.08758969999999996,-2028825.0,3075455.0
2,0.3549,0.0211,0.0224,0.039900000000000005,0.09738556,1.0469556e-07,6.278979e-06,0.39830000000000004,0.4088,0.15410000000000001,0.06330000000000001,0.0198,0.0758,0.28650000000000003,0.3679,-0.588659793814433,-0.30819672131147546,-0.061611374407582895,0.8877659574468084,0.6594213932242101,0.8877659574468084,-0.7978723404255319,0.5614035087719298,1.0616113744075828,0.4107722258273848,4.6820580474934035,0.564499484004128,-0.39449901768172885,0.39449901768172885,-0.6343946285466752,-0.6255250000000001,-0.08049656,-2030285.0,3062685.0
3,0.23440000000000003,0.0291,0.023700000000000002,0.040400000000000005,0.09277183,4.5678019e-07,8.217253e-06,0.25,0.2944,0.16160000000000002,0.0833,0.0287,0.0779,0.1918,0.22610000000000002,-0.6000000000000001,-0.162589928057554,0.09541984732824423,0.7791271347248578,0.45230456852791884,0.7791271347248578,-0.7059679767103347,0.5866336633663366,0.8144329896907218,0.5154702970297029,3.008985879332478,0.45607476635514016,-0.18383838383838383,0.18383838383838383,-0.3932523616734144,-0.44847500000000007,-0.07300731000000002,-2028875.0,3058415.0
2,0.393,0.0219,0.024800000000000003,0.049300000000000004,0.11131538,9.953379e-08,6.476519e-06,0.42160000000000003,0.42400000000000004,0.15480000000000002,0.062200000000000005,0.0211,0.0951,0.3054,0.38270000000000004,-0.5169034786869181,-0.38483146067415736,-0.08061002178649242,0.8944323933477948,0.7177226539151226,0.8944323933477948,-0.7770743839023287,0.5030425963488844,1.132420091324201,0.4018087855297157,4.132492113564669,0.6256410256410256,-0.43483023001095283,0.43483023001095283,-0.6648734807730623,-0.6581000000000001,-0.07037406,-2028875.0,3059835.0
2,0.3065,0.0228,0.024900000000000002,0.045000000000000005,0.06934121,5.3942202e-08,4.605786e-06,0.3371,0.3341,0.152,0.0623,0.020800000000000003,0.08020000000000001,0.2499,0.30720000000000003,-0.5431472081218273,-0.32743362831858414,-0.0897155361050328,0.8615244457941088,0.5916597031554653,0.8615244457941088,-0.7439544807965861,0.5533333333333333,1.0921052631578947,0.4098684210526316,3.8216957605985034,0.5572815533980583,-0.33696837513631406,0.33696837513631406,-0.5913565426170467,-0.534775,-0.06703379999999999,-2028865.0,3061255.0
3,0.3501,0.038,0.0335,0.059800000000000006,0.15099888,1.7420649e-07,8.295454e-06,0.39580000000000004,0.38930000000000003,0.20770000000000002,0.09910000000000001,0.0251,0.11270000000000001,0.30310000000000004,0.35860000000000003,-0.5528971962616823,-0.22290388548057266,-0.14334470989761094,0.8041741819118785,0.6310057655349135,0.8041741819118785,-0.7082215174432788,0.560200668896321,0.8815789473684211,0.477130476649013,3.106477373558119,0.49568679495686807,-0.25528863391896733,0.25528863391896733,-0.4734011907048205,-0.6289250000000001,-0.08717280000000001,-2028865.0,3062675.0
3,0.3759,0.022600000000000002,0.023,0.049600000000000005,0.07200135,9.141564e-08,4.671768e-06,0.4096,0.3789,0.1681,0.0697,0.0199,0.0942,0.3118,0.38280000000000003,-0.5443270555810749,-0.3739612188365651,-0.07226107226107223,0.8865746549560852,0.6849514563106798,0.8865746549560852,-0.7668625146886018,0.46370967741935476,1.0176991150442476,0.4146341463414634,3.990445859872611,0.6130136986301369,-0.38198529411764703,0.38198529411764703,-0.624185667752443,-0.651575,-0.0765514,-2027455.0,3058415.0
3,0.47040000000000004,0.0235,0.0205,0.0446,0.07262249,1.01915e-07,3.814663e-06,0.4879,0.39330000000000004,0.1553,0.059000000000000004,0.019200000000000002,0.0921,0.3554,0.4516,-0.5537768884442221,-0.30983847283406757,-0.03274559193954658,0.9048390362421542,0.7906561931876651,0.9048390362421542,-0.8267961165048545,0.45964125560538116,0.8723404255319149,0.3799098518995493,5.107491856677525,0.5934256055363321,-0.5035959725107879,0.5035959725107879,-0.7122427624694804,-0.7918,-0.08047298,-2027455.0,3059835.0
2,0.3446,0.0268,0.024900000000000002,0.0499,0.08409724,1.5807151e-07,5.2171526e-06,0.3442,0.3896,0.1658,0.0724,0.0195,0.083,0.2477,0.3144,-0.5373203523412147,-0.3011734028683181,-0.12162162162162166,0.8556812062466345,0.6329958669851742,0.8556812062466345,-0.74702154626109,0.498997995991984,0.9291044776119404,0.43667068757539207,4.151807228915662,0.51183970856102,-0.35031347962382453,0.35031347962382453,-0.5767015148282483,-0.59785,-0.07866704999999999,-2027445.0,3061255.0
3,0.27030000000000004,0.0708,0.057800000000000004,0.0862,0.11701482,6.111264e-07,7.717464e-06,0.3073,0.3411,0.2247,0.1321,0.048600000000000004,0.1364,0.24230000000000002,0.276,-0.44548086201350917,-0.09808917197452227,-0.08646616541353383,0.5848724714160071,0.4795101458465441,0.5848724714160071,-0.5164095371669005,0.6705336426914154,0.8163841807909605,0.5878949710725411,1.9816715542521999,0.3166023166023166,-0.09212121212121217,0.09212121212121217,-0.23578154425612063,-0.4361750000000001,-0.06736850999999999,-2038745.0,3081175.0
2,0.385,0.031,0.030500000000000003,0.0614,0.08230714,7.091462e-08,4.817369e-06,0.43110000000000004,0.4373,0.1967,0.0876,0.0284,0.1114,0.31980000000000003,0.4038,-0.5242154203796978,-0.329004329004329,-0.03565365025466895,0.8509615384615383,0.6939839821195753,0.8509615384615383,-0.724910394265233,0.496742671009772,0.9838709677419356,0.4453482460599898,3.4560143626570916,0.5646067415730337,-0.3237063778580024,0.3237063778580024,-0.5558884104100357,-0.66665,-0.08426554,-2037335.0,3078325.0
3,0.4781,0.0313,0.0358,0.0608,0.08719104,1.1619925e-07,4.6787354e-06,0.49400000000000005,0.45170000000000005,0.1937,0.0854,0.0345,0.1076,0.3665,0.461,-0.5222003929273085,-0.32030401737242126,-0.018492176386913167,0.8771103258735767,0.8329397452411621,0.8771103258735767,-0.7743551679346817,0.5888157894736842,1.1437699680511182,0.4408879710893134,4.443308550185874,0.5493160547156228,-0.42334027984519196,0.42334027984519196,-0.6298763082778306,-0.7985500000000001,-0.09259678999999998,-2037325.0,3079745.0
2,0.4364,0.024800000000000003,0.029400000000000003,0.056100000000000004,0.08160834,8.041859e-08,4.498352e-06,0.4852,0.4567,0.1961,0.081,0.0354,0.11220000000000001,0.3514,0.44010000000000005,-0.5551149881046789,-0.38689740420271945,0.09259259259259257,0.8924544666088465,0.7812706089250385,0.8924544666088465,-0.7721827411167513,0.5240641711229946,1.185483870967742,0.41305456399796026,3.889483065953654,0.637956204379562,-0.37992094861660075,0.37992094861660075,-0.6298110566829951,-0.75885,-0.09029513,-2037325.0,3081165.0
3,0.4146,0.0396,0.0356,0.0745,0.07470991,6.777644e-08,3.7122863e-06,0.45270000000000005,0.48190000000000005,0.20650000000000002,0.0944,0.0351,0.1393,0.3491,0.4152,-0.4697508896797153,-0.305872042068361,-0.007072135785007079,0.8256274768824305,0.7196794686687842,0.8256274768824305,-0.6953588223267225,0.4778523489932886,0.8989898989898989,0.4571428571428571,2.976310122038765,0.5572945779765233,-0.33505071647077767,0.33505071647077767,-0.5412529955494694,-0.6862,-0.07121122999999999,-2035915.0,3078325.0
3,0.3891,0.0275,0.029500000000000002,0.061000000000000006,0.08613175,6.451309e-08,5.444819e-06,0.3902,0.393,0.1778,0.0761,0.0292,0.1096,0.303,0.3583,-0.4891122278056952,-0.3785310734463277,-0.005110732538330522,0.8679788766202592,0.7091945830363506,0.8679788766202592,-0.7289491224172406,0.48360655737704916,1.0727272727272728,0.4280089988751406,3.5501824817518246,0.5988329686360322,-0.3727288763450344,0.3727288763450344,-0.6032171581769438,-0.6493249999999999,-0.06932780999999998,-2035905.0,3079745.0
2,0.3889,0.0252,0.027700000000000002,0.05,0.111667536,1.13189216e-07,6.411853e-06,0.39280000000000004,0.4318,0.1531,0.06670000000000001,0.0275,0.0833,0.27590000000000003,0.3579,-0.5076317085179715,-0.3297872340425532,-0.0036231884057971423,0.8782902680511954,0.7108117236461892,0.8782902680511954,-0.772157666894509,0.554,1.0992063492063493,0.4356629653821032,4.668667466986795,0.535483870967742,-0.4350553505535055,0.4350553505535055,-0.638544739429695,-0.6436250000000001,-0.07615776999999999,-2035905.0,3081165.0
2,0.44970000000000004,0.0323,0.0354,0.0641,0.103218794,9.823143e-08,5.887768e-06,0.4665,0.45180000000000003,0.17850000000000002,0.0828,0.0345,0.1082,0.35550000000000004,0.4345,-0.47155812036273703,-0.32987551867219916,-0.012875536480686666,0.8659751037344399,0.7924165457184326,0.8659751037344399,-0.7504865706500584,0.5522620904836193,1.0959752321981424,0.46386554621848736,4.1561922365988915,0.5402135231316725,-0.43170964660936,0.43170964660936,-0.6164611796067977,-0.7259500000000001,-0.07887099000000002,-2034495.0,3078315.0
2,0.4499,0.0381,0.0388,0.0711,0.10851355,9.640753e-08,5.504263e-06,0.46940000000000004,0.4582,0.1967,0.09090000000000001,0.035500000000000004,0.1267,0.3617,0.43260000000000004,-0.46900672143390587,-0.3021978021978022,-0.044414535666217995,0.8438524590163934,0.7831711711711712,0.8438524590163934,-0.727063339731286,0.5457102672292546,1.0183727034120735,0.4621250635485511,3.5509076558800317,0.537621359223301,-0.3915867615218063,0.3915867615218063,-0.5823215152986887,-0.7306250000000001,-0.07631458999999999,-2034485.0,3079735.0
2,0.2676,0.0167,0.0235,0.0362,0.17572506,2.4651885e-07,1.4407035e-05,0.33,0.4027,0.1212,0.051500000000000004,0.027,0.0702,0.2353,0.2959,-0.5400254129606098,-0.3686200378071834,0.0693069306930693,0.8825184664087232,0.547438210733918,0.8825184664087232,-0.7616853192890058,0.649171270718232,1.407185628742515,0.4249174917491749,3.811965811965812,0.6156501726121979,-0.37654320987654316,0.37654320987654316,-0.6203729473977178,-0.4563250000000001,-0.05576943,-2034485.0,3081155.0
2,0.2695,0.0164,0.0195,0.032600000000000004,0.04087305,3.148019e-08,3.236334e-06,0.32180000000000003,0.324,0.12990000000000002,0.0529,0.020800000000000003,0.0693,0.23290000000000002,0.2906,-0.5987692307692307,-0.3306122448979592,0.032258064516129094,0.8852745715285063,0.5380837392051735,0.8852745715285063,-0.7841774246938099,0.5981595092024539,1.1890243902439024,0.40723633564280215,3.8888888888888893,0.6172695449241541,-0.34952428642964445,0.34952428642964445,-0.6131733184482278,-0.484875,-0.06195855,-2037275.0,3093955.0
2,0.339,0.0201,0.0228,0.046200000000000005,0.05309625,6.286502e-08,3.685209e-06,0.3841,0.35500000000000004,0.1298,0.0523,0.0217,0.0872,0.2823,0.3518,-0.475,-0.3936651583710408,-0.024719101123595513,0.8880534670008354,0.6420921930777589,0.8880534670008354,-0.7601246105919003,0.49350649350649345,1.1343283582089552,0.4029275808936826,3.887614678899083,0.6253494874184529,-0.44624573378839594,0.44624573378839594,-0.6665131275909718,-0.551825,-0.05411668999999998,-2035875.0,3089685.0
2,0.38830000000000003,0.0303,0.0323,0.0563,0.068678595,6.3097474e-08,4.5935926e-06,0.4122,0.374,0.1461,0.0655,0.029400000000000003,0.10160000000000001,0.3022,0.37570000000000003,-0.44367588932806323,-0.3002309468822171,-0.04700162074554294,0.8552317247969422,0.7082501788605642,0.8552317247969422,-0.7467386414754835,0.5737122557726465,1.0660066006600661,0.4483230663928816,3.8218503937007875,0.5405610310841547,-0.45321856287425155,0.45321856287425155,-0.6289697908597988,-0.6121749999999999,-0.057902669999999976,-2035865.0,3091105.0
2,0.30110000000000003,0.0363,0.0388,0.057,0.12336998,4.436314e-07,9.513326e-06,0.3638,0.4257,0.1647,0.08220000000000001,0.0475,0.1042,0.2706,0.32930000000000004,-0.48579161028416784,-0.2218649517684888,0.10081112398609501,0.7848251333728512,0.5834758530824986,0.7848251333728512,-0.6816531695057247,0.6807017543859649,1.068870523415978,0.4990892531876139,2.889635316698657,0.4832740213523131,-0.29282954057535426,0.29282954057535426,-0.48298429319371733,-0.4968500000000001,-0.059935389999999984,-2035855.0,3092525.0
2,0.3483,0.025900000000000003,0.0285,0.0505,0.056521952,6.0302014e-08,3.4359123e-06,0.36760000000000004,0.3438,0.1322,0.0557,0.0258,0.08750000000000001,0.26380000000000003,0.331,-0.44718117131910234,-0.3219895287958115,-0.04972375690607737,0.8615713522180654,0.6549478661963641,0.8615713522180654,-0.746740220661986,0.5643564356435643,1.1003861003861004,0.4213313161875945,3.980571428571428,0.5432098765432098,-0.44973985431841823,0.44973985431841823,-0.643979057591623,-0.5520750000000001,-0.05381619999999997,-2035855.0,3093945.0
2,0.3383,0.033800000000000004,0.037000000000000005,0.0575,0.090729944,1.8755495e-07,6.9264597e-06,0.3528,0.3279,0.1429,0.0679,0.0352,0.0926,0.25980000000000003,0.3176,-0.4261477045908184,-0.2595837897042716,-0.02493074792243771,0.8183284063423811,0.6425688509021842,0.8183284063423811,-0.7094492167761496,0.6434782608695653,1.0946745562130178,0.47515745276417076,3.6533477321814254,0.46518987341772144,-0.40606816292601833,0.40606816292601833,-0.5735849056603773,-0.5240750000000001,-0.05383289,-2035845.0,3095365.0
2,0.34290000000000004,0.0257,0.0273,0.051500000000000004,0.06519677,7.995665e-08,4.608322e-06,0.3783,0.35760000000000003,0.1438,0.06430000000000001,0.0216,0.09670000000000001,0.2801,0.3428,-0.4726062467997951,-0.33419689119170987,-0.11656441717791412,0.8605534454693434,0.6434402445158046,0.8605534454693434,-0.738843813387424,0.5300970873786408,1.0622568093385214,0.4471488178025035,3.5460186142709413,0.5800653594771242,-0.40908156975549625,0.40908156975549625,-0.6088657105606258,-0.5579250000000001,-0.05750444000000002,-2034455.0,3089675.0
2,0.3925,0.023700000000000002,0.0296,0.054200000000000005,0.05696064,7.42197e-08,3.2065116e-06,0.3794,0.34600000000000003,0.1492,0.0629,0.025,0.0872,0.2751,0.34400000000000003,-0.4670599803343166,-0.39152759948652116,-0.08424908424908424,0.8861124459394522,0.7294507503618497,0.8861124459394522,-0.7573315424222072,0.5461254612546125,1.2489451476793247,0.4215817694369973,4.501146788990826,0.5725879170423805,-0.44914159128669,0.44914159128669,-0.6595242775702772,-0.6317250000000001,-0.06810716,-2034445.0,3091095.0
2,0.3367,0.029500000000000002,0.0284,0.051000000000000004,0.069055505,7.798076e-08,4.4352537e-06,0.3637,0.37570000000000003,0.1416,0.062,0.0279,0.0913,0.26480000000000004,0.32730000000000004,-0.470404984423676,-0.2670807453416149,-0.008880994671403205,0.8388858547241943,0.6244714384562159,0.8388858547241943,-0.7369099819448027,0.5568627450980392,0.9627118644067797,0.43785310734463273,3.687842278203724,0.5115894039735099,-0.40790298975538364,0.40790298975538364,-0.5992115637319315,-0.54605,-0.05617139999999999,-2034435.0,3092515.0
2,0.31570000000000004,0.029400000000000003,0.034800000000000005,0.055,0.088809974,1.5078187e-07,6.193188e-06,0.33740000000000003,0.3325,0.1253,0.054900000000000004,0.027700000000000002,0.0864,0.2495,0.3084,-0.38990571270105384,-0.30331753554502366,-0.11360000000000003,0.8296146044624748,0.6172122492080254,0.8296146044624748,-0.7032640949554897,0.6327272727272728,1.183673469387755,0.438148443735036,3.6539351851851856,0.49222797927461137,-0.43174603174603177,0.43174603174603177,-0.6122355105795767,-0.4754750000000001,-0.042971570000000014,-2034435.0,3093935.0
2,0.33740000000000003,0.022500000000000003,0.0253,0.046900000000000004,0.069637746,7.020235e-08,4.721402e-06,0.3502,0.343,0.1418,0.059000000000000004,0.0263,0.0852,0.26080000000000003,0.32080000000000003,-0.5029146793852677,-0.3515850144092219,0.019379844961240327,0.8749652681300361,0.6400810821346432,0.8749652681300361,-0.75591985428051,0.5394456289978677,1.1244444444444444,0.41607898448519043,3.9600938967136154,0.5821727019498606,-0.4081803005008347,0.4081803005008347,-0.6330481764970733,-0.5615000000000001,-0.06035564000000002,-2037245.0,3099635.0
2,0.2947,0.0244,0.0281,0.0468,0.074592635,1.14691254e-07,6.957845e-06,0.306,0.2859,0.1258,0.0548,0.0287,0.07780000000000001,0.21960000000000002,0.27140000000000003,-0.45770567786790256,-0.3146067415730337,0.010563380281690137,0.8470698840488876,0.5789815906042995,0.8470698840488876,-0.7259150805270863,0.6004273504273504,1.151639344262295,0.43561208267090623,3.787917737789203,0.522504892367906,-0.4016646848989299,0.4016646848989299,-0.6059701492537314,-0.47194999999999987,-0.050411729999999974,-2037245.0,3101055.0
2,0.3685,0.0268,0.0333,0.0557,0.08752547,9.111762e-08,5.871436e-06,0.3734,0.3488,0.1607,0.0718,0.030100000000000002,0.093,0.2808,0.3378,-0.48521256931608137,-0.3503030303030303,-0.05047318611987383,0.864406779661017,0.6990348169278262,0.864406779661017,-0.7373880245167372,0.5978456014362658,1.242537313432836,0.44679527069072805,3.9623655913978495,0.5525876460767946,-0.39266817838246404,0.39266817838246404,-0.6059152677857714,-0.6033000000000001,-0.06893473,-2037235.0,3102475.0
2,0.233,0.019700000000000002,0.023,0.038400000000000004,0.047528543,8.7314845e-08,5.254351e-06,0.2482,0.2856,0.0978,0.0425,0.0233,0.0644,0.1772,0.2177,-0.43612334801762115,-0.3218588640275387,0.006479481641468718,0.8440838939453897,0.47747518452532445,0.8440838939453897,-0.7170228445099484,0.5989583333333333,1.16751269035533,0.43456032719836407,3.618012422360249,0.5315101070154576,-0.4087061668681984,0.4087061668681984,-0.6090509113764927,-0.366575,-0.03690508000000001,-2035845.0,3096785.0
2,0.3536,0.0431,0.0454,0.06720000000000001,0.121510044,3.9262176e-07,8.376084e-06,0.34800000000000003,0.34540000000000004,0.1466,0.0734,0.0415,0.1014,0.2595,0.3134,-0.3713751169317118,-0.21849501359927478,-0.04487917146144995,0.7827073355180236,0.661240858693088,0.7827073355180236,-0.6806083650190112,0.675595238095238,1.0533642691415315,0.5006821282401092,3.4871794871794872,0.4034602076124567,-0.41383446621351466,0.41383446621351466,-0.548011639185257,-0.51855,-0.047244480000000005,-2035835.0,3098205.0
2,0.32080000000000003,0.04,0.0444,0.0631,0.15187718,3.1758546e-07,1.29438795e-05,0.35150000000000003,0.3739,0.1467,0.0738,0.0528,0.1043,0.2605,0.3095,-0.3984747378455672,-0.22405431619786617,0.08641975308641972,0.7782705099778272,0.6206222511809741,0.7782705099778272,-0.6712685595207086,0.7036450079239303,1.11,0.5030674846625768,3.0757430488974116,0.44559944559944553,-0.3724064171122995,0.3724064171122995,-0.5248434237995825,-0.4806500000000001,-0.04518064999999999,-2035825.0,3099625.0
2,0.3461,0.0207,0.0236,0.0434,0.09275379,8.62956e-08,6.014222e-06,0.3846,0.3875,0.136,0.0563,0.0256,0.08600000000000001,0.2777,0.3487,-0.516164994425864,-0.3541341653666147,0.040650406504065074,0.8871319520174482,0.6530194077166936,0.8871319520174482,-0.7771501925545572,0.543778801843318,1.1400966183574879,0.4139705882352941,4.024418604651163,0.611996251171509,-0.43580170089193115,0.43580170089193115,-0.6552496082381911,-0.5769750000000001,-0.06102627000000002,-2035825.0,3101045.0
2,0.3104,0.0221,0.0247,0.0429,0.05531093,4.9912927e-08,3.6427657e-06,0.34590000000000004,0.3254,0.12840000000000001,0.0543,0.024,0.0816,0.2485,0.30660000000000004,-0.4991243432574432,-0.31999999999999995,-0.014373716632443516,0.8670676691729323,0.5994036970781156,0.8670676691729323,-0.7571469006510049,0.5757575757575757,1.1176470588235292,0.4228971962616822,3.803921568627451,0.5737704918032787,-0.41476754785779396,0.41476754785779396,-0.6286755771567437,-0.512675,-0.05457393000000001,-2035815.0,3102465.0
2,0.3074,0.027700000000000002,0.031,0.0499,0.107652634,1.4030933e-07,8.700975e-06,0.31320000000000003,0.3241,0.13470000000000001,0.0584,0.028900000000000002,0.0815,0.2321,0.27940000000000004,-0.45937161430119183,-0.2860824742268041,-0.03505843071786307,0.8346762160549089,0.5968898557731044,0.8346762160549089,-0.7206828995242094,0.6212424849699398,1.1191335740072201,0.4335560504825538,3.7717791411042945,0.49267399267399264,-0.39063560280479526,0.39063560280479526,-0.5943462897526501,-0.4928000000000002,-0.05210024000000001,-2034425.0,3096775.0
2,0.3024,0.021,0.024,0.041800000000000004,0.054782365,9.186566e-08,3.985992e-06,0.34,0.3541,0.1226,0.0504,0.026600000000000002,0.083,0.2489,0.30760000000000004,-0.49148418491484186,-0.33121019108280253,0.05138339920948619,0.87012987012987,0.5887536046139058,0.87012987012987,-0.7571179546775131,0.5741626794258373,1.1428571428571428,0.4110929853181077,3.6433734939759033,0.5961538461538461,-0.4230588235294118,0.4230588235294118,-0.641025641025641,-0.4964,-0.048344349999999994,-2034415.0,3098195.0
2,0.2381,0.019200000000000002,0.0229,0.034800000000000005,0.08234911,2.039343e-07,6.87372e-06,0.2797,0.368,0.11760000000000001,0.049800000000000004,0.022600000000000002,0.0655,0.19410000000000002,0.2444,-0.5433070866141733,-0.2888888888888889,-0.0065934065934065535,0.8507578701904391,0.4875375565993822,0.8507578701904391,-0.7449615243679003,0.6580459770114941,1.1927083333333333,0.423469387755102,3.635114503816794,0.5466351829988194,-0.33876862524599377,0.33876862524599377,-0.5818181818181818,-0.4112,-0.05214004000000001,-2035885.0,3086845.0
2,0.39580000000000004,0.0267,0.029300000000000003,0.0587,0.059802994,9.074807e-08,3.345074e-06,0.4237,0.40490000000000004,0.1544,0.06570000000000001,0.0251,0.09960000000000001,0.3145,0.3854,-0.44908493664946036,-0.37470725995316156,-0.07720588235294121,0.8736094674556213,0.7205238540692236,0.8736094674556213,-0.7416941694169418,0.49914821124361164,1.097378277153558,0.4255181347150259,3.9738955823293174,0.5771971496437054,-0.43874954561977464,0.43874954561977464,-0.6428985507246375,-0.632825,-0.06407423999999998,-2035875.0,3088265.0
2,0.4168,0.0223,0.025900000000000003,0.0489,0.09762392,1.06200574e-07,5.9152094e-06,0.43920000000000003,0.4324,0.13870000000000002,0.056400000000000006,0.026500000000000003,0.0893,0.3098,0.3997,-0.478678038379531,-0.3735955056179775,0.01145038167938931,0.8984286039626509,0.7517971025177868,0.8984286039626509,-0.7899935580846038,0.5296523517382414,1.1614349775784754,0.40663302090843545,4.667413213885778,0.6003584229390682,-0.5006300630063006,0.5006300630063006,-0.698120444955888,-0.671,-0.06689794999999998,-2034475.0,3082575.0
2,0.33740000000000003,0.0251,0.0281,0.0502,0.12661554,9.5337626e-08,8.969158e-06,0.35700000000000004,0.3653,0.1303,0.056600000000000004,0.0281,0.0847,0.2596,0.32330000000000003,-0.4437673130193906,-0.3333333333333333,0.0,0.8615172413793103,0.6407516147974164,0.8615172413793103,-0.740970072239422,0.5597609561752988,1.1195219123505975,0.434382194934766,3.983471074380166,0.5428051001821493,-0.44280521701945696,0.44280521701945696,-0.6346153846153847,-0.5338,-0.053490369999999995,-2034475.0,3083995.0
2,0.325,0.0247,0.0279,0.0478,0.15180175,1.403451e-07,1.1869627e-05,0.37170000000000003,0.40340000000000004,0.14,0.0596,0.0297,0.091,0.2646,0.3282,-0.49094781682641103,-0.31862068965517243,0.031249999999999993,0.8587360594795539,0.6232841488982951,0.8587360594795539,-0.7435622317596566,0.5836820083682008,1.1295546558704455,0.42571428571428566,3.5714285714285716,0.5730337078651685,-0.3978494623655914,0.3978494623655914,-0.6143641354071364,-0.5352,-0.056852530000000005,-2034465.0,3085415.0
2,0.385,0.025500000000000002,0.028,0.0534,0.11918309,9.047985e-08,7.760568e-06,0.39930000000000004,0.3914,0.139,0.059000000000000004,0.026500000000000003,0.0966,0.29550000000000004,0.3645,-0.44490644490644493,-0.35361216730038025,-0.02752293577981647,0.8757612667478684,0.7055722891566265,0.8757612667478684,-0.7563868613138686,0.5243445692883895,1.0980392156862744,0.42446043165467623,3.9855072463768115,0.5823095823095822,-0.4694656488549618,0.4694656488549618,-0.6603015075376883,-0.60975,-0.055946059999999985,-2034465.0,3086835.0
2,0.30760000000000004,0.0236,0.0261,0.047400000000000005,0.12993786,2.4427771e-07,9.8056735e-06,0.3047,0.3617,0.10700000000000001,0.048600000000000004,0.026000000000000002,0.0732,0.21910000000000002,0.2775,-0.38601036269430056,-0.33521126760563386,-0.0019193857965450938,0.8574879227053139,0.5946786868243649,0.8574879227053139,-0.7329577464788732,0.550632911392405,1.1059322033898307,0.4542056074766355,4.202185792349727,0.5123966942148761,-0.48383984563434634,0.48383984563434634,-0.6442473515644248,-0.4651500000000001,-0.043186140000000026,-2034455.0,3088255.0
2,0.3473,0.037000000000000005,0.038700000000000005,0.061500000000000006,0.103043355,1.9952058e-07,8.423348e-06,0.3683,0.3785,0.1429,0.0719,0.0369,0.10200000000000001,0.2737,0.3345,-0.39823874755381605,-0.24873096446700507,-0.02380952380952385,0.8074421025240699,0.6498964074899338,0.8074421025240699,-0.699119373776908,0.6292682926829268,1.045945945945946,0.503149055283415,3.4049019607843136,0.4676258992805755,-0.4169726642186863,0.4169726642186863,-0.5599110931501313,-0.524875,-0.04962121999999997,-2033055.0,3082575.0
2,0.39380000000000004,0.0258,0.0297,0.0543,0.08322983,4.5233964e-08,5.1890306e-06,0.4319,0.3921,0.1676,0.07390000000000001,0.0247,0.096,0.30860000000000004,0.3905,-0.5105903560162236,-0.35580524344569286,-0.09191176470588236,0.8770257387988561,0.723083305049591,0.8770257387988561,-0.7576433831733987,0.5469613259668509,1.1511627906976745,0.44093078758949883,4.102083333333334,0.5763546798029556,-0.4029212682579267,0.4029212682579267,-0.6188837920489296,-0.6581750000000001,-0.07920854,-2033055.0,3083995.0
2,0.42000000000000004,0.027100000000000003,0.0313,0.060200000000000004,0.08561485,1.705706e-07,5.135644e-06,0.41590000000000005,0.3669,0.1486,0.06430000000000001,0.0269,0.1017,0.303,0.37620000000000003,-0.42337164750957856,-0.3791523482245132,-0.07560137457044676,0.8787743234175799,0.7589123418778055,0.8787743234175799,-0.7492711370262389,0.5199335548172758,1.154981549815498,0.4327052489905788,4.129793510324484,0.5791925465838509,-0.47731269785437924,0.47731269785437924,-0.6631656532154043,-0.655025,-0.06134421,-2033045.0,3085415.0
2,0.3642,0.0286,0.0308,0.0531,0.07296571,8.554756e-08,4.249421e-06,0.41650000000000004,0.38280000000000003,0.165,0.0751,0.0296,0.1023,0.3063,0.3778,-0.5130674002751031,-0.2998776009791922,-0.019867549668874166,0.8543788187372708,0.6758890251379521,0.8543788187372708,-0.7455068296189793,0.5800376647834276,1.0769230769230769,0.45515151515151514,3.560117302052786,0.5630252100840335,-0.3764172335600907,0.3764172335600907,-0.5841187086424704,-0.6114750000000001,-0.07028895999999998,-2034405.0,3099615.0
2,0.31620000000000004,0.023,0.023200000000000002,0.0438,0.07415063,6.603599e-08,4.7619887e-06,0.3592,0.3518,0.1311,0.0587,0.0233,0.0835,0.2571,0.3219,-0.4991423670668953,-0.31137724550898205,0.002150537634408589,0.8643867924528301,0.5995157006717701,0.8643867924528301,-0.7566666666666667,0.5296803652968037,1.0086956521739132,0.44774980930587344,3.7868263473053894,0.568075117370892,-0.41381623071763923,0.41381623071763923,-0.6119686535264783,-0.523575,-0.05798360999999998,-2034405.0,3101035.0
2,0.3153,0.0275,0.0304,0.0494,0.07401988,1.0111928e-07,4.797123e-06,0.3572,0.3418,0.1469,0.06420000000000001,0.031100000000000003,0.0898,0.2599,0.32120000000000004,-0.49668874172185434,-0.2847854356306892,0.011382113821138256,0.8395565927654608,0.6074822326918471,0.8395565927654608,-0.7290924047162051,0.6153846153846154,1.1054545454545455,0.4370319945541185,3.5111358574610247,0.5311167945439046,-0.36434443963652097,0.36434443963652097,-0.5807041609510746,-0.52335,-0.05897867,-2034395.0,3102455.0
2,0.2536,0.0227,0.0264,0.0414,0.072708055,1.1991858e-07,6.156693e-06,0.3014,0.30210000000000004,0.1416,0.061900000000000004,0.0264,0.0818,0.2263,0.27490000000000003,-0.5475409836065575,-0.29173166926677063,0.0,0.8356858487151647,0.5129216311461654,0.8356858487151647,-0.7193220338983051,0.6376811594202899,1.1629955947136563,0.43714689265536727,3.100244498777506,0.5655502392344498,-0.28340080971659914,0.28340080971659914,-0.5359297860669225,-0.44742499999999996,-0.05623208000000001,-2032995.0,3096775.0
2,0.3408,0.0244,0.026500000000000003,0.0475,0.10065409,7.948875e-08,6.3609004e-06,0.38070000000000004,0.368,0.1231,0.051800000000000006,0.027800000000000002,0.0926,0.2778,0.34340000000000004,-0.44314185228604924,-0.32127955493741306,0.02394106813996315,0.8663745892661556,0.6423221700492839,0.8663745892661556,-0.7553438063353078,0.5578947368421053,1.0860655737704918,0.42079610073111295,3.6803455723542116,0.5829059829059828,-0.4692821728820867,0.4692821728820867,-0.656369785794814,-0.53765,-0.04596547999999999,-2032995.0,3098195.0
2,0.3335,0.024800000000000003,0.0262,0.0488,0.07108427,7.4249506e-08,5.14784e-06,0.3592,0.3508,0.1228,0.051000000000000004,0.024300000000000002,0.0879,0.26080000000000003,0.32180000000000003,-0.4312354312354313,-0.32608695652173914,-0.0376237623762376,0.8615685180016747,0.6291413905739617,0.8615685180016747,-0.7447031127386868,0.5368852459016393,1.0564516129032258,0.4153094462540717,3.7940841865756543,0.5598935226264419,-0.46175761560376943,0.46175761560376943,-0.6518943742824341,-0.5235,-0.046428340000000005,-2032985.0,3099615.0
2,0.2801,0.019700000000000002,0.0216,0.0378,0.069849156,6.895065e-08,5.28083e-06,0.3194,0.33630000000000004,0.12480000000000001,0.0521,0.025400000000000002,0.07930000000000001,0.2305,0.2818,-0.5350553505535055,-0.3147826086956521,0.08085106382978727,0.8685790527018012,0.5504731861198738,0.8685790527018012,-0.7621893677256999,0.5714285714285715,1.0964467005076142,0.4174679487179487,3.532156368221942,0.602020202020202,-0.38355149419609774,0.38355149419609774,-0.615528781793842,-0.4782250000000001,-0.05194631999999999,-2032985.0,3101035.0
2,0.3755,0.055900000000000005,0.056100000000000004,0.0804,0.17790757,6.2171813e-07,1.0310542e-05,0.4294,0.4001,0.20170000000000002,0.10840000000000001,0.053200000000000004,0.13340000000000002,0.32130000000000003,0.3869,-0.42998936547323646,-0.17975055025678646,-0.026532479414455624,0.7408437644877144,0.6843002751618028,0.7408437644877144,-0.6472910726036413,0.6977611940298508,1.003577817531306,0.5374318294496777,2.8148425787106444,0.4094030639197042,-0.30110880110880106,0.30110880110880106,-0.4485651955026011,-0.5816000000000001,-0.06703289999999998,-2032975.0,3102455.0
2,0.33080000000000004,0.039900000000000005,0.042,0.060700000000000004,0.13021454,2.5342106e-07,9.865571e-06,0.3815,0.36810000000000004,0.1511,0.0746,0.040400000000000005,0.10490000000000001,0.28,0.3461,-0.42681775259678945,-0.2067594433399602,-0.019417475728155307,0.7847315888858917,0.6270713830465264,0.7847315888858917,-0.6899106002554277,0.6919275123558485,1.0526315789473684,0.4937127729980145,3.1534795042898,0.4488950276243094,-0.37289894168914717,0.37289894168914717,-0.5300636158423969,-0.5104500000000002,-0.05122337999999999,-2031585.0,3096765.0
2,0.3448,0.0297,0.031900000000000005,0.056100000000000004,0.08928356,6.16312e-08,6.198665e-06,0.3629,0.3668,0.1418,0.0632,0.0327,0.096,0.2697,0.3262,-0.4330469934310257,-0.3076923076923077,0.012383900928792494,0.841388518024032,0.6483349561830575,0.841388518024032,-0.7201297081566476,0.5686274509803922,1.0740740740740742,0.4456981664315938,3.5916666666666663,0.5274463007159904,-0.41718043567611995,0.41718043567611995,-0.6043441226575808,-0.5419499999999999,-0.052027259999999985,-2031575.0,3098185.0
2,0.33990000000000004,0.0268,0.024800000000000003,0.0553,0.06782766,4.8983097e-08,4.4984445e-06,0.3438,0.32070000000000004,0.1317,0.057,0.0211,0.0971,0.2577,0.30660000000000004,-0.4085561497326204,-0.3471376370280146,-0.08061002178649242,0.8538314698663758,0.625960295124363,0.8538314698663758,-0.7201417004048583,0.44846292947558775,0.9253731343283583,0.43280182232346237,3.5005149330587026,0.5673930589184826,-0.4414758269720102,0.4414758269720102,-0.6263099219620959,-0.5301,-0.04530773,-2033035.0,3089675.0
2,0.4429,0.0268,0.0309,0.056400000000000006,0.1364546,1.3899206e-07,7.970028e-06,0.5016,0.4499,0.17200000000000001,0.0775,0.0337,0.11330000000000001,0.3643,0.4627,-0.5061295971978984,-0.3557692307692308,0.043343653250773995,0.8858846071960826,0.7875287000255112,0.8858846071960826,-0.7740837172040858,0.5478723404255319,1.1529850746268657,0.4505813953488372,3.9090909090909087,0.6174161313347609,-0.44055944055944063,0.44055944055944063,-0.6391627746064694,-0.7310749999999999,-0.07819178999999998,-2033025.0,3091095.0
2,0.38630000000000003,0.0256,0.030100000000000002,0.054400000000000004,0.10689285,2.497971e-07,5.2577293e-06,0.41700000000000004,0.3458,0.15810000000000002,0.07060000000000001,0.027800000000000002,0.10690000000000001,0.3103,0.376,-0.488,-0.36000000000000004,-0.039723661485319514,0.8756979849478028,0.7154053951223225,0.8756979849478028,-0.753120036305877,0.5533088235294118,1.17578125,0.44655281467425684,3.613657623947615,0.6135849056603774,-0.41917707567964735,0.41917707567964735,-0.6246586031993757,-0.6328499999999999,-0.06460213000000001,-2033015.0,3092515.0
2,0.3514,0.021400000000000002,0.0258,0.046900000000000004,0.09219723,7.156729e-08,6.9001567e-06,0.37160000000000004,0.3549,0.1371,0.0572,0.0244,0.08650000000000001,0.2675,0.3336,-0.4902173913043478,-0.37335285505124455,-0.02788844621513941,0.8851931330472101,0.6663297830988105,0.8851931330472101,-0.7644991212653779,0.5501066098081023,1.2056074766355138,0.41721371261852663,4.062427745664739,0.603336422613531,-0.43868986693961104,0.43868986693961104,-0.6551118911803422,-0.5754,-0.060322449999999986,-2033015.0,3093935.0
2,0.3493,0.029,0.031,0.0587,0.07134373,6.325245e-08,4.183671e-06,0.37210000000000004,0.3357,0.1472,0.063,0.0257,0.0979,0.2793,0.3375,-0.4298203011170471,-0.338654503990878,-0.09347442680776012,0.8466825270948981,0.6540517508521847,0.8466825270948981,-0.7122549019607842,0.5281090289608177,1.0689655172413792,0.4279891304347826,3.567926455566905,0.5429472025216706,-0.4070493454179255,0.4070493454179255,-0.610417107770485,-0.55125,-0.05348687,-2033005.0,3095355.0
2,0.46580000000000005,0.0352,0.038700000000000005,0.0748,0.19603613,1.5163123e-07,1.05002e-05,0.5053,0.47450000000000003,0.1917,0.08850000000000001,0.0444,0.1359,0.387,0.4676,-0.43864915572232643,-0.36,0.06859205776173281,0.8594810379241518,0.8143500991526953,0.8594810379241518,-0.7232704402515723,0.5173796791443851,1.0994318181818183,0.4616588419405321,3.427520235467256,0.5885447106954996,-0.4168821292775665,0.4168821292775665,-0.6061763769500159,-0.7384250000000001,-0.07014758000000001,-2031615.0,3089665.0
2,0.2975,0.025900000000000003,0.0279,0.0461,0.09211207,9.438395e-08,7.335727e-06,0.3432,0.3577,0.1338,0.0606,0.029,0.0896,0.25520000000000004,0.31070000000000003,-0.4874930516953863,-0.2805555555555555,0.019332161687170477,0.8398268398268399,0.5772122381699031,0.8398268398268399,-0.7316647264260767,0.6052060737527115,1.077220077220077,0.452914798206278,3.3203125,0.5515151515151514,-0.37955019707859955,0.37955019707859955,-0.5799951444525369,-0.48865000000000003,-0.05090310999999999,-2031605.0,3091085.0
2,0.435,0.0296,0.0325,0.0664,0.08964376,8.914172e-08,5.308993e-06,0.4247,0.3532,0.1356,0.054900000000000004,0.0273,0.1097,0.3191,0.3865,-0.34257425742574255,-0.3833333333333333,-0.08695652173913042,0.8725785622040464,0.7728385140811629,0.8725785622040464,-0.7351416035101715,0.48945783132530124,1.097972972972973,0.40486725663716816,3.965360072926162,0.5750179468772434,-0.5247108307045215,0.5247108307045215,-0.6938405797101449,-0.643675,-0.04408363,-2031595.0,3092505.0
5,0.3542,0.0316,0.035,0.060200000000000004,0.07655841,8.1664325e-08,5.9602403e-06,0.3588,0.34990000000000004,0.1514,0.0668,0.031900000000000005,0.1042,0.2751,0.32580000000000003,-0.43100189035916825,-0.31154684095860563,-0.04633781763826604,0.83618455158113,0.6664325294622649,0.83618455158113,-0.7094594594594595,0.5813953488372093,1.1075949367088607,0.4412153236459709,3.399232245681382,0.5346097201767305,-0.40110759493670883,0.40110759493670883,-0.5963904840032814,-0.5562,-0.050950540000000016,-2031595.0,3093925.0
2,0.35250000000000004,0.0335,0.0341,0.058,0.086977646,1.3460219e-07,5.816731e-06,0.3426,0.3537,0.1348,0.06330000000000001,0.034,0.094,0.2515,0.3074,-0.39834024896265563,-0.2677595628415301,-0.0014684287812040519,0.8264248704663214,0.6532460026969755,0.8264248704663214,-0.7174177831912303,0.5879310344827585,1.017910447761194,0.4695845697329377,3.7500000000000004,0.4745098039215686,-0.4467473835419659,0.4467473835419659,-0.5995035167563095,-0.5360250000000001,-0.048521730000000006,-2031585.0,3095345.0
2,0.3302,0.0224,0.0275,0.0453,0.06984984,8.334517e-08,5.2669225e-06,0.3471,0.3588,0.1333,0.0575,0.0253,0.07930000000000001,0.2509,0.31520000000000004,-0.4927211646136618,-0.33825701624815363,-0.04166666666666668,0.872943845717527,0.6382167123614256,0.872943845717527,-0.7587217043941411,0.6070640176600441,1.2276785714285714,0.431357839459865,4.163934426229508,0.5594886922320551,-0.42481121898597624,0.42481121898597624,-0.6348263254113347,-0.540125,-0.059777959999999984,-2033045.0,3086835.0
2,0.258,0.0262,0.0279,0.0432,0.098492,1.7630755e-07,9.315357e-06,0.2811,0.29660000000000003,0.10300000000000001,0.0488,0.027,0.076,0.2081,0.253,-0.4090287277701779,-0.24495677233429394,-0.016393442622950845,0.8156228008444757,0.5131224345951324,0.8156228008444757,-0.7131474103585657,0.6458333333333334,1.0648854961832062,0.47378640776699027,3.3947368421052633,0.487279843444227,-0.4293628808864266,0.4293628808864266,-0.5843724023275145,-0.39339999999999997,-0.03449351000000001,-2033035.0,3088255.0
2,0.3874,0.027600000000000003,0.0324,0.0574,0.17349806,8.601248e-08,1.004269e-05,0.4136,0.40590000000000004,0.15080000000000002,0.0658,0.031,0.0988,0.3029,0.3723,-0.44860710854947167,-0.3505882352941176,-0.022082018927444772,0.8669879518072289,0.7182442748091603,0.8669879518072289,-0.7419064748201438,0.5644599303135889,1.1739130434782608,0.43633952254641906,3.921052631578948,0.5632911392405062,-0.4396135265700483,0.4396135265700483,-0.6360093530787218,-0.6149500000000001,-0.06189016,-2031635.0,3082565.0
2,0.387,0.030100000000000002,0.0308,0.053200000000000004,0.10731233,5.546212e-08,7.4776676e-06,0.37970000000000004,0.3884,0.1401,0.0585,0.0251,0.0862,0.2765,0.3462,-0.4495602690118986,-0.2773109243697479,-0.10196779964221823,0.8556701030927835,0.7013317372437529,0.8556701030927835,-0.7582916855974556,0.5789473684210527,1.0232558139534884,0.417558886509636,4.489559164733179,0.48237317282889075,-0.46841206602162777,0.46841206602162777,-0.6500789889415483,-0.612225,-0.060021889999999994,-2031635.0,3083985.0
2,0.4058,0.0198,0.0233,0.0465,0.06390184,5.8078765e-08,3.836969e-06,0.4375,0.4147,0.1555,0.0649,0.020900000000000002,0.0913,0.3133,0.3996,-0.5396039603960395,-0.4027149321266968,-0.05429864253393663,0.9069548872180452,0.7368966922250619,0.9069548872180452,-0.7943842582356844,0.5010752688172043,1.1767676767676767,0.4173633440514469,4.444687842278204,0.6435643564356436,-0.4459290931765543,0.4459290931765543,-0.6702997275204359,-0.686175,-0.07798137999999999,-2031625.0,3085405.0
2,0.307,0.0241,0.0268,0.0448,0.09022255,9.545088e-08,7.024291e-06,0.33590000000000003,0.3447,0.1283,0.056400000000000006,0.0245,0.08320000000000001,0.2417,0.2984,-0.48238012709416517,-0.3004354136429608,-0.04483430799220273,0.8544246451223195,0.5944346713577483,0.8544246451223195,-0.7453098351335986,0.5982142857142857,1.112033195020747,0.43959469992205774,3.689903846153846,0.5507921714818268,-0.410521479439467,0.410521479439467,-0.6113927105961863,-0.50005,-0.052671690000000014,-2031625.0,3086825.0
2,0.34400000000000003,0.027700000000000002,0.0284,0.0502,0.142116,9.8872185e-08,1.0428671e-05,0.3771,0.3921,0.1406,0.0645,0.029900000000000003,0.0935,0.2753,0.34290000000000004,-0.4737945492662474,-0.2888318356867779,0.025728987993138958,0.8509550712940543,0.6416127042861549,0.8509550712940543,-0.7453069507864027,0.5657370517928287,1.0252707581227436,0.45874822190611664,3.6791443850267385,0.5429042904290429,-0.4197276104003302,0.4197276104003302,-0.6030994403788205,-0.5568750000000001,-0.057653440000000014,-2031615.0,3088245.0
2,0.4248,0.0313,0.0364,0.06470000000000001,0.095831186,9.630024e-08,5.0768094e-06,0.4591,0.44070000000000004,0.1772,0.07640000000000001,0.035500000000000004,0.11810000000000001,0.3426,0.4171,-0.4650682100041339,-0.3479166666666667,-0.01251738525730178,0.8627493970620478,0.7694087787399224,0.8627493970620478,-0.7356486210418793,0.5625965996908809,1.1629392971246006,0.4311512415349888,3.596951735817104,0.5809906291834004,-0.411295681063123,0.411295681063123,-0.621374582527685,-0.6857500000000001,-0.06820002999999998,-2030215.0,3082565.0
3,0.34650000000000003,0.031900000000000005,0.0296,0.057800000000000004,0.08229122,1.1248886e-07,5.7707016e-06,0.3735,0.3553,0.1794,0.0833,0.0292,0.1135,0.28190000000000004,0.3361,-0.5126475548060708,-0.2887402452619844,-0.006802721088435391,0.8313953488372094,0.6340527395698762,0.8313953488372094,-0.7140737076428394,0.5121107266435986,0.9278996865203761,0.46432552954292083,3.052863436123348,0.5612104539202201,-0.31774101540216776,0.31774101540216776,-0.5310400976999796,-0.593925,-0.06863051999999997,-2030215.0,3083985.0
2,0.47040000000000004,0.0235,0.0274,0.0521,0.08682355,3.3402443e-08,4.091453e-06,0.5197,0.5032,0.182,0.07590000000000001,0.024300000000000002,0.1061,0.37170000000000003,0.4776,-0.5548910721913711,-0.3783068783068783,-0.05996131528046419,0.9048390362421542,0.8197595846077247,0.9048390362421542,-0.8005741626794258,0.525911708253359,1.1659574468085108,0.4170329670329671,4.433553251649387,0.6373456790123457,-0.44206008583690987,0.44206008583690987,-0.6671131949095779,-0.8019750000000001,-0.09218693000000003,-2030205.0,3085405.0
3,0.3457,0.0328,0.0323,0.0524,0.11125598,1.8178224e-07,6.8748627e-06,0.3788,0.42010000000000003,0.1844,0.0893,0.037000000000000005,0.1046,0.2856,0.34690000000000004,-0.5574324324324325,-0.2300469483568075,0.06782106782106787,0.8266842800528402,0.6394539511632378,0.8266842800528402,-0.7367495604119568,0.6164122137404581,0.9847560975609756,0.48427331887201736,3.3049713193116634,0.522561863173217,-0.3042822109036031,0.3042822109036031,-0.5116976604679064,-0.609525,-0.07925487000000003,-2033075.0,3078315.0
2,0.42550000000000004,0.034800000000000005,0.041600000000000005,0.0688,0.092694916,1.07789035e-07,5.4831135e-06,0.43570000000000003,0.4343,0.18960000000000002,0.08650000000000001,0.0368,0.1114,0.331,0.39780000000000004,-0.4674922600619195,-0.32818532818532814,-0.06122448979591844,0.8487942646100369,0.7781517053618696,0.8487942646100369,-0.7216265425854743,0.6046511627906977,1.1954022988505748,0.45622362869198313,3.8195691202872535,0.5239398084815322,-0.3835148756299788,0.3835148756299788,-0.5876954452753229,-0.6874250000000002,-0.07782715999999998,-2033065.0,3079735.0
2,0.3929,0.0279,0.0302,0.0536,0.09892413,1.6956031e-07,5.973548e-06,0.45790000000000003,0.3759,0.1432,0.0629,0.0329,0.10490000000000001,0.336,0.4193,-0.4552845528455284,-0.31533742331288345,0.042789223454833554,0.8673954372623575,0.7155120707752286,0.8673954372623575,-0.7599104143337067,0.5634328358208955,1.082437275985663,0.43924581005586594,3.7454718779790275,0.5798192771084338,-0.4657713113225145,0.4657713113225145,-0.646623856781475,-0.624225,-0.05713773999999998,-2033065.0,3081155.0
3,0.36970000000000003,0.033800000000000004,0.0308,0.06380000000000001,0.08603837,1.2046695e-07,5.18921e-06,0.4067,0.3916,0.1708,0.0748,0.0258,0.1087,0.3089,0.37170000000000003,-0.45609548167092917,-0.3073770491803279,-0.088339222614841,0.8324659231722429,0.6637718971300783,0.8324659231722429,-0.7056516724336793,0.48275862068965514,0.9112426035502957,0.4379391100702576,3.4011039558417666,0.5256140350877192,-0.36799259944495843,0.36799259944495843,-0.5733647613435475,-0.6017499999999999,-0.06346821999999999,-2031655.0,3078305.0
3,0.30820000000000003,0.06760000000000001,0.0511,0.0785,0.12579606,7.503122e-07,8.710153e-06,0.3159,0.30310000000000004,0.21680000000000002,0.1305,0.0444,0.13340000000000002,0.24880000000000002,0.2816,-0.46833728411784636,-0.07460643394934971,-0.0701570680628272,0.640234167110165,0.5282777798654692,0.640234167110165,-0.5940005171967934,0.6509554140127388,0.7559171597633135,0.6019372693726937,2.310344827586207,0.327363184079602,-0.1740952380952381,0.1740952380952381,-0.28919985647649804,-0.507525,-0.07253167999999999,-2031645.0,3079725.0
2,0.44420000000000004,0.021500000000000002,0.024200000000000003,0.0492,0.08191645,4.1511655e-08,4.2185166e-06,0.48800000000000004,0.4475,0.15330000000000002,0.0596,0.0228,0.0979,0.34900000000000003,0.4475,-0.5140740740740741,-0.3917963224893918,-0.02978723404255323,0.9076658793214515,0.7824962276352662,0.9076658793214515,-0.8005674908796108,0.49186991869918706,1.1255813953488372,0.3887801696020874,4.537282941777324,0.6398659966499162,-0.48686192468619255,0.48686192468619255,-0.7048225659690627,-0.73415,-0.07429849,-2031645.0,3081145.0
3,0.2963,0.09340000000000001,0.058300000000000005,0.08850000000000001,0.12535982,6.5128205e-07,7.5969383e-06,0.33680000000000004,0.3416,0.269,0.1553,0.0398,0.1665,0.2565,0.29550000000000004,-0.5048951048951048,0.026937877954920295,-0.18858307849133538,0.5206569155760841,0.4560569234562683,0.5206569155760841,-0.54002079002079,0.6587570621468927,0.6241970021413276,0.5773234200743493,1.7795795795795795,0.28126202385532895,-0.048292941800813706,0.048292941800813706,-0.17553455992043762,-0.5295749999999999,-0.07960709999999997,-2030235.0,3078305.0
2,0.3325,0.0207,0.024800000000000003,0.0385,0.09041868,1.477003e-07,6.477147e-06,0.3587,0.3922,0.1429,0.0603,0.024900000000000002,0.0707,0.2595,0.3315,-0.5755237045203968,-0.30067567567567566,0.0020120724346076335,0.8827859569648925,0.6378767608404816,0.8827859569648925,-0.7924528301886794,0.6441558441558443,1.1980676328502418,0.42197340797760674,4.702970297029704,0.5470459518599563,-0.3988220445940261,0.3988220445940261,-0.6303901437371663,-0.5769750000000001,-0.07322975,-2030225.0,3079725.0
3,0.3418,0.0594,0.046400000000000004,0.0876,0.07015789,9.455085e-08,4.1704097e-06,0.39490000000000003,0.4017,0.23970000000000002,0.1197,0.036500000000000005,0.1602,0.3141,0.35800000000000004,-0.46471127406049495,-0.19183673469387755,-0.11942098914354643,0.7038883349950149,0.5888757221152423,0.7038883349950149,-0.591988821611551,0.5296803652968037,0.7811447811447811,0.49937421777221525,2.1335830212234703,0.4590163934426229,-0.17558039552880475,0.17558039552880475,-0.36858804865150707,-0.5769249999999999,-0.06742617000000001,-2030225.0,3081145.0
2,0.40130000000000005,0.0177,0.0217,0.0392,0.10330608,6.145239e-08,5.859953e-06,0.44570000000000004,0.41500000000000004,0.17300000000000001,0.0697,0.0221,0.0853,0.3215,0.4169,-0.6305372290292178,-0.37785588752196836,0.009132420091324223,0.9155131264916468,0.7328871537460495,0.9155131264916468,-0.8220204313280363,0.5535714285714286,1.2259887005649717,0.40289017341040456,4.704572098475968,0.6563106796116503,-0.3975274246909281,0.3975274246909281,-0.6575235109717867,-0.724325,-0.09343270000000001,-2028815.0,3078295.0
2,0.24430000000000002,0.0217,0.0253,0.0386,0.07626449,1.3150573e-07,5.7065495e-06,0.3063,0.3395,0.1222,0.0522,0.0287,0.0748,0.2144,0.272,-0.5199004975124378,-0.2802653399668325,0.06296296296296297,0.8368421052631579,0.4971935007385524,0.8368421052631579,-0.7271120537292329,0.655440414507772,1.1658986175115207,0.42716857610474634,3.266042780748663,0.5502590673575131,-0.33315143246930423,0.33315143246930423,-0.5697234352256185,-0.41490000000000005,-0.049278820000000015,-2031565.0,3099605.0
2,0.3587,0.0247,0.0273,0.0489,0.07340052,9.671747e-08,5.335811e-06,0.3976,0.3932,0.1361,0.0579,0.0268,0.09090000000000001,0.2884,0.36050000000000004,-0.47135135135135137,-0.328804347826087,-0.009242144177449176,0.8711528429838289,0.6697001113542986,0.8711528429838289,-0.7600588812561335,0.558282208588957,1.105263157894737,0.42542248346803824,3.946094609460946,0.5726643598615917,-0.4498787388843978,0.4498787388843978,-0.6474605206999573,-0.578175,-0.05736818999999999,-2031565.0,3101025.0
2,0.3186,0.028200000000000003,0.029400000000000003,0.0495,0.10759193,1.0510683e-07,8.39301e-06,0.3526,0.35900000000000004,0.1408,0.0606,0.031100000000000003,0.0946,0.26,0.3234,-0.4797687861271676,-0.2741312741312741,0.028099173553719006,0.8373702422145328,0.6062495068255346,0.8373702422145328,-0.7310513447432764,0.593939393939394,1.0425531914893618,0.43039772727272724,3.3678646934460885,0.5407166123778502,-0.38702655637788413,0.38702655637788413,-0.5934065934065934,-0.5208,-0.05145171000000002,-2031555.0,3102445.0
2,0.2993,0.024200000000000003,0.025,0.045000000000000005,0.08544184,1.13293524e-07,6.2227627e-06,0.3387,0.34400000000000003,0.1258,0.056,0.029300000000000003,0.0877,0.2456,0.30010000000000003,-0.47306791569086637,-0.3005780346820809,0.07918968692449359,0.850386398763524,0.5760143198090693,0.850386398763524,-0.7386000580888761,0.5555555555555555,1.0330578512396693,0.44515103338632755,3.4127708095781073,0.5674709562109026,-0.4081392613502705,0.4081392613502705,-0.6034610630407912,-0.48615,-0.04812896,-2030165.0,3096765.0
2,0.334,0.0218,0.0221,0.043300000000000005,0.08790116,7.46429e-08,5.994173e-06,0.365,0.33940000000000003,0.1305,0.0551,0.0199,0.08710000000000001,0.2647,0.327,-0.5017261219792865,-0.33026113671274965,-0.05238095238095239,0.8774592467678471,0.6259959200954544,0.8774592467678471,-0.770474423535648,0.5103926096997691,1.0137614678899083,0.4222222222222222,3.83467278989667,0.5996326905417815,-0.4381054897739505,0.4381054897739505,-0.6448036951501154,-0.5526249999999999,-0.05589324999999997,-2030155.0,3098185.0
2,0.18760000000000002,0.0151,0.0181,0.0253,0.09765536,1.9932985e-07,9.97393e-06,0.2533,0.27890000000000004,0.10890000000000001,0.0485,0.022600000000000002,0.0604,0.1809,0.2278,-0.6229508196721312,-0.2524752475247525,0.11056511056511058,0.8510113468179575,0.39730403956409477,0.8510113468179575,-0.7623297322686708,0.7154150197628459,1.1986754966887418,0.4453627180899908,3.1059602649006623,0.6,-0.2654300168634064,0.2654300168634064,-0.5276643148904567,-0.3512750000000001,-0.04922494999999999,-2030145.0,3099595.0
2,0.2968,0.024800000000000003,0.0287,0.0446,0.09823535,1.0928511e-07,7.2134826e-06,0.3065,0.33130000000000004,0.12140000000000001,0.0516,0.030000000000000002,0.0777,0.22080000000000002,0.2745,-0.46265060240963857,-0.2853025936599423,0.02214650766609885,0.845771144278607,0.5829235583370584,0.845771144278607,-0.7387229056824838,0.6434977578475336,1.157258064516129,0.4250411861614497,3.81981981981982,0.5160975609756098,-0.4194165471066475,0.4194165471066475,-0.6198059218711122,-0.47419999999999995,-0.04728496999999998,-2030145.0,3101015.0
2,0.3509,0.0315,0.033100000000000004,0.0522,0.099012524,1.7498135e-07,6.9192215e-06,0.33280000000000004,0.3272,0.1442,0.0656,0.0415,0.0873,0.2426,0.30010000000000003,-0.4684317718940937,-0.2473118279569893,0.11260053619302945,0.8352510460251047,0.6547826423566756,0.8352510460251047,-0.7410071942446042,0.6340996168582376,1.0507936507936508,0.45492371705963947,4.019473081328751,0.4696969696969697,-0.4174914158755807,0.4174914158755807,-0.5963417168987736,-0.5626500000000001,-0.058798659999999996,-2030135.0,3102435.0
2,0.3481,0.0262,0.031200000000000002,0.0507,0.08175075,9.5206495e-08,6.602448e-06,0.3316,0.3378,0.1316,0.059300000000000005,0.030000000000000002,0.0777,0.2424,0.3008,-0.4437739989029073,-0.3185955786736021,-0.019607843137254895,0.8600053433075073,0.6639266892157634,0.8600053433075073,-0.7457372116349046,0.6153846153846154,1.1908396946564885,0.4506079027355624,4.48005148005148,0.4956689124157844,-0.45132374400667086,0.45132374400667086,-0.6320998278829604,-0.546775,-0.05791403,-2028725.0,3101015.0
2,0.2787,0.030100000000000002,0.0344,0.046700000000000005,0.28927344,1.6436309e-06,1.9815918e-05,0.3245,0.3783,0.1431,0.0668,0.043300000000000005,0.08170000000000001,0.2383,0.2911,-0.5079030558482612,-0.21614583333333337,0.1145431145431146,0.8050518134715025,0.5549404811454257,0.8050518134715025,-0.7129686539643515,0.7366167023554603,1.1428571428571428,0.46680642907058,3.41126070991432,0.46153846153846156,-0.32147937411095306,0.32147937411095306,-0.5273170731707317,-0.46485,-0.05727496999999998,-2028715.0,3102435.0
2,0.3385,0.0251,0.026600000000000002,0.049100000000000005,0.12767571,6.095469e-08,8.866532e-06,0.3643,0.3816,0.13290000000000002,0.0565,0.0273,0.0917,0.2681,0.3282,-0.46043956043956047,-0.3234501347708895,0.012987012987012972,0.8619361936193619,0.6367478287841191,0.8619361936193619,-0.7466460268317852,0.5417515274949083,1.0597609561752988,0.42513167795334833,3.6913849509269356,0.5702054794520548,-0.43614764531183703,0.43614764531183703,-0.6346541302887845,-0.543625,-0.051285059999999986,-2030205.0,3086825.0
2,0.35950000000000004,0.0222,0.024300000000000002,0.0488,0.08734976,6.173849e-08,6.2890485e-06,0.33690000000000003,0.3271,0.12150000000000001,0.0512,0.0227,0.0847,0.248,0.29910000000000003,-0.4268937169700529,-0.37464788732394366,-0.034042553191489376,0.8836782813728059,0.6688923652180551,0.8836782813728059,-0.7609600783737448,0.4979508196721312,1.0945945945945947,0.4213991769547325,4.244391971664699,0.5846585594013096,-0.49480249480249483,0.49480249480249483,-0.678915135608049,-0.5624,-0.04962932999999999,-2030195.0,3088245.0
2,0.3074,0.0158,0.015700000000000002,0.0285,0.08884101,7.957816e-08,6.234838e-06,0.36760000000000004,0.391,0.14780000000000001,0.0636,0.0196,0.0753,0.2684,0.3346,-0.6766874645490641,-0.2866817155756207,0.11048158640226621,0.9022277227722774,0.5860095760831483,0.9022277227722774,-0.8303066388806191,0.5508771929824562,0.9936708860759494,0.43031123139377536,4.082337317397078,0.6531284302963776,-0.35061511423550085,0.35061511423550085,-0.6054658385093168,-0.5799500000000001,-0.07851251000000001,-2028795.0,3082555.0
3,0.3246,0.0658,0.0473,0.0947,0.084984556,1.831591e-07,4.427204e-06,0.37060000000000004,0.3528,0.2286,0.1131,0.0332,0.16340000000000002,0.29960000000000003,0.33540000000000003,-0.4141664089081348,-0.18006230529595021,-0.1751552795031056,0.6629098360655739,0.5464404792437622,0.6629098360655739,-0.5482947770093012,0.49947201689545934,0.7188449848024316,0.49475065616797903,1.986536107711138,0.4258289703315882,-0.1735357917570499,0.1735357917570499,-0.35039941902687005,-0.517475,-0.05089562999999996,-2028785.0,3085395.0
2,0.3861,0.0269,0.0273,0.052700000000000004,0.1025497,1.8015504e-07,5.9760414e-06,0.3884,0.3663,0.1776,0.07640000000000001,0.028200000000000003,0.0917,0.29460000000000003,0.3574,-0.5423360833695181,-0.3241206030150754,0.01621621621621624,0.8697336561743342,0.6988270340718673,0.8697336561743342,-0.7597994530537829,0.5180265654648957,1.0148698884758365,0.4301801801801802,4.210468920392584,0.5463743676222597,-0.369877594465141,0.369877594465141,-0.6001548287207278,-0.6674,-0.082421,-2027375.0,3083975.0
2,0.28290000000000004,0.023700000000000002,0.0261,0.044000000000000004,0.12297225,1.2507438e-07,9.3672315e-06,0.3211,0.3367,0.1471,0.066,0.024900000000000002,0.0785,0.232,0.2871,-0.5395081109366823,-0.2998522895125554,-0.023529411764705875,0.8454011741682975,0.5560255419530648,0.8454011741682975,-0.7308045273784032,0.5931818181818181,1.10126582278481,0.4486743711760707,3.6038216560509557,0.5362035225048923,-0.31581395348837216,0.31581395348837216,-0.5500376222723853,-0.49240000000000006,-0.06592769000000001,-2027365.0,3085395.0
3,0.2756,0.07200000000000001,0.0521,0.0902,0.100247,3.923535e-07,6.5675667e-06,0.308,0.3106,0.2243,0.12990000000000002,0.0412,0.1491,0.2528,0.2817,-0.42639109697933225,-0.11220715166461155,-0.11682743837084673,0.5857307249712312,0.4685423548619812,0.5857307249712312,-0.5068343357025697,0.5776053215077606,0.723611111111111,0.5791350869371378,1.8484238765928906,0.34871099050203525,-0.10262052410482099,0.10262052410482099,-0.23753776435045307,-0.43977499999999997,-0.05810304,-2027365.0,3086805.0
2,0.3512,0.029900000000000003,0.0363,0.054900000000000004,0.06272216,1.3160705e-07,4.8646143e-06,0.3683,0.32220000000000004,0.1328,0.0591,0.0325,0.0847,0.25930000000000003,0.3281,-0.41502397442727756,-0.29481132075471694,-0.05523255813953485,0.8430858042508529,0.6739778281082369,0.8430858042508529,-0.729623245506033,0.6612021857923497,1.2140468227424748,0.4450301204819277,4.146399055489965,0.47818499127399644,-0.45123966942148763,0.45123966942148763,-0.6264428121720881,-0.537675,-0.054437229999999996,-2027355.0,3088225.0
2,0.28090000000000004,0.0494,0.044000000000000004,0.0627,0.12311744,2.871871e-07,7.430533e-06,0.3543,0.376,0.20850000000000002,0.112,0.0383,0.1057,0.2733,0.32880000000000004,-0.5376106194690266,-0.11864406779661021,-0.06925880923450793,0.7008779897063276,0.5234105668243406,0.7008779897063276,-0.6350407450523866,0.7017543859649122,0.8906882591093118,0.5371702637889688,2.65752128666036,0.3629916183107672,-0.14793624846751127,0.14793624846751127,-0.33621221468229495,-0.5053500000000001,-0.08458126,-2025955.0,3083965.0
3,0.2795,0.0859,0.060000000000000005,0.08710000000000001,0.18869142,1.228264e-06,1.1742173e-05,0.31,0.32830000000000004,0.2536,0.1565,0.044000000000000004,0.1453,0.24450000000000002,0.2782,-0.48869973583798054,-0.006936416184971136,-0.15384615384615383,0.5298303229337712,0.4556844375046472,0.5298303229337712,-0.524822695035461,0.6888633754305395,0.6984866123399301,0.6171135646687698,1.9236063317274605,0.2569204152249135,-0.04858375539298449,0.04858375539298449,-0.16686715930572263,-0.48277499999999995,-0.08399812,-2025945.0,3085385.0
3,0.32580000000000003,0.031100000000000003,0.0267,0.0495,0.17852297,4.189372e-07,1.0971967e-05,0.3529,0.3622,0.19360000000000002,0.0922,0.0238,0.10300000000000001,0.266,0.3174,-0.592760180995475,-0.228287841191067,-0.05742574257425742,0.8257214906136172,0.5970353999161683,0.8257214906136172,-0.73621103117506,0.5393939393939394,0.8585209003215434,0.47623966942148754,3.163106796116505,0.5361670395227442,-0.25452445128994994,0.25452445128994994,-0.4817150063051702,-0.6056000000000001,-0.08591564,-2028845.0,3069775.0
3,0.33440000000000003,0.0206,0.0201,0.037200000000000004,0.064534724,1.1734962e-07,3.5841629e-06,0.3956,0.43760000000000004,0.1632,0.0673,0.0183,0.0813,0.2948,0.3695,-0.6287425149700598,-0.28719723183391005,-0.046874999999999986,0.8839436619718309,0.6237521514629949,0.8839436619718309,-0.7997847147470398,0.5403225806451613,0.9757281553398058,0.41237745098039214,4.113161131611316,0.5956820412168793,-0.3440514469453376,0.3440514469453376,-0.602622061482821,-0.6164750000000001,-0.08167438999999999,-2027435.0,3064095.0
3,0.27290000000000003,0.0543,0.0335,0.060000000000000005,0.10542862,4.1295587e-07,7.810905e-06,0.3059,0.3244,0.198,0.0995,0.0257,0.1193,0.2315,0.2677,-0.5348837209302326,-0.0498687664041995,-0.13175675675675677,0.6680929095354523,0.46602842406026196,0.6680929095354523,-0.6395313908080505,0.5583333333333333,0.6169429097605893,0.5025252525252525,2.2875104777870914,0.37442396313364057,-0.15905712465491614,0.15905712465491614,-0.33159495871360284,-0.49797500000000006,-0.06600977999999999,-2027435.0,3065515.0
1,0.1159,0.0641,0.0455,0.06670000000000001,0.0861666,2.045536e-06,1.2447143e-05,0.0889,0.1393,0.055400000000000005,0.0335,0.0324,0.0772,0.07980000000000001,0.09280000000000001,0.09254709254709258,-0.019877675840978628,-0.16816431322207961,0.2877777777777778,0.19465171447056287,0.2877777777777778,-0.2694414019715224,0.68215892053973,0.7098283931357253,0.6046931407942238,1.5012953367875648,0.0927105449398443,-0.3531815528312901,0.3531815528312901,-0.24633204633204625,-0.036325000000000024,0.035521170000000005,-2027435.0,3066935.0
3,0.4056,0.0335,0.030600000000000002,0.07100000000000001,0.07617252,7.079839e-08,3.6160134e-06,0.4718,0.4293,0.221,0.0979,0.028,0.1481,0.37370000000000003,0.437,-0.5136986301369862,-0.35885167464114837,-0.044368600682593885,0.8474151673878386,0.7120034855856511,0.8474151673878386,-0.7020562316407889,0.4309859154929577,0.9134328358208955,0.4429864253393665,2.738690074274139,0.6310572687224669,-0.2946058091286307,0.2946058091286307,-0.5369978858350951,-0.707325,-0.07694473,-2027425.0,3068355.0
3,0.3266,0.045200000000000004,0.038700000000000005,0.0728,0.13271376,2.668917e-07,7.5390894e-06,0.35710000000000003,0.39380000000000004,0.2104,0.1047,0.032,0.1275,0.2858,0.32780000000000004,-0.48587570621468923,-0.23389830508474574,-0.09476661951909482,0.7568585260892953,0.5898818400825973,0.7568585260892953,-0.6354531797696545,0.5315934065934066,0.8561946902654868,0.4976235741444867,2.5615686274509804,0.4765489287782281,-0.2163873370577281,0.2163873370577281,-0.4180900621118013,-0.5586250000000001,-0.07168066,-2027425.0,3069775.0
3,0.2715,0.0522,0.0366,0.0654,0.13973066,9.173274e-07,8.311527e-06,0.29700000000000004,0.3109,0.21980000000000002,0.12440000000000001,0.0285,0.11950000000000001,0.2336,0.2672,-0.5413744740532961,-0.11224489795918363,-0.12442396313364054,0.6774791473586654,0.47820943367424823,0.6774791473586654,-0.6117542297417631,0.5596330275229358,0.7011494252873562,0.5659690627843494,2.271966527196653,0.3919627256843331,-0.10523101974353753,0.10523101974353753,-0.27130183618733245,-0.5057500000000001,-0.08560148000000002,-2026015.0,3065515.0
1,0.2802,0.0762,0.051500000000000004,0.081,0.12958798,6.824255e-07,8.206766e-06,0.3038,0.33890000000000003,0.2131,0.14120000000000002,0.0419,0.1336,0.2535,0.2917,-0.44916695001700097,-0.03053435114503816,-0.10278372591006428,0.5723905723905724,0.4620508455759908,0.5723905723905724,-0.5514950166112956,0.6358024691358025,0.6758530183727034,0.662599718442046,2.097305389221557,0.27359389895138225,-0.13602270423677273,0.13602270423677273,-0.20815880531779266,-0.45065,-0.06909428000000004,-2026015.0,3066925.0
3,0.2579,0.0546,0.0395,0.0649,0.104641,8.160412e-07,7.2668686e-06,0.3024,0.3174,0.23920000000000002,0.1302,0.0302,0.1331,0.2353,0.2685,-0.5731667214731996,-0.08619246861924684,-0.133428981348637,0.65056,0.45774675198758974,0.65056,-0.5978934324659231,0.6086286594761171,0.7234432234432234,0.544314381270903,1.9376408715251692,0.41822056473095354,-0.03761818547575939,0.03761818547575939,-0.23351306511820816,-0.5113500000000001,-0.08785857999999999,-2026005.0,3068345.0
3,0.3259,0.05,0.0449,0.07590000000000001,0.14903419,3.7173032e-07,8.044388e-06,0.3774,0.377,0.1894,0.0964,0.0443,0.12490000000000001,0.2978,0.3471,-0.4278175650207312,-0.20571882446386025,-0.006726457399103176,0.7339718010109072,0.5932203389830508,0.7339718010109072,-0.6222000995520158,0.5915678524374176,0.898,0.5089757127771911,2.6092874299439552,0.4282447112635792,-0.26489423636716475,0.26489423636716475,-0.43387470997679817,-0.5142000000000001,-0.056995279999999995,-2026005.0,3069765.0
3,0.35700000000000004,0.025900000000000003,0.0256,0.052000000000000005,0.12547937,1.6996265e-07,7.2610214e-06,0.3947,0.40140000000000003,0.1666,0.0723,0.030100000000000002,0.0876,0.2947,0.36760000000000004,-0.5242451967063129,-0.33504492939666236,0.08078994614003591,0.8647166361974407,0.6563162677976371,0.8647166361974407,-0.7457212713936431,0.4923076923076923,0.9884169884169883,0.43397358943577435,4.075342465753425,0.543612334801762,-0.36363636363636365,0.36363636363636365,-0.591514143094842,-0.6117250000000001,-0.07694753000000001,-2028815.0,3076875.0
3,0.39740000000000003,0.08310000000000001,0.0502,0.0887,0.13872477,2.9262603e-07,6.9129674e-06,0.47640000000000005,0.4431,0.2548,0.1213,0.0309,0.1635,0.3655,0.4282,-0.48355167394468707,-0.0325960419091967,-0.2379778051787916,0.6541103017689907,0.5991444554129648,0.6541103017689907,-0.6350545155317836,0.5659526493799324,0.6040914560770156,0.4760596546310832,2.4305810397553516,0.3260340632603406,-0.21864458754983132,0.21864458754983132,-0.3730061349693251,-0.6760250000000001,-0.07369696000000002,-2027415.0,3071195.0
3,0.5057,0.0448,0.038700000000000005,0.08940000000000001,0.08604295,6.922483e-08,3.7331863e-06,0.4829,0.4305,0.23120000000000002,0.10400000000000001,0.0267,0.1585,0.3764,0.436,-0.4422956955708048,-0.3323397913561848,-0.1834862385321101,0.8372388737511354,0.8215933973387235,0.8372388737511354,-0.6995462947403797,0.4328859060402685,0.8638392857142858,0.44982698961937717,3.190536277602524,0.5592720118052139,-0.3725064459221061,0.3725064459221061,-0.5706866705135601,-0.81715,-0.07860844,-2027415.0,3072615.0
2,0.4756,0.0262,0.028800000000000003,0.057300000000000004,0.15457118,8.157492e-08,7.628016e-06,0.4757,0.46440000000000003,0.1933,0.0806,0.0193,0.1051,0.3496,0.44370000000000004,-0.5426975259377494,-0.3724550898203593,-0.19750519750519752,0.8955759266640095,0.8207227555053642,0.8955759266640095,-0.784950272096078,0.5026178010471204,1.099236641221374,0.4169684428349716,4.525214081826832,0.6009139375476009,-0.42203617880101657,0.42203617880101657,-0.6505235602094241,-0.8111500000000001,-0.09514042999999998,-2027405.0,3074035.0
3,0.29550000000000004,0.07880000000000001,0.0526,0.0775,0.13917848,1.0926991e-06,8.366604e-06,0.32220000000000004,0.35550000000000004,0.2659,0.1515,0.030000000000000002,0.1384,0.2432,0.2851,-0.5486313337216074,0.008317338451695518,-0.27360774818401934,0.5789473684210525,0.4803828796040181,0.5789473684210525,-0.5844504021447721,0.6787096774193548,0.6675126903553299,0.5697630688228656,2.1351156069364166,0.27440147329650083,-0.0527253295333096,0.0527253295333096,-0.20366528354080224,-0.5578750000000001,-0.09979856000000001,-2027405.0,3075455.0
2,0.3461,0.0316,0.0256,0.0531,0.112208456,2.1008849e-07,7.5781104e-06,0.3559,0.3687,0.1898,0.0864,0.0206,0.099,0.25730000000000003,0.321,-0.562783038287361,-0.25383707201889016,-0.10822510822510824,0.8326714323537198,0.6204137828384312,0.8326714323537198,-0.7339679358717436,0.48210922787193977,0.810126582278481,0.4552160168598525,3.495959595959596,0.5160796324655437,-0.2916588915842508,0.2916588915842508,-0.5180722891566265,-0.6239000000000001,-0.08568764999999998,-2027395.0,3076875.0
2,0.3902,0.0229,0.026500000000000003,0.0502,0.14928779,1.0388791e-07,7.3982683e-06,0.4867,0.48150000000000004,0.19160000000000002,0.0772,0.0298,0.1106,0.364,0.4465,-0.5847808105872623,-0.37346101231190154,0.058614564831261054,0.889130961026386,0.7168604432403958,0.889130961026386,-0.7720254314259762,0.5278884462151395,1.1572052401746726,0.40292275574112735,3.528028933092224,0.6569288389513108,-0.3413544173255414,0.3413544173255414,-0.6126160990712074,-0.7014,-0.08492232999999999,-2025995.0,3071185.0
3,0.3029,0.076,0.049300000000000004,0.07880000000000001,0.09666308,3.3606887e-07,5.9245326e-06,0.3406,0.3341,0.2738,0.1529,0.0369,0.1499,0.2655,0.2973,-0.5530346001134429,-0.018087855297157694,-0.14385150812064967,0.5988387437318553,0.49040780333297346,0.5988387437318553,-0.5871102960440135,0.6256345177664975,0.6486842105263159,0.558436815193572,2.020680453635757,0.3271359008410802,-0.05045951101092425,0.05045951101092425,-0.21218378936499746,-0.580525,-0.09828907,-2025995.0,3072605.0
3,0.3532,0.037000000000000005,0.032100000000000004,0.0669,0.06554956,9.997487e-08,3.901439e-06,0.3957,0.405,0.1885,0.08410000000000001,0.0253,0.1241,0.3095,0.36110000000000003,-0.47611589663273296,-0.28777670837343594,-0.11846689895470389,0.8103536647872887,0.6339690509198547,0.8103536647872887,-0.6815044037134015,0.47982062780269064,0.8675675675675676,0.4461538461538462,2.8460918614020954,0.5406579764121663,-0.3040428281336533,0.3040428281336533,-0.5217219589257504,-0.5921750000000001,-0.06278819,-2025985.0,3074025.0
3,0.3163,0.07390000000000001,0.0494,0.0804,0.15158683,4.79874e-07,9.248671e-06,0.34140000000000004,0.3528,0.2585,0.1386,0.0378,0.1526,0.2662,0.3037,-0.5255237533195634,-0.04212572909915743,-0.1330275229357798,0.6212198872373141,0.5160164123236396,0.6212198872373141,-0.5946559112679607,0.6144278606965174,0.6684709066305818,0.5361702127659574,2.0727391874180863,0.3474613686534216,-0.10055671537926239,0.10055671537926239,-0.26496022137668623,-0.57715,-0.08385389999999998,-2025985.0,3075445.0
3,0.38670000000000004,0.020900000000000002,0.0228,0.0489,0.06441369,3.7395953e-08,4.1949124e-06,0.4056,0.39180000000000004,0.1626,0.0656,0.0173,0.0898,0.30460000000000004,0.3735,-0.5375886524822695,-0.40114613180515757,-0.13715710723192023,0.8974484789008831,0.7052792483781971,0.8974484789008831,-0.7754820936639119,0.46625766871165647,1.0909090909090908,0.40344403444034443,4.306236080178174,0.6224028906955736,-0.40797378481703994,0.40797378481703994,-0.6512096774193548,-0.6625,-0.07656838999999999,-2027445.0,3062675.0
3,0.2812,0.020900000000000002,0.018500000000000003,0.0342,0.10623456,2.9417575e-07,7.891229e-06,0.317,0.31880000000000003,0.1356,0.0596,0.0187,0.0689,0.23040000000000002,0.2923,-0.597173144876325,-0.24137931034482757,0.005376344086021472,0.861635220125786,0.5379973971684348,0.861635220125786,-0.7831325301204819,0.5409356725146199,0.8851674641148326,0.43952802359882004,4.081277213352685,0.5345211581291759,-0.34932821497120925,0.34932821497120925,-0.5765386638611257,-0.5063,-0.06730415000000001,-2026035.0,3058415.0
3,0.3276,0.0594,0.0439,0.0748,0.11500168,3.9999483e-07,7.107894e-06,0.3503,0.33490000000000003,0.2692,0.1434,0.034800000000000005,0.1361,0.27790000000000004,0.3143,-0.5651162790697675,-0.11475409836065575,-0.11562897077509525,0.6930232558139534,0.5606938549547887,0.6930232558139534,-0.628230616302187,0.5868983957219251,0.7390572390572391,0.5326894502228826,2.4070536370315945,0.3923273657289002,-0.09785522788203754,0.09785522788203754,-0.29374891171861395,-0.62845,-0.10712015999999998,-2026035.0,3059835.0
2,0.49970000000000003,0.0222,0.0241,0.0509,0.09067374,1.7348528e-07,4.789421e-06,0.4353,0.4046,0.1705,0.0682,0.0217,0.0893,0.31720000000000004,0.402,-0.5401987353206865,-0.39261285909712723,-0.05240174672489081,0.9149262310787507,0.8449884653789209,0.9149262310787507,-0.8151107882310208,0.47347740667976423,1.0855855855855856,0.39999999999999997,5.595744680851064,0.6017937219730942,-0.49119665771411525,0.49119665771411525,-0.7056333441875611,-0.8369000000000001,-0.0915871,-2026025.0,3061255.0
3,0.3725,0.0207,0.021,0.040400000000000005,0.087185904,8.5479016e-08,5.0313974e-06,0.4312,0.4288,0.1598,0.0649,0.0212,0.0816,0.3143,0.39680000000000004,-0.5964035964035964,-0.3224222585924714,0.004739336492890966,0.8947100712105799,0.6799208482676224,0.8947100712105799,-0.8043109711794624,0.5198019801980198,1.0144927536231885,0.40613266583229035,4.564950980392156,0.5953079178885632,-0.39958669922975765,0.39958669922975765,-0.6426633270715926,-0.660225,-0.08288446,-2026025.0,3062675.0
1,0.2939,0.056900000000000006,0.0439,0.07400000000000001,0.16142987,4.7341584e-07,9.456995e-06,0.34540000000000004,0.3811,0.2021,0.1053,0.0333,0.1255,0.28150000000000003,0.3252,-0.4639623324882289,-0.1306340718105424,-0.13730569948186525,0.6755986316989737,0.5190076949580797,0.6755986316989737,-0.5977167708616471,0.5932432432432432,0.7715289982425307,0.5210291934685799,2.341832669322709,0.37609649122807015,-0.1850806451612903,0.1850806451612903,-0.35119999999999996,-0.48877499999999996,-0.061306339999999994,-2026015.0,3064095.0
2,0.4348,0.0219,0.0189,0.038700000000000005,0.11410737,1.1532306e-07,5.889714e-06,0.4459,0.40650000000000003,0.14980000000000002,0.0582,0.0166,0.0845,0.3249,0.40790000000000004,-0.5893899204244031,-0.2772277227722773,-0.0647887323943662,0.9040945916356471,0.7477271929516656,0.9040945916356471,-0.8365364308342133,0.48837209302325574,0.863013698630137,0.3885180240320427,5.145562130177515,0.5883458646616541,-0.48751282928498124,0.48751282928498124,-0.6998875983514424,-0.7467,-0.07983488,-2024615.0,3058405.0
3,0.35910000000000003,0.0244,0.021,0.040100000000000004,0.092813306,2.1687745e-07,6.1204514e-06,0.385,0.4017,0.1516,0.0648,0.0218,0.0782,0.2785,0.35300000000000004,-0.5816379760041732,-0.24341085271317833,0.018691588785046696,0.8727509778357238,0.6478857566765579,0.8727509778357238,-0.7990981963927855,0.5236907730673317,0.860655737704918,0.4274406332453825,4.592071611253197,0.5243664717348927,-0.40630507147053063,0.40630507147053063,-0.6198593650117196,-0.6286000000000002,-0.07763624,-2024615.0,3059825.0
3,0.33330000000000004,0.047400000000000005,0.039900000000000005,0.0713,0.1870383,5.025148e-07,9.7765305e-06,0.375,0.36660000000000004,0.2373,0.1207,0.034,0.1361,0.2962,0.3375,-0.5379131561892417,-0.20134793597304126,-0.07983761840324766,0.7509850275807723,0.5960408054912966,0.7509850275807723,-0.6475531389026198,0.5596072931276298,0.8417721518987342,0.5086388537715971,2.4489346069066866,0.4833787465940055,-0.1682439537329128,0.1682439537329128,-0.37890264178828753,-0.607575,-0.08807324999999999,-2025975.0,3076865.0
3,0.2533,0.07200000000000001,0.0446,0.06860000000000001,0.11814812,7.193923e-07,7.460444e-06,0.2741,0.3252,0.23370000000000002,0.1363,0.028200000000000003,0.12840000000000001,0.21530000000000002,0.2431,-0.5461462123718162,0.02418207681365576,-0.22527472527472522,0.5573316938210883,0.4154945217648801,0.5573316938210883,-0.5737806772289532,0.6501457725947521,0.6194444444444444,0.5832263585793752,1.972741433021807,0.281437125748503,-0.0402464065708419,0.0402464065708419,-0.17700513630975903,-0.48032500000000006,-0.08303197999999999,-2024575.0,3071185.0
3,0.3725,0.0687,0.0489,0.0818,0.16280627,5.6886074e-07,8.622022e-06,0.3924,0.37410000000000004,0.24480000000000002,0.1222,0.0251,0.1378,0.305,0.35200000000000004,-0.4990814451928966,-0.08704318936877077,-0.3216216216216216,0.6885766092475069,0.6083077682569908,0.6885766092475069,-0.639885538190623,0.597799511002445,0.7117903930131004,0.4991830065359477,2.7031930333817127,0.33462469733656175,-0.20686862141584317,0.20686862141584317,-0.3764494528825738,-0.642,-0.08529627000000001,-2024575.0,3072605.0
3,0.31320000000000003,0.051800000000000006,0.039400000000000004,0.0738,0.15937196,6.4852236e-07,9.263083e-06,0.33080000000000004,0.3378,0.229,0.12350000000000001,0.030100000000000002,0.1379,0.2622,0.29810000000000003,-0.5125495376486129,-0.17515923566878977,-0.1338129496402878,0.7161643835616438,0.5503951825366956,0.7161643835616438,-0.6186046511627907,0.5338753387533876,0.7606177606177607,0.5393013100436681,2.2712110224800584,0.45387453874538736,-0.15529324972334935,0.15529324972334935,-0.3358590642167077,-0.558525,-0.08050914,-2024565.0,3074025.0
3,0.3547,0.07590000000000001,0.0585,0.10350000000000001,0.14821775,4.568845e-07,7.871994e-06,0.3795,0.37160000000000004,0.28400000000000003,0.1577,0.048,0.1708,0.30860000000000004,0.3436,-0.4658064516129032,-0.15384615384615383,-0.09859154929577466,0.6474686483975847,0.591278667006964,0.6474686483975847,-0.5482322130074202,0.5652173913043478,0.7707509881422925,0.555281690140845,2.0766978922716626,0.38467774625050666,-0.1106935963676217,0.1106935963676217,-0.2776747062461348,-0.601375,-0.08885143,-2024565.0,3075445.0
3,0.2948,0.0626,0.0489,0.07690000000000001,0.15139692,5.5811404e-07,1.0430575e-05,0.3113,0.3255,0.25170000000000003,0.14400000000000002,0.04,0.1371,0.2449,0.2808,-0.5319537431527692,-0.10250896057347675,-0.10011248593925756,0.6496922216004477,0.5173167644689909,0.6496922216004477,-0.5862254506322302,0.6358907672301689,0.7811501597444089,0.5721096543504172,2.150255288110868,0.37305958938407613,-0.07886550777676116,0.07886550777676116,-0.24913683445393422,-0.5426,-0.09370833000000005,-2024555.0,3076865.0
2,0.3282,0.0172,0.0171,0.038400000000000004,0.096901625,7.1206685e-08,6.0244433e-06,0.3795,0.38980000000000004,0.1671,0.07050000000000001,0.0158,0.0819,0.2851,0.3478,-0.6262773722627736,-0.381294964028777,-0.03951367781155012,0.9004053271569196,0.6164294210183018,0.9004053271569196,-0.7905073649754502,0.4453125,0.9941860465116279,0.421903052064632,4.007326007326007,0.6528758829465188,-0.32525741974560873,0.32525741974560873,-0.5949191685912241,-0.612225,-0.08461292999999999,-2023155.0,3071175.0
2,0.3649,0.027100000000000003,0.0269,0.0517,0.10575867,6.4617396e-08,6.0927023e-06,0.39980000000000004,0.3894,0.1854,0.079,0.0216,0.09960000000000001,0.2973,0.3624,-0.5638970898355125,-0.31218274111675126,-0.10927835051546389,0.861734693877551,0.6676598151989439,0.861734693877551,-0.7518002880460872,0.5203094777562862,0.9926199261992619,0.4261057173678533,3.6636546184738954,0.5722178374112076,-0.3261857168817009,0.3261857168817009,-0.5738100020084353,-0.64955,-0.08307233,-2023155.0,3072595.0
2,0.3713,0.0217,0.0221,0.0478,0.057045188,7.028579e-08,3.4061568e-06,0.41340000000000005,0.3876,0.1752,0.07300000000000001,0.019700000000000002,0.0927,0.3075,0.37920000000000004,-0.5713004484304932,-0.3755395683453237,-0.05741626794258371,0.8895674300254454,0.6786823881714392,0.8895674300254454,-0.7718921498449057,0.46234309623430964,1.0184331797235024,0.41666666666666674,4.005393743257821,0.6206293706293707,-0.35882891125343097,0.35882891125343097,-0.6119647613194018,-0.6598999999999999,-0.08374439999999997,-2023145.0,3074015.0
3,0.266,0.06670000000000001,0.0451,0.0733,0.1483868,7.326424e-07,9.9419985e-06,0.29460000000000003,0.2999,0.227,0.1272,0.030500000000000003,0.12350000000000001,0.2316,0.2646,-0.5118215118215118,-0.0471428571428571,-0.1931216931216931,0.5990381725278029,0.4505440716894461,0.5990381725278029,-0.5679339817270851,0.6152796725784447,0.6761619190404797,0.560352422907489,2.1538461538461537,0.29863301787592006,-0.07910750507099393,0.07910750507099393,-0.2320792079207921,-0.47934999999999994,-0.07952292,-2023145.0,3075435.0
5,0.3622,0.1216,0.1091,0.1264,0.14489433,4.4599173e-07,7.0736287e-06,0.3648,0.34500000000000003,0.3295,0.2645,0.052000000000000005,0.2288,0.3261,0.3516,-0.445492432550998,-0.01935483870967747,-0.3544382371198013,0.49731293923108727,0.6155235365710022,0.49731293923108727,-0.48260335652885794,0.863132911392405,0.8972039473684211,0.802731411229135,1.5830419580419581,0.30593607305936077,-0.04727483012866851,0.04727483012866851,-0.09937018894331706,-0.546325,-0.10504055999999998,-2024595.0,3065505.0
5,0.25670000000000004,0.0886,0.0734,0.0971,0.12701695,5.790055e-07,8.653326e-06,0.2807,0.2934,0.2262,0.154,0.041600000000000005,0.1385,0.2325,0.26230000000000003,-0.3993195174760284,-0.04577275175013466,-0.27652173913043476,0.4868230524181871,0.4468815640652771,0.4868230524181871,-0.4511023176936122,0.7559217301750772,0.8284424379232507,0.6808134394341291,1.8534296028880868,0.2197269925143109,-0.06316007454959624,0.06316007454959624,-0.1527850532565044,-0.36970000000000003,-0.06549948,-2024595.0,3066925.0
3,0.4228,0.0281,0.027,0.0558,0.14885205,1.8066466e-07,7.2700814e-06,0.41000000000000003,0.4022,0.1835,0.0814,0.024,0.0918,0.30920000000000003,0.3791,-0.5336397826995403,-0.3301549463647199,-0.058823529411764684,0.8753603903304502,0.7408020735834112,0.8753603903304502,-0.7668198913497701,0.48387096774193544,0.9608540925266904,0.4435967302452316,4.605664488017429,0.5312760633861552,-0.39468909780636646,0.39468909780636646,-0.6084391203289827,-0.7226000000000001,-0.09059385,-2024585.0,3068345.0
3,0.36250000000000004,0.0392,0.030600000000000002,0.0591,0.14071167,6.776482e-07,8.404297e-06,0.3819,0.3663,0.23700000000000002,0.12490000000000001,0.034300000000000004,0.1346,0.2947,0.3418,-0.6008105369807497,-0.202441505595117,0.05701078582434516,0.8048294747323873,0.633715831018857,0.8048294747323873,-0.7196394686907022,0.5177664974619289,0.7806122448979592,0.5270042194092827,2.6931649331352157,0.5489067894131184,-0.20934111759799837,0.20934111759799837,-0.41098348887293606,-0.689675,-0.10180510000000001,-2024585.0,3069765.0
7,0.1995,0.12430000000000001,0.0883,0.11520000000000001,0.08580733,1.4433265e-07,5.4881834e-06,0.21200000000000002,0.1827,0.2295,0.18050000000000002,0.0626,0.1582,0.19060000000000002,0.2034,-0.33159268929503916,0.03799582463465552,-0.170311464546057,0.23224212476837552,0.2918436537936947,0.23224212476837552,-0.26787416587225926,0.7664930555555555,0.7103781174577635,0.7864923747276689,1.261061946902655,0.11999999999999998,0.06993006993006992,-0.06993006993006992,0.028687141410732392,-0.22207500000000008,-0.043449760000000025,-2023845.0,3068705.0
7,0.17120000000000002,0.1476,0.11270000000000001,0.1346,0.07002777,3.110975e-07,6.236402e-06,0.15480000000000002,0.14120000000000002,0.16570000000000001,0.1398,0.0489,0.1432,0.1474,0.15410000000000001,-0.10356310356310361,0.046066619418851915,-0.3948019801980198,0.07402760351317443,0.2314390656596922,0.07402760351317443,-0.11968606932635716,0.8372956909361071,0.763550135501355,0.8436934218467109,1.1955307262569834,-0.015130674002751083,-0.016325319085782143,0.016325319085782143,0.006126378435147816,-0.021200000000000052,0.016653469999999962,-2023325.0,3070965.0
7,0.2031,0.1287,0.0907,0.11910000000000001,0.07422785,9.165406e-08,5.61035e-06,0.2165,0.20750000000000002,0.23240000000000002,0.1819,0.0704,0.15430000000000002,0.196,0.2071,-0.32233285917496446,0.03874092009685229,-0.1260086902545003,0.22423146473779385,0.29269140187637543,0.22423146473779385,-0.26070763500931093,0.7615449202350965,0.7047397047397047,0.7827022375215146,1.3162670123136746,0.09045936395759721,0.06727898966704941,-0.06727898966704941,0.027796161482461914,-0.21932499999999994,-0.04436839999999999,-2023205.0,3070925.0
7,0.23950000000000002,0.12040000000000001,0.0884,0.11720000000000001,0.07439122,4.1955113e-07,4.8763e-06,0.2485,0.25220000000000004,0.2477,0.1882,0.07780000000000001,0.162,0.22160000000000002,0.23770000000000002,-0.35763222800767336,0.013468013468013443,-0.06377858002406737,0.33092525701583775,0.3682731542074062,0.33092525701583775,-0.34286515278945895,0.7542662116040956,0.7342192691029901,0.759790068631409,1.4783950617283952,0.14730878186968838,0.01683087027914611,-0.01683087027914611,-0.030322073841319776,-0.3023499999999999,-0.05681428999999999,-2023185.0,3070985.0
3,0.34650000000000003,0.0238,0.0205,0.0407,0.15314789,2.4920107e-07,9.27529e-06,0.3811,0.38630000000000003,0.1748,0.0787,0.0178,0.0883,0.2831,0.3487,-0.6222737819025521,-0.26201550387596895,-0.07049608355091386,0.8714555765595464,0.6307888135973944,0.8714555765595464,-0.7897727272727272,0.5036855036855037,0.861344537815126,0.4502288329519451,3.924122310305776,0.5753791257805531,-0.32936888547861115,0.32936888547861115,-0.5633652822151226,-0.6400250000000002,-0.08766127000000001,-2023175.0,3065505.0
7,0.0375,0.0546,0.0366,0.052700000000000004,0.06178494,4.2912006e-06,1.9351246e-05,0.036000000000000004,0.1148,0.0269,0.0164,0.0275,0.0558,0.0345,0.0426,0.3241206030150754,0.017707362534948732,-0.14196567862714507,-0.1856677524429968,0.03589767100678525,-0.1856677524429968,0.1685144124168515,0.6944971537001897,0.6703296703296703,0.6096654275092938,0.6720430107526881,0.010869565217391302,-0.16459627329192544,0.16459627329192544,-0.021364576154376234,0.07585000000000001,0.044427230000000005,-2023175.0,3066925.0
3,0.443,0.0414,0.0378,0.0751,0.07514515,1.1012554e-07,3.665807e-06,0.4883,0.4762,0.23420000000000002,0.10790000000000001,0.0318,0.13570000000000002,0.3665,0.4526,-0.5143873262204979,-0.28927038626609447,-0.08620689655172412,0.8290668868703551,0.7572270757866324,0.8290668868703551,-0.7100945763366145,0.5033288948069241,0.9130434782608696,0.46071733561058925,3.2645541635961677,0.5324675324675325,-0.3083284111045481,0.3083284111045481,-0.5261069671480718,-0.763275,-0.09596911999999999,-2024605.0,3061245.0
2,0.35810000000000003,0.0217,0.020200000000000003,0.041800000000000004,0.10608005,8.016229e-08,6.2136664e-06,0.3965,0.3593,0.1652,0.0685,0.0218,0.0805,0.2943,0.3695,-0.5961352657004831,-0.3165354330708662,0.03809523809523803,0.8857293312269616,0.6534634949132256,0.8857293312269616,-0.7909477369342336,0.48325358851674644,0.9308755760368664,0.4146489104116223,4.448447204968945,0.5753424657534247,-0.36862220523600225,0.36862220523600225,-0.6149413020277481,-0.6431250000000002,-0.0838214,-2024605.0,3062665.0
3,0.3231,0.038700000000000005,0.0332,0.061900000000000004,0.1465386,3.3252536e-07,8.697738e-06,0.37610000000000005,0.40190000000000003,0.1953,0.0917,0.031100000000000003,0.1227,0.2909,0.3405,-0.5186625194401244,-0.2306163021868787,-0.032659409020217696,0.7860696517412935,0.5887238765980249,0.7860696517412935,-0.6784415584415584,0.5363489499192245,0.8578811369509043,0.46953405017921146,2.633251833740831,0.520446096654275,-0.2465277777777778,0.2465277777777778,-0.4641462913499075,-0.5667249999999999,-0.06831332999999998,-2024595.0,3064085.0
2,0.48250000000000004,0.0246,0.0229,0.0409,0.085106045,1.70964e-07,4.410584e-06,0.4665,0.3763,0.1535,0.06280000000000001,0.0199,0.0854,0.3406,0.442,-0.5792181069958848,-0.24885496183206104,-0.07009345794392521,0.9029777164267404,0.8102650255425653,0.9029777164267404,-0.8437141765380206,0.5599022004889975,0.9308943089430894,0.4091205211726385,5.649882903981265,0.5527272727272727,-0.5172955974842768,0.5172955974842768,-0.7051282051282051,-0.8131499999999999,-0.08578341999999999,-2023195.0,3058405.0
2,0.40590000000000004,0.024200000000000003,0.024800000000000003,0.0439,0.06943156,9.881258e-08,3.7806226e-06,0.49160000000000004,0.4374,0.1836,0.07440000000000001,0.022000000000000002,0.09920000000000001,0.3684,0.452,-0.6140659340659341,-0.28928046989720996,-0.059829059829059825,0.8874680306905371,0.725624496373892,0.8874680306905371,-0.8048021342819031,0.5649202733485194,1.024793388429752,0.40522875816993464,4.091733870967742,0.6077795786061588,-0.3770992366412214,0.3770992366412214,-0.6274324579633478,-0.7311000000000001,-0.08957611000000001,-2023195.0,3059825.0
2,0.4597,0.0386,0.0378,0.0872,0.086533375,1.3936162e-07,4.258314e-06,0.46390000000000003,0.4425,0.2184,0.1,0.029500000000000002,0.14350000000000002,0.3729,0.4338,-0.42931937172774876,-0.3863275039745628,-0.12332838038632984,0.8450732490467588,0.7889259838045176,0.8450732490467588,-0.681111720607058,0.4334862385321101,0.9792746113989637,0.45787545787545786,3.2034843205574908,0.5760571114772104,-0.3558472201740156,0.3558472201740156,-0.5642194623486874,-0.73635,-0.07569088000000002,-2023185.0,3061245.0
2,0.39790000000000003,0.020300000000000002,0.0199,0.0395,0.08953826,8.922815e-08,5.82175e-06,0.40440000000000004,0.3544,0.1444,0.0582,0.0193,0.0782,0.2999,0.37420000000000003,-0.5704187058183795,-0.3210702341137123,-0.015306122448979588,0.9029172644667623,0.7110438177241053,0.9029172644667623,-0.8193872885230911,0.5037974683544304,0.980295566502463,0.4030470914127424,5.088235294117647,0.5878172588832488,-0.4674534390558732,0.4674534390558732,-0.6836590771710659,-0.68025,-0.07562954,-2023185.0,3062665.0
3,0.3075,0.0634,0.0453,0.0882,0.071871616,1.5358329e-07,4.4040544e-06,0.3612,0.3794,0.2313,0.1105,0.0307,0.1519,0.2908,0.3277,-0.447887323943662,-0.16358839050131926,-0.19210526315789472,0.6581288757077379,0.5231984571449765,0.6581288757077379,-0.55420773313116,0.5136054421768708,0.7145110410094637,0.4777345438824038,2.0243581303489138,0.4110543427775198,-0.14142538975501112,0.14142538975501112,-0.3396620467059047,-0.514775,-0.05813814,-2023185.0,3064085.0
2,0.3912,0.022600000000000002,0.0205,0.0396,0.10257255,1.3868213e-07,6.5912377e-06,0.4274,0.40850000000000003,0.19090000000000001,0.0791,0.0213,0.0845,0.3186,0.3917,-0.6563991323210413,-0.2733118971061093,0.01913875598086121,0.8907684871918801,0.6958231674010416,0.8907684871918801,-0.8161559888579386,0.5176767676767676,0.9070796460176991,0.4143530644316396,4.629585798816568,0.5779645191409898,-0.344098952070091,0.344098952070091,-0.6038176860148031,-0.733875,-0.10203474999999998,-2023145.0,3076855.0
7,0.1903,0.14700000000000002,0.1051,0.132,0.087676525,1.9826591e-07,6.1774044e-06,0.20720000000000002,0.14730000000000001,0.2349,0.1988,0.062200000000000005,0.18150000000000002,0.19240000000000002,0.2011,-0.28045789043336056,0.053763440860215096,-0.2564255827854154,0.12837236881114727,0.25602585569097774,0.12837236881114727,-0.18088737201365182,0.7962121212121211,0.7149659863945578,0.8463175819497659,1.0484848484848484,0.10502283105022832,0.10489181561618062,-0.10489181561618062,0.07860262008733625,-0.15300000000000002,-0.027972649999999977,-2022395.0,3071925.0
7,0.153,0.1456,0.1158,0.1355,0.050132923,6.484389e-08,4.4649732e-06,0.1562,0.1757,0.17300000000000001,0.1504,0.08950000000000001,0.15330000000000002,0.1537,0.1572,-0.12155591572123178,0.0359302739238705,-0.12810521188504623,0.02478231748158068,0.20455919177963908,0.02478231748158068,-0.06065857885615247,0.8546125461254612,0.7953296703296703,0.869364161849711,0.9980430528375732,0.025761124121779895,0.0613496932515338,-0.0613496932515338,0.048158640226629,0.0031500000000000417,0.01792750000000001,-2021775.0,3074905.0
7,0.1476,0.1433,0.11610000000000001,0.1353,0.041917685,6.4641235e-08,3.8106396e-06,0.1504,0.1777,0.1583,0.13540000000000002,0.0857,0.15280000000000002,0.1514,0.1527,-0.07833787465940052,0.02871500358937547,-0.15064420218037666,0.014781711928497757,0.1985659613777328,0.014781711928497757,-0.04347826086956523,0.8580931263858094,0.8101884159106769,0.8553379658875554,0.9659685863874345,0.03208375548801083,0.034978751225890774,-0.034978751225890774,0.027654867256637187,0.029350000000000043,0.03199653000000002,-2021775.0,3075045.0
7,0.20370000000000002,0.12510000000000002,0.0893,0.11660000000000001,0.11331282,7.57426e-07,8.086849e-06,0.221,0.2179,0.2335,0.1837,0.0721,0.1542,0.19890000000000002,0.21380000000000002,-0.3339045986860897,0.03516756309474558,-0.10656753407682781,0.23905109489051093,0.29905414347436854,0.23905109489051093,-0.2719325632219794,0.7658662092624356,0.7138289368505195,0.7867237687366166,1.3210116731517512,0.10418904403866805,0.06816102470265323,-0.06816102470265323,0.026254569624459916,-0.22907500000000003,-0.04803781999999998,-2021755.0,3074785.0
3,0.3528,0.023200000000000002,0.0236,0.0597,0.1028,1.08504295e-07,6.3837742e-06,0.3551,0.3715,0.1695,0.0753,0.0195,0.1081,0.2795,0.33140000000000003,-0.4790575916230367,-0.4402895054282268,-0.0951276102088167,0.8765957446808511,0.6530798479087453,0.8765957446808511,-0.7105454545454547,0.39530988274706863,1.0172413793103448,0.44424778761061945,3.263644773358002,0.6466108149276466,-0.3509477311889718,0.3509477311889718,-0.5851758264897874,-0.5917749999999999,-0.06485181000000001,-2021735.0,3071175.0
1,0.3015,0.0616,0.045200000000000004,0.0772,0.10318645,3.204584e-07,6.3498837e-06,0.3291,0.3134,0.21430000000000002,0.1267,0.031400000000000004,0.1351,0.2695,0.30260000000000004,-0.4703259005145797,-0.11239193083573489,-0.18015665796344646,0.660699531809419,0.5195931236393664,0.660699531809419,-0.5922894111433853,0.5854922279792746,0.7337662337662338,0.5912272515165655,2.231680236861584,0.3736654804270463,-0.16905777433113603,0.16905777433113603,-0.29607476635514013,-0.503825,-0.07078365,-2021735.0,3072595.0
2,0.3388,0.0261,0.024900000000000002,0.045700000000000005,0.1260705,2.0370184e-07,7.5076837e-06,0.3589,0.3698,0.1746,0.08310000000000001,0.0247,0.0884,0.26880000000000004,0.3292,-0.5851112119836587,-0.2729805013927577,-0.004032258064516174,0.8569471087969306,0.6272876628586711,0.8569471087969306,-0.7622886866059817,0.5448577680525164,0.9540229885057472,0.4759450171821306,3.8325791855203617,0.5441048034934498,-0.31982859368913125,0.31982859368913125,-0.5381687460351025,-0.610175,-0.08510194999999998,-2021735.0,3074015.0
7,0.0356,0.058600000000000006,0.0412,0.056900000000000006,0.08720172,3.892052e-06,2.4418167e-05,0.0414,0.1318,0.030100000000000002,0.021,0.032100000000000004,0.0575,0.041100000000000005,0.0478,0.3080459770114943,0.014718614718614718,-0.12414733969986352,-0.2441613588110404,0.02819514004822852,-0.2441613588110404,0.23027027027027033,0.7240773286467486,0.7030716723549487,0.6976744186046512,0.6191304347826087,-0.009474590869939738,-0.08371385083713846,0.08371385083713846,0.017902813299232715,0.09015,0.04509284000000001,-2021725.0,3075435.0
3,0.25880000000000003,0.083,0.057600000000000005,0.0829,0.16328178,1.3148367e-06,1.0936279e-05,0.2889,0.2926,0.279,0.1758,0.0476,0.1421,0.2306,0.25670000000000004,-0.5418623929262227,0.0006027727546715062,-0.09505703422053233,0.5143358689291984,0.4257246376811595,0.5143358689291984,-0.514779045946737,0.6948130277442702,0.6939759036144578,0.6301075268817204,1.8212526389866293,0.2625499777876499,0.037560431387132755,-0.037560431387132755,-0.10013908205841443,-0.49790000000000006,-0.10629928000000002,-2021725.0,3076855.0
3,0.34490000000000004,0.0354,0.0309,0.06960000000000001,0.10643193,3.4052132e-07,6.8011855e-06,0.329,0.3341,0.1917,0.0952,0.0268,0.1178,0.2599,0.3005,-0.46727898966704934,-0.32571428571428573,-0.07105719237435007,0.8138311859058639,0.6237788087963487,0.8138311859058639,-0.6641737032569361,0.4439655172413793,0.8728813559322034,0.4966092853416797,2.9278438030560276,0.5378590078328982,-0.28550130450987704,0.28550130450987704,-0.4842022116903634,-0.5762,-0.07033886,-2023165.0,3068345.0
1,0.21000000000000002,0.0811,0.047,0.0703,0.1791816,2.540913e-06,1.4207786e-05,0.22410000000000002,0.2417,0.2089,0.1549,0.034800000000000005,0.1197,0.1821,0.203,-0.49641833810888253,0.07133421400264203,-0.14914425427872854,0.44280316042597045,0.33025816531508073,0.44280316042597045,-0.4983945772386729,0.6685633001422475,0.5795314426633785,0.7415031115366204,1.7543859649122808,0.19223107569721112,-0.002625925041776122,0.002625925041776122,-0.042596348884381324,-0.36687500000000006,-0.07808118000000003,-2023165.0,3069765.0
7,0.157,0.1306,0.1038,0.1236,0.05052148,1.7600655e-07,4.67641e-06,0.1622,0.1575,0.18730000000000002,0.161,0.0694,0.1497,0.1554,0.1615,-0.20488903184303642,0.027537372147915,-0.19861431870669743,0.09179415855354663,0.22536786851389726,0.09179415855354663,-0.11903064861012116,0.8398058252427185,0.7947932618683002,0.8595835557928456,1.0487641950567803,0.06814127720299681,0.08800464711007847,-0.08800464711007847,0.055756698044894894,-0.06340000000000007,-0.007530490000000022,-2023155.0,3070895.0
7,0.1966,0.1622,0.1174,0.1432,0.07841106,1.7072855e-07,5.2475407e-06,0.19210000000000002,0.1966,0.2295,0.1976,0.07440000000000001,0.17350000000000002,0.1791,0.1872,-0.2315535283069493,0.062213490504256765,-0.2241918665276329,0.09587513935340018,0.2554099123555418,0.09587513935340018,-0.15715126545026487,0.8198324022346369,0.7237977805178791,0.8610021786492374,1.1331412103746397,0.03366100685135539,0.07721192208401786,-0.07721192208401786,0.06797269219352925,-0.11435000000000012,-0.01930399999999998,-2023115.0,3070935.0
2,0.4041,0.024300000000000002,0.0227,0.0436,0.109446324,1.4061928e-07,5.7465895e-06,0.45330000000000004,0.44220000000000004,0.18380000000000002,0.0775,0.0207,0.0921,0.3312,0.4132,-0.6165347405452947,-0.284241531664212,-0.0460829493087558,0.8865546218487396,0.714637770449027,0.8865546218487396,-0.8052267143176235,0.5206422018348624,0.934156378600823,0.42165397170837865,4.387622149837133,0.5824742268041236,-0.3747235924476951,0.3747235924476951,-0.6148316307226637,-0.7307750000000001,-0.09523330000000002,-2021755.0,3065495.0
3,0.3667,0.0308,0.0264,0.053700000000000005,0.072430186,1.13695855e-07,4.0229424e-06,0.41750000000000004,0.3478,0.1719,0.0781,0.0176,0.0922,0.31320000000000003,0.39,-0.523936170212766,-0.27100591715976335,-0.19999999999999998,0.8450314465408806,0.6545622460288141,0.8450314465408806,-0.7445290199809704,0.49162011173184356,0.8571428571428571,0.4543339150668994,3.977223427331887,0.4991869918699187,-0.3616784255477164,0.3616784255477164,-0.5661354581673307,-0.6277249999999999,-0.08003951999999998,-2021755.0,3066915.0
1,0.3093,0.0155,0.0172,0.0292,0.119686335,2.9757916e-07,7.083848e-06,0.36960000000000004,0.4199,0.1386,0.057600000000000005,0.0173,0.0655,0.2627,0.3413,-0.6519666269368295,-0.3064876957494407,0.0028985507246376634,0.9045566502463054,0.5951072017592084,0.9045566502463054,-0.8274741506646972,0.589041095890411,1.1096774193548387,0.4155844155844156,4.7221374045801525,0.6172839506172839,-0.3811118553248493,0.3811118553248493,-0.6341341341341341,-0.56725,-0.07765334,-2021745.0,3068335.0
1,0.2531,0.0531,0.0396,0.067,0.09969233,3.5918055e-07,6.9275466e-06,0.2862,0.3265,0.21030000000000001,0.1198,0.0264,0.1189,0.228,0.2564,-0.5167688424089434,-0.11573688592839301,-0.20000000000000004,0.6531678641410843,0.4547344473209382,0.6531678641410843,-0.5813808184942205,0.591044776119403,0.7457627118644068,0.5696623870660961,2.1286795626576955,0.38255813953488366,-0.09236081139404397,0.09236081139404397,-0.2573024054982818,-0.45805,-0.07626978999999999,-2021745.0,3069755.0
2,0.4202,0.0194,0.019100000000000002,0.042,0.068203464,8.410513e-08,3.5806297e-06,0.43160000000000004,0.38770000000000004,0.17850000000000002,0.0756,0.0164,0.0876,0.32130000000000003,0.4001,-0.619047619047619,-0.36807817589576547,-0.07605633802816904,0.9117379435850774,0.7400150715900528,0.9117379435850774,-0.8182604932929468,0.4547619047619048,0.9845360824742269,0.4235294117647058,4.796803652968037,0.6373831775700934,-0.4037080340738266,0.4037080340738266,-0.6443945349054839,-0.75505,-0.09676699,-2020335.0,3065495.0
2,0.42700000000000005,0.0171,0.0179,0.040400000000000005,0.100065134,6.891191e-08,5.5885866e-06,0.4435,0.42210000000000003,0.1502,0.0599,0.013900000000000001,0.0849,0.3347,0.4143,-0.5760755508919202,-0.40521739130434786,-0.12578616352201252,0.9229903174960594,0.7527860393449674,0.9229903174960594,-0.8271287976037656,0.443069306930693,1.0467836257309941,0.39880159786950736,5.0294464075382805,0.6647058823529411,-0.4795564795564796,0.4795564795564796,-0.7049243150028742,-0.7319250000000002,-0.07973441,-2020335.0,3066915.0
2,0.39630000000000004,0.0193,0.016900000000000002,0.0349,0.08191181,1.3629794e-07,4.7230055e-06,0.4161,0.4297,0.15230000000000002,0.0604,0.0173,0.075,0.299,0.3834,-0.6271367521367521,-0.2878228782287823,0.011695906432748466,0.9071222329162657,0.7012307359151119,0.9071222329162657,-0.838126159554731,0.4842406876790831,0.8756476683937824,0.3965856861457649,5.284000000000001,0.5906680805938495,-0.44476850164053955,0.44476850164053955,-0.6766078312030839,-0.7036500000000002,-0.08552056000000002,-2021775.0,3058405.0
3,0.3158,0.0627,0.0488,0.0868,0.10886275,2.4102926e-07,7.2903117e-06,0.34,0.3466,0.2182,0.1102,0.039400000000000004,0.1358,0.269,0.307,-0.4308196721311476,-0.16120401337792636,-0.10657596371882085,0.6686922060766181,0.5481146304675717,0.6686922060766181,-0.5688027819175361,0.5622119815668203,0.7783094098883573,0.5050412465627865,2.325478645066274,0.36826196473551637,-0.18277153558052436,0.18277153558052436,-0.3566511627906977,-0.5076500000000002,-0.06145484000000001,-2021775.0,3059825.0
3,0.37160000000000004,0.0361,0.0332,0.06280000000000001,0.12317673,2.2775531e-07,7.1697477e-06,0.37310000000000004,0.3533,0.19890000000000002,0.0927,0.0302,0.1164,0.2894,0.3386,-0.5200611387084447,-0.26996966632962593,-0.047318611987381694,0.8229090017169487,0.6667413381123058,0.8229090017169487,-0.7108655616942909,0.5286624203821655,0.9196675900277008,0.46606334841628955,3.1924398625429555,0.5265573770491804,-0.30271691498685366,0.30271691498685366,-0.5172413793103448,-0.642375,-0.07797687,-2021765.0,3061235.0
2,0.2914,0.0438,0.029900000000000003,0.05,0.18118498,1.1228323e-06,1.2486196e-05,0.3242,0.3234,0.18030000000000002,0.09480000000000001,0.0246,0.0971,0.2461,0.2962,-0.5657837603126358,-0.0660980810234542,-0.09724770642201838,0.7386634844868735,0.5148313846385203,0.7386634844868735,-0.7070884592852958,0.598,0.6826484018264841,0.5257903494176372,3.0010298661174044,0.3782824698367637,-0.23553105787576845,0.23553105787576845,-0.3972602739726027,-0.5289499999999999,-0.07653692000000001,-2021765.0,3062655.0
3,0.4425,0.0346,0.0313,0.07590000000000001,0.08252824,2.0160674e-07,4.0929417e-06,0.435,0.3931,0.2152,0.0979,0.0216,0.1411,0.339,0.394,-0.47852971487461343,-0.37375565610859734,-0.1833648393194707,0.8549570320687486,0.7571625393012329,0.8549570320687486,-0.7071759259259259,0.4123847167325428,0.9046242774566474,0.4549256505576208,3.13607370659107,0.6061468412066022,-0.3455982970959404,0.3455982970959404,-0.5629226455550057,-0.7410249999999998,-0.07954539999999999,-2021765.0,3064075.0
3,0.38330000000000003,0.0393,0.034800000000000005,0.0729,0.11375852,2.8488634e-07,6.6387965e-06,0.373,0.39030000000000004,0.21100000000000002,0.10310000000000001,0.027800000000000002,0.12760000000000002,0.29650000000000004,0.3421,-0.48643888693201826,-0.29946524064171126,-0.11182108626198087,0.8140085186938003,0.6766438406597454,0.8140085186938003,-0.6804033318719859,0.47736625514403297,0.8854961832061069,0.4886255924170616,3.0039184952978055,0.5290593169562613,-0.28992091536261144,0.28992091536261144,-0.4918822479928635,-0.648625,-0.07887401000000002,-2020355.0,3058395.0
3,0.2891,0.0641,0.044700000000000004,0.07200000000000001,0.09505969,3.645241e-07,6.4912056e-06,0.30910000000000004,0.33490000000000003,0.2267,0.1288,0.0296,0.1258,0.2454,0.2793,-0.5179109474389019,-0.05804555473916241,-0.20323014804845224,0.6370328425821066,0.4920990698195674,0.6370328425821066,-0.6012184990307394,0.6208333333333333,0.6973478939157567,0.5681517423908249,2.298092209856916,0.3249078462348604,-0.12097712291585887,0.12097712291585887,-0.26751471425859125,-0.5168,-0.08233366,-2020355.0,3059815.0
2,0.4198,0.0193,0.0201,0.0352,0.069402315,1.044631e-07,3.6179472e-06,0.4541,0.39990000000000003,0.163,0.06620000000000001,0.0199,0.079,0.32730000000000004,0.42100000000000004,-0.644803229061554,-0.291743119266055,-0.00499999999999997,0.9120929173309041,0.7439072823771526,0.9120929173309041,-0.8452747252747252,0.5710227272727272,1.0414507772020725,0.4061349693251534,5.313924050632911,0.607324516785351,-0.4406314344543583,0.4406314344543583,-0.6745336886181956,-0.74955,-0.09358988,-2020345.0,3061235.0
3,0.3931,0.0412,0.0308,0.0572,0.09605709,3.098488e-07,5.703216e-06,0.3689,0.366,0.2023,0.10260000000000001,0.027200000000000002,0.11410000000000001,0.28200000000000003,0.3411,-0.5591522157996146,-0.16260162601626016,-0.06206896551724136,0.8102693990329265,0.6680976371248137,0.8102693990329265,-0.7459471463468798,0.5384615384615384,0.7475728155339806,0.5071675729115176,3.4452234881682733,0.46941403734707027,-0.3204568357406785,0.3204568357406785,-0.49339439844988553,-0.6936500000000001,-0.08881745,-2020345.0,3062655.0
2,0.4698,0.0269,0.0292,0.060700000000000004,0.13440065,9.0521574e-08,6.2803124e-06,0.5033,0.5034000000000001,0.20170000000000002,0.08420000000000001,0.0217,0.1163,0.38070000000000004,0.46580000000000005,-0.5373475609756098,-0.3858447488584475,-0.14734774066797643,0.8916851218039058,0.8126327715621019,0.8916851218039058,-0.7711592836946278,0.48105436573311366,1.0855018587360594,0.4174516608824988,4.039552880481513,0.6243016759776537,-0.3992553983618764,0.3992553983618764,-0.6357974102606131,-0.80525,-0.09234944999999997,-2020345.0,3064075.0
7,0.1542,0.14930000000000002,0.1197,0.1394,0.045471888,5.3495167e-08,4.4844383e-06,0.1645,0.168,0.1763,0.1501,0.094,0.1623,0.1635,0.1665,-0.11688311688311694,0.03429165223415317,-0.12026204960224614,0.01614497528830309,0.2049902364938164,0.01614497528830309,-0.050408719346049076,0.8586800573888093,0.8017414601473543,0.8513896766874646,0.9500924214417745,0.04172015404364565,0.06686838124054466,-0.06686838124054466,0.04447933019361585,0.009974999999999956,0.02466746000000004,-2021605.0,3072585.0
7,0.14500000000000002,0.14350000000000002,0.11330000000000001,0.1326,0.044629246,4.4986603e-08,4.237228e-06,0.1549,0.1621,0.1698,0.1484,0.0911,0.1554,0.15410000000000001,0.1564,-0.12301587301587305,0.03947844983701565,-0.10861056751467714,0.005199306759098791,0.18940540540540543,0.005199306759098791,-0.04466858789625368,0.854449472096531,0.7895470383275262,0.8739693757361602,0.9330759330759332,0.039812646370023394,0.07878017789072422,-0.07878017789072422,0.06106870229007637,0.009699999999999986,0.020645660000000014,-2021575.0,3072635.0
7,0.11180000000000001,0.1076,0.0777,0.097,0.08398916,8.3084103e-07,1.161023e-05,0.10300000000000001,0.14850000000000002,0.0944,0.0767,0.0698,0.1105,0.1009,0.1063,0.01358411703239292,0.05180840664711631,-0.05355932203389833,0.019143117593436686,0.14634146341463417,0.019143117593436686,-0.07088122605363988,0.8010309278350516,0.7221189591078068,0.8125000000000001,1.0117647058823531,0.01329665291150848,-0.08438409311348212,0.08438409311348212,-0.013911182450508245,0.030074999999999963,0.04303006999999998,-2021545.0,3072705.0
7,0.1665,0.1484,0.10700000000000001,0.1323,0.08699519,1.451671e-07,7.94601e-06,0.1562,0.1444,0.1746,0.15180000000000002,0.0711,0.1504,0.15,0.15510000000000002,-0.13782991202346043,0.057356608478803,-0.20157215047726004,0.057478564623690075,0.21352838010204084,0.057478564623690075,-0.11445783132530123,0.8087679516250945,0.7210242587601079,0.8694158075601376,1.1070478723404256,0.0066934404283801935,0.023746701846965687,-0.023746701846965687,0.04654000348614258,-0.03595000000000009,0.010929909999999998,-2021515.0,3073255.0
7,0.22790000000000002,0.1028,0.07,0.0979,0.08664427,3.35294e-07,6.611542e-06,0.2114,0.1993,0.21430000000000002,0.1698,0.0656,0.1565,0.1904,0.2029,-0.37283792440743113,0.024414549078226218,-0.03244837758112095,0.37828847898397344,0.35383041600363724,0.37828847898397344,-0.39901780233271944,0.7150153217568949,0.6809338521400778,0.7923471768548763,1.456230031948882,0.20709602776706518,-0.03075531433740389,0.03075531433740389,-0.0443470639789659,-0.30610000000000004,-0.04816522,-2021505.0,3073135.0
7,0.19240000000000002,0.1213,0.0892,0.114,0.09136413,5.074918e-07,6.218348e-06,0.23820000000000002,0.22640000000000002,0.21330000000000002,0.1572,0.0625,0.1452,0.2089,0.2283,-0.30339138405132904,0.03102422439439014,-0.17600527356624918,0.22664966528530445,0.2874840153452686,0.22664966528530445,-0.2558746736292429,0.7824561403508772,0.7353668590272052,0.7369901547116736,1.3250688705234162,0.08968105065666038,0.051515898447128415,-0.051515898447128415,-0.005534725941796092,-0.1950500000000001,-0.03237461,-2021375.0,3073525.0
7,0.1975,0.1217,0.0907,0.1143,0.07898441,5.142987e-07,5.8213286e-06,0.215,0.1827,0.21350000000000002,0.1704,0.0893,0.1501,0.1948,0.2092,-0.30262355094569865,0.03135593220338985,-0.00777777777777777,0.237468671679198,0.29824842679065294,0.237468671679198,-0.26683771648492627,0.7935258092738408,0.7452752670501233,0.7981264637002341,1.3157894736842104,0.10448859455481974,0.03892944038929443,-0.03892944038929443,0.006720661726693115,-0.19745000000000007,-0.03424027000000002,-2020855.0,3077385.0
7,0.19160000000000002,0.1413,0.09090000000000001,0.1208,0.07025775,1.0851621e-07,5.462455e-06,0.2019,0.1658,0.2272,0.1908,0.0621,0.1652,0.1869,0.196,-0.3057471264367816,0.07821442197634493,-0.18823529411764706,0.15109642535295886,0.2487386292490701,0.15109642535295886,-0.22663252240717033,0.7524834437086093,0.643312101910828,0.8397887323943661,1.1598062953995159,0.07797716150081568,0.08500477554918813,-0.08500477554918813,0.08070289619264558,-0.1876000000000001,-0.03593911999999997,-2020825.0,3076755.0
2,0.25670000000000004,0.0247,0.0227,0.039400000000000004,0.05052709,1.18416544e-07,4.7678013e-06,0.3013,0.3098,0.1154,0.05,0.0171,0.0747,0.22440000000000002,0.2725,-0.4909560723514212,-0.22932917316692675,-0.14070351758793972,0.8244491826581379,0.49977726481189005,0.8244491826581379,-0.7338736913205,0.5761421319796954,0.9190283400809717,0.43327556325823224,3.4364123159303888,0.5030181086519114,-0.37973662993818874,0.37973662993818874,-0.5780852866421916,-0.4244500000000001,-0.044224429999999995,-2020325.0,3071175.0
3,0.3579,0.0244,0.023100000000000002,0.049800000000000004,0.12955323,1.6601682e-07,7.547093e-06,0.41500000000000004,0.4449,0.1937,0.083,0.0194,0.0976,0.30160000000000003,0.3826,-0.590965092402464,-0.3423180592991914,-0.0870588235294118,0.8723515563693436,0.6538822733931858,0.8723515563693436,-0.7557027225901397,0.463855421686747,0.9467213114754098,0.4284976768198245,3.6670081967213113,0.6,-0.2976794778825235,0.2976794778825235,-0.5601965601965602,-0.6590499999999999,-0.09272181999999998,-2020315.0,3072585.0
2,0.4444,0.0296,0.034800000000000005,0.060000000000000005,0.07539838,1.3082325e-07,4.049356e-06,0.4848,0.42600000000000005,0.162,0.07,0.033600000000000005,0.1092,0.34450000000000003,0.4409,-0.4594594594594595,-0.3392857142857143,-0.0175438596491228,0.8751054852320674,0.7945628214548126,0.8751054852320674,-0.7620935765265662,0.5800000000000001,1.1756756756756759,0.4320987654320988,4.069597069597069,0.5734870317002881,-0.46569920844327173,0.46569920844327173,-0.6558396682791984,-0.7073,-0.07021617999999999,-2030195.0,3089665.0
2,0.41500000000000004,0.0213,0.0247,0.0494,0.07208416,5.558133e-08,4.0913037e-06,0.443,0.4092,0.15380000000000002,0.06520000000000001,0.0269,0.09770000000000001,0.32370000000000004,0.40340000000000004,-0.5137795275590552,-0.39745403111739747,0.042635658914728695,0.9023607609443044,0.7485543810541048,0.9023607609443044,-0.7872523686477175,0.5,1.15962441314554,0.42392717815344605,4.247697031729785,0.6420168067226891,-0.4592123769338958,0.4592123769338958,-0.6712276700874192,-0.6887000000000002,-0.07229325,-2030185.0,3091085.0
2,0.35750000000000004,0.0268,0.027700000000000002,0.0567,0.070923895,5.720854e-08,5.532069e-06,0.35750000000000004,0.3607,0.1321,0.055600000000000004,0.0256,0.0985,0.2691,0.3291,-0.399364406779661,-0.3580838323353293,-0.039399624765478446,0.8605256310174344,0.661516157338522,0.8605256310174344,-0.7262192177691937,0.4885361552028219,1.033582089552239,0.4208932626797881,3.6294416243654823,0.5722266560255387,-0.46037581699346414,0.46037581699346414,-0.6475620188195039,-0.55105,-0.04461952999999999,-2030175.0,3092505.0
2,0.2938,0.0281,0.028300000000000002,0.052000000000000005,0.072063915,9.185671e-08,5.5937903e-06,0.3149,0.3053,0.1312,0.0609,0.0279,0.0887,0.2315,0.28190000000000004,-0.4323144104803493,-0.29837702871410743,-0.0071174377224199475,0.8254116185150667,0.5650521937367515,0.8254116185150667,-0.6992481203007519,0.5442307692307692,1.00711743772242,0.4641768292682927,3.3122886133032696,0.5188356164383562,-0.3825882352941176,0.3825882352941176,-0.5670153247385065,-0.463975,-0.04721418999999999,-2030175.0,3093925.0
2,0.32980000000000004,0.0453,0.0511,0.0703,0.09441348,4.964352e-07,7.027312e-06,0.3375,0.30910000000000004,0.1545,0.08650000000000001,0.051500000000000004,0.1082,0.25730000000000003,0.30560000000000004,-0.37455516014234874,-0.2162629757785467,0.00389863547758289,0.7584644094908024,0.6395534944802398,0.7584644094908024,-0.6485878530367409,0.7268847795163584,1.1280353200883002,0.5598705501618123,3.048059149722736,0.4097719869706841,-0.3619657237249639,0.3619657237249639,-0.48585917690657304,-0.47797500000000004,-0.04815094000000001,-2030165.0,3095345.0
2,0.34740000000000004,0.027,0.028900000000000002,0.0526,0.11854282,5.403757e-08,7.24229e-06,0.3977,0.35450000000000004,0.1588,0.0693,0.026500000000000003,0.1034,0.29450000000000004,0.3617,-0.5023651844843897,-0.32160804020100503,-0.043321299638989154,0.8557692307692306,0.6509882798901482,0.8557692307692306,-0.7370000000000001,0.5494296577946768,1.0703703703703704,0.4363979848866499,3.3597678916827856,0.5858895705521472,-0.3725800079020151,0.3725800079020151,-0.5924672027084216,-0.581575,-0.06268874999999997,-2028765.0,3091075.0
2,0.3438,0.028300000000000002,0.030500000000000003,0.0517,0.071397625,1.1810958e-07,5.156702e-06,0.388,0.3871,0.14020000000000002,0.059500000000000004,0.0296,0.0993,0.28400000000000003,0.34940000000000004,-0.46117769671704023,-0.2925,-0.014975041597337795,0.847890352055899,0.6469237654200879,0.847890352055899,-0.7385587863463968,0.5899419729206964,1.0777385159010602,0.4243937232524964,3.4622356495468276,0.5564263322884012,-0.42066115702479334,0.42066115702479334,-0.6199956719324822,-0.551375,-0.05105025000000001,-2028755.0,3092495.0
2,0.33,0.0241,0.0261,0.054400000000000004,0.14900583,2.0430683e-07,1.1152436e-05,0.3441,0.35450000000000004,0.1396,0.0623,0.0285,0.0974,0.2605,0.3165,-0.43917525773195876,-0.38598726114649684,0.04395604395604394,0.8638802598136119,0.62626578566681,0.8638802598136119,-0.7169614984391259,0.4797794117647059,1.08298755186722,0.4462750716332378,3.3880903490759753,0.6032921810699589,-0.4054514480408859,0.4054514480408859,-0.609491525423729,-0.526725,-0.05061048999999998,-2028755.0,3093915.0
2,0.3553,0.0351,0.033600000000000005,0.06620000000000001,0.06714961,9.037852e-08,4.4907524e-06,0.3705,0.3408,0.1405,0.0632,0.031900000000000005,0.114,0.2841,0.336,-0.35945815191098207,-0.30700888450148084,-0.025954198473282442,0.8201844262295082,0.6493264327574396,0.8201844262295082,-0.6858837485172006,0.5075528700906344,0.9572649572649574,0.4498220640569395,3.1166666666666667,0.5291750503018108,-0.4332392093586123,0.4332392093586123,-0.5964696223316913,-0.5287999999999999,-0.037230059999999995,-2027355.0,3089645.0
2,0.32680000000000003,0.0261,0.0269,0.0512,0.06283772,6.479025e-08,4.692977e-06,0.3599,0.3614,0.12510000000000002,0.0531,0.0247,0.10360000000000001,0.2756,0.3286,-0.4191718661372661,-0.32470892626131953,-0.042635658914728695,0.8520827429866817,0.6170951507821949,0.8520827429866817,-0.729100529100529,0.525390625,1.0306513409961686,0.42446043165467623,3.1544401544401546,0.5975327679259831,-0.4463376853286125,0.4463376853286125,-0.6340956340956342,-0.509675,-0.036560409999999995,-2025935.0,3089645.0
3,0.26830000000000004,0.07,0.0497,0.079,0.1044729,5.5252315e-07,7.1285017e-06,0.29550000000000004,0.3042,0.2457,0.15990000000000001,0.0376,0.131,0.2379,0.2695,-0.513396981829381,-0.060402684563758344,-0.138602520045819,0.5861661247413539,0.4566531108661777,0.5861661247413539,-0.5450619061330262,0.6291139240506329,0.71,0.6507936507936508,2.0480916030534355,0.30348258706467657,-0.04396887159533081,0.04396887159533081,-0.16079576565066622,-0.48382500000000006,-0.09721880999999999,-2028805.0,3079715.0
3,0.4254,0.027100000000000003,0.025900000000000003,0.0506,0.07208477,1.1060238e-07,4.0361692e-06,0.4425,0.39880000000000004,0.18530000000000002,0.0811,0.0262,0.1038,0.3267,0.40950000000000003,-0.5710046629927935,-0.3024453024453024,0.005758157389635281,0.880220994475138,0.7436053811659192,0.880220994475138,-0.7873949579831934,0.5118577075098815,0.955719557195572,0.4376686454398273,4.098265895953757,0.5859434682964094,-0.39315539544784667,0.39315539544784667,-0.6132260947274352,-0.743375,-0.08889696,-2028805.0,3081135.0
2,0.465,0.031100000000000003,0.0324,0.060200000000000004,0.13581882,1.4835e-07,5.517408e-06,0.5212,0.46640000000000004,0.19820000000000002,0.08360000000000001,0.027200000000000002,0.1096,0.39030000000000004,0.4839,-0.5340557275541796,-0.3187294633077766,-0.08724832214765095,0.8746220520056439,0.8032088598608549,0.8746220520056439,-0.7707539984767708,0.5382059800664452,1.0418006430868165,0.42179616548940463,4.242700729927007,0.5579246624022743,-0.40229191797346203,0.40229191797346203,-0.6252246364973043,-0.7909999999999999,-0.09296756,-2027395.0,3078295.0
3,0.31270000000000003,0.06430000000000001,0.0451,0.077,0.09450729,5.1518083e-07,6.0189923e-06,0.3331,0.33290000000000003,0.2116,0.1102,0.035,0.1345,0.2554,0.2943,-0.4663894663894663,-0.08987968860580317,-0.1260923845193508,0.6588859416445623,0.5274398088586656,0.6588859416445623,-0.6048242237618681,0.5857142857142857,0.7013996889580092,0.5207939508506616,2.3249070631970263,0.3531187122736418,-0.1928285332824719,0.1928285332824719,-0.3443546872064625,-0.5213,-0.06316994,-2027385.0,3079715.0
3,0.3178,0.0473,0.036500000000000005,0.0683,0.08543924,1.6625822e-07,5.456405e-06,0.3388,0.373,0.18150000000000002,0.0887,0.0284,0.11470000000000001,0.2657,0.3084,-0.4531625300240193,-0.18166089965397922,-0.1248073959938367,0.7408929060531361,0.5627141619911888,0.7408929060531361,-0.6462056462056462,0.5344070278184481,0.7716701902748415,0.48870523415977957,2.770706190061029,0.41604938271604947,-0.27298217504506306,0.27298217504506306,-0.4452376096267592,-0.5195250000000001,-0.058408240000000014,-2027385.0,3081135.0
3,0.39640000000000003,0.033,0.0309,0.0511,0.10951383,3.3031702e-07,7.4748036e-06,0.4168,0.386,0.1822,0.0859,0.032600000000000004,0.09860000000000001,0.30770000000000003,0.38320000000000004,-0.5619374196313759,-0.2152199762187871,0.026771653543307142,0.8462971588262693,0.7030418669504276,0.8462971588262693,-0.7716201117318436,0.6046966731898239,0.9363636363636363,0.47145993413830956,4.020283975659229,0.4984802431610943,-0.3702039405461459,0.3702039405461459,-0.5646283412669352,-0.687775,-0.08673383999999999,-2027375.0,3082555.0
2,0.40090000000000003,0.0291,0.027600000000000003,0.0545,0.07107217,1.2206435e-07,3.5086978e-06,0.444,0.4113,0.20470000000000002,0.08950000000000001,0.0258,0.1078,0.3383,0.41440000000000005,-0.5794753086419753,-0.3038277511961722,-0.03370786516853938,0.8646511627906976,0.7111070515162587,0.8646511627906976,-0.7606499780412824,0.5064220183486239,0.9484536082474228,0.43722520762090866,3.7189239332096475,0.574872169466764,-0.3239762219286658,0.3239762219286658,-0.5664412356059222,-0.722175,-0.09409071999999999,-2025975.0,3078285.0
2,0.3889,0.0244,0.0224,0.046900000000000004,0.087325074,1.206696e-07,5.046533e-06,0.4082,0.374,0.1884,0.0833,0.0198,0.09040000000000001,0.3052,0.37420000000000003,-0.6013599660008501,-0.3155680224403927,-0.061611374407582895,0.8819259617711107,0.6932275287062094,0.8819259617711107,-0.7847636530518587,0.4776119402985074,0.9180327868852458,0.44214437367303605,4.301991150442478,0.5749128919860627,-0.3473064264680409,0.3473064264680409,-0.5849710982658959,-0.7054750000000001,-0.09648524999999997,-2025965.0,3079705.0
3,0.41700000000000004,0.025,0.0247,0.0529,0.10157241,9.03219e-08,4.8080055e-06,0.43270000000000003,0.44530000000000003,0.17350000000000002,0.0752,0.0236,0.10540000000000001,0.3266,0.4001,-0.5326855123674912,-0.35815147625160465,-0.02277432712215322,0.8868778280542986,0.736385018997648,0.8868778280542986,-0.7748457118535859,0.46691871455576556,0.988,0.4334293948126801,3.9563567362428844,0.616564417177914,-0.4123624047417443,0.4123624047417443,-0.630190071968998,-0.71,-0.07825689000000001,-2025965.0,3081125.0
2,0.35450000000000004,0.0199,0.024300000000000002,0.0471,0.09950869,6.176233e-08,6.3963444e-06,0.3836,0.39480000000000004,0.155,0.0634,0.021400000000000002,0.0897,0.2838,0.3496,-0.5338941118258288,-0.40597014925373137,-0.06345733041575491,0.893696581196581,0.6707312352417452,0.893696581196581,-0.7654382470119521,0.5159235668789809,1.221105527638191,0.4090322580645161,3.9520624303233003,0.6368613138686131,-0.3915603532875368,0.3915603532875368,-0.639471975762822,-0.6063500000000001,-0.06985279999999999,-2025955.0,3082545.0
2,0.4136,0.033100000000000004,0.0346,0.0613,0.13017936,1.3082624e-07,8.071956e-06,0.45,0.42810000000000004,0.20520000000000002,0.0976,0.029900000000000003,0.1057,0.318,0.4086,-0.5399624765478425,-0.29872881355932196,-0.0728682170542635,0.851802104320573,0.7399275523028019,0.851802104320573,-0.7418403874499894,0.564437194127243,1.0453172205438064,0.4756335282651072,3.9129612109744563,0.5230547550432276,-0.33678086619263087,0.33678086619263087,-0.5484539644152703,-0.7159500000000001,-0.10024475000000001,-2027305.0,3101005.0
2,0.32080000000000003,0.0179,0.0219,0.038,0.110169336,6.347298e-08,8.020313e-06,0.3876,0.3919,0.1292,0.052000000000000005,0.025,0.08360000000000001,0.277,0.3463,-0.5454545454545454,-0.3595706618962433,0.0660980810234542,0.8943017419545322,0.6203568179121011,0.8943017419545322,-0.7881828316610927,0.5763157894736842,1.223463687150838,0.4024767801857585,3.8373205741626792,0.6472906403940887,-0.42577777777777776,0.42577777777777776,-0.6611730489578284,-0.5451,-0.05823817999999999,-2027295.0,3102425.0
2,0.3326,0.0258,0.0286,0.0473,0.07349932,7.4303145e-08,6.1783617e-06,0.35550000000000004,0.3589,0.1203,0.0524,0.028900000000000002,0.0847,0.2556,0.3195,-0.4355608591885442,-0.29411764705882354,0.005217391304347854,0.8560267857142858,0.6329640977295938,0.8560267857142858,-0.7509871018689128,0.6046511627906976,1.1085271317829457,0.43557772236076475,3.926800472255018,0.5330316742081448,-0.46875689997792,0.46875689997792,-0.6440600819299045,-0.5194,-0.04750651000000001,-2025905.0,3096745.0
2,0.36360000000000003,0.027800000000000002,0.0302,0.0526,0.0749189,6.545484e-08,5.5932232e-06,0.38720000000000004,0.36160000000000003,0.16110000000000002,0.0703,0.027100000000000003,0.0945,0.275,0.3431,-0.5077211043518952,-0.30845771144278605,-0.054101221640488625,0.8579458354624425,0.6758186977528952,0.8579458354624425,-0.7472369053339741,0.5741444866920152,1.0863309352517985,0.4363749224084419,3.847619047619048,0.5453802125919869,-0.38593481989708406,0.38593481989708406,-0.6011384427729213,-0.607775,-0.07096418000000002,-2025895.0,3098165.0
2,0.32580000000000003,0.028900000000000002,0.0323,0.0504,0.08586457,1.1709928e-07,7.338207e-06,0.3448,0.3496,0.1292,0.0591,0.0317,0.08420000000000001,0.24630000000000002,0.30910000000000004,-0.4387527839643653,-0.2711223203026481,-0.009375000000000052,0.8370453904708205,0.6250049723537134,0.8370453904708205,-0.7320574162679426,0.6408730158730159,1.1176470588235294,0.4574303405572755,3.869358669833729,0.48894783377542006,-0.4320879120879121,0.4320879120879121,-0.6054696256444743,-0.5094250000000001,-0.05188068,-2025885.0,3099585.0
2,0.36610000000000004,0.019100000000000002,0.0221,0.049100000000000005,0.08402573,4.290938e-08,4.635998e-06,0.43010000000000004,0.4066,0.1525,0.061200000000000004,0.0187,0.1037,0.321,0.3911,-0.5128968253968254,-0.439882697947214,-0.08333333333333333,0.9008307372793354,0.681508802616069,0.9008307372793354,-0.7634874759152217,0.45010183299389,1.157068062827225,0.4013114754098361,3.530376084860174,0.6889250814332247,-0.41187813343617435,0.41187813343617435,-0.657203842049093,-0.61775,-0.06263084999999999,-2025885.0,3101005.0
2,0.3632,0.035,0.0341,0.0636,0.08429063,1.229465e-07,5.6551103e-06,0.33330000000000004,0.3715,0.167,0.0789,0.0267,0.09380000000000001,0.24630000000000002,0.2983,-0.44839549002601903,-0.29006085192697767,-0.12171052631578942,0.8242089402310399,0.6626437435955824,0.8242089402310399,-0.7019681349578257,0.5361635220125786,0.9742857142857142,0.4724550898203592,3.8720682302771854,0.45652173913043476,-0.37004903809883066,0.37004903809883066,-0.5543818466353677,-0.5824750000000001,-0.06918442999999999,-2025875.0,3102415.0
2,0.2989,0.035300000000000005,0.038,0.0575,0.13722861,2.1781325e-07,1.0212205e-05,0.3309,0.3698,0.1302,0.0646,0.046900000000000004,0.0947,0.24380000000000002,0.29510000000000003,-0.38732019179541827,-0.23922413793103445,0.10482921083627803,0.7887492519449432,0.5808517581789997,0.7887492519449432,-0.6773288439955106,0.6608695652173913,1.0764872521246458,0.49615975422427033,3.1562829989440337,0.45692307692307693,-0.39314845024469813,0.39314845024469813,-0.5425824175824175,-0.44575000000000004,-0.040338699999999984,-2024485.0,3096735.0
2,0.312,0.0234,0.027100000000000003,0.0449,0.06572878,1.1668503e-07,5.561865e-06,0.3175,0.3246,0.13,0.057800000000000004,0.027,0.0753,0.2295,0.28600000000000003,-0.48656375071469415,-0.314787701317716,-0.0018484288354898865,0.8604651162790699,0.605691870471921,0.8604651162790699,-0.7483889044550295,0.6035634743875279,1.1581196581196582,0.44461538461538463,4.143426294820717,0.5258358662613981,-0.4117647058823529,0.4117647058823529,-0.6136093266714252,-0.5092000000000001,-0.05783713,-2024475.0,3098155.0
2,0.39540000000000003,0.032100000000000004,0.033600000000000005,0.0621,0.06609971,1.0083318e-07,4.1544085e-06,0.36970000000000003,0.377,0.1563,0.0684,0.029500000000000002,0.091,0.2666,0.3373,-0.43131868131868134,-0.3184713375796178,-0.0649762282091918,0.8498245614035087,0.7158682634730539,0.8498245614035087,-0.7285245901639344,0.5410628019323672,1.046728971962617,0.4376199616122841,4.345054945054946,0.47847278635255885,-0.43338771071234367,0.43338771071234367,-0.6203966005665722,-0.6216000000000002,-0.06649112999999998,-2024465.0,3099575.0
2,0.4852,0.0246,0.0275,0.0601,0.049980912,4.1237474e-08,2.6583634e-06,0.5045000000000001,0.443,0.1686,0.06960000000000001,0.026000000000000002,0.11130000000000001,0.37070000000000003,0.46180000000000004,-0.4744206383909051,-0.4191263282172374,-0.02803738317757005,0.9034915653197332,0.8330587781711122,0.9034915653197332,-0.7795708784155512,0.45757071547420963,1.1178861788617886,0.41281138790035593,4.359389038634322,0.6379690949227373,-0.4842459467727133,0.4842459467727133,-0.689569945625309,-0.7855500000000002,-0.07697807000000001,-2025945.0,3086805.0
2,0.37060000000000004,0.028200000000000003,0.030100000000000002,0.054900000000000004,0.07254909,6.72698e-08,4.497038e-06,0.4063,0.3972,0.16790000000000002,0.0734,0.0298,0.1014,0.29760000000000003,0.3669,-0.507181328545781,-0.3212996389891697,-0.005008347245409043,0.8585757271815446,0.6836117347132911,0.8585757271815446,-0.7419506462984724,0.5482695810564663,1.0673758865248226,0.43716497915425845,3.6548323471400397,0.5648148148148149,-0.3764159702878366,0.3764159702878366,-0.5954608799522197,-0.6220500000000002,-0.07099039000000001,-2025935.0,3088225.0
3,0.2431,0.061200000000000004,0.0436,0.0665,0.10018151,7.4440237e-07,7.6217234e-06,0.29610000000000003,0.3008,0.2265,0.1351,0.0368,0.12940000000000002,0.22890000000000002,0.26180000000000003,-0.546075085324232,-0.04150352388410336,-0.0845771144278607,0.5977653631284916,0.42589417906958615,0.5977653631284916,-0.5704134366925065,0.6556390977443609,0.7124183006535947,0.596467991169978,1.8786707882534774,0.35781741867785943,-0.03534923339011926,0.03534923339011926,-0.1871635610766046,-0.46077500000000005,-0.08274828999999997,-2024535.0,3083955.0
3,0.35200000000000004,0.0753,0.0577,0.0916,0.24377878,1.3468504e-06,1.3568892e-05,0.38720000000000004,0.37770000000000004,0.2388,0.1405,0.047900000000000005,0.1492,0.30770000000000003,0.3568,-0.4455205811138014,-0.09766327142001195,-0.09280303030303026,0.6475544114205477,0.5869224317129208,0.6475544114205477,-0.5870153291253382,0.6299126637554585,0.7662682602921647,0.5883584589614741,2.3592493297587134,0.3291759465478841,-0.19160460392687884,0.19160460392687884,-0.3099920063948841,-0.5643750000000001,-0.07688009000000004,-2024525.0,3085375.0
2,0.31120000000000003,0.031400000000000004,0.029900000000000003,0.050800000000000005,0.13696927,6.4660907e-07,9.0725325e-06,0.3415,0.3158,0.2059,0.1116,0.0458,0.115,0.2654,0.3121,-0.6042072458122322,-0.2360097323600973,0.21003963011889032,0.816695855224752,0.5854079272356608,0.816695855224752,-0.7193370165745856,0.5885826771653543,0.9522292993630573,0.5420106847984458,2.706086956521739,0.5710382513661203,-0.2036356604138465,0.2036356604138465,-0.4092129725263375,-0.5908499999999999,-0.09043678999999999,-2024525.0,3086795.0
2,0.3219,0.024200000000000003,0.0268,0.048100000000000004,0.10589067,1.3552904e-07,7.025975e-06,0.3674,0.39,0.1494,0.0655,0.0315,0.0947,0.2742,0.3351,-0.5129113924050632,-0.330567081604426,0.08061749571183531,0.8601560242704421,0.6164994866124319,0.8601560242704421,-0.7400000000000001,0.5571725571725571,1.1074380165289255,0.4384203480589023,3.3991552270327348,0.5929352396972246,-0.366008911521324,0.366008911521324,-0.5907846715328468,-0.543525,-0.05995337,-2024515.0,3088215.0
3,0.3169,0.0413,0.031400000000000004,0.0575,0.17975892,6.651044e-07,1.1916954e-05,0.3553,0.334,0.2046,0.09970000000000001,0.0263,0.10830000000000001,0.2721,0.3211,-0.561236169400992,-0.16396761133603238,-0.08838821490467944,0.7694025683975433,0.5649638880529643,0.7694025683975433,-0.6928418803418803,0.5460869565217392,0.7602905569007264,0.4872922776148583,2.926131117266851,0.44786096256684493,-0.21534036433365292,0.21534036433365292,-0.4236664622930717,-0.5821750000000001,-0.08438130999999999,-2023115.0,3083955.0
2,0.334,0.0347,0.031200000000000002,0.0568,0.10524511,2.2283196e-07,6.4095734e-06,0.42200000000000004,0.3558,0.2116,0.1051,0.030500000000000003,0.11030000000000001,0.3002,0.38270000000000004,-0.5767511177347242,-0.24153005464480876,-0.011345218800648284,0.811771087605099,0.6117566121388168,0.811771087605099,-0.7093142272262026,0.5492957746478874,0.899135446685879,0.49669187145557653,3.0281051677243878,0.5213793103448275,-0.22434017595307917,0.22434017595307917,-0.44633663366336634,-0.6189250000000001,-0.0979477,-2023105.0,3085375.0
3,0.2725,0.092,0.0558,0.08030000000000001,0.109836765,7.094204e-07,7.49362e-06,0.3017,0.3164,0.2722,0.1555,0.039,0.15810000000000002,0.2285,0.2602,-0.5443971631205673,0.06790481717933829,-0.17721518987341775,0.49519890260631,0.4190967283072547,0.49519890260631,-0.5447845804988662,0.6948941469489414,0.6065217391304348,0.5712711241734019,1.7235926628716003,0.26429428228708524,-0.0005507618872774417,0.0005507618872774417,-0.1403265022577284,-0.5216249999999999,-0.08564355,-2023105.0,3086795.0
3,0.2686,0.0687,0.042,0.0671,0.14127421,1.3933271e-06,1.0252613e-05,0.316,0.307,0.23500000000000001,0.13240000000000002,0.0369,0.14500000000000002,0.2384,0.2731,-0.5557762330354187,0.01178203240058903,-0.06463878326996199,0.5926474948117404,0.44135305315565965,0.5926474948117404,-0.600238308013107,0.6259314456035767,0.6113537117903931,0.563404255319149,1.8524137931034481,0.35704258306036507,-0.06671961874503572,0.06671961874503572,-0.2139925737736955,-0.5125500000000001,-0.07769337999999998,-2023095.0,3088215.0
2,0.36310000000000003,0.025900000000000003,0.0264,0.0575,0.051662363,4.2915342e-08,3.1958505e-06,0.40700000000000003,0.39690000000000003,0.1338,0.0545,0.022600000000000002,0.1106,0.3083,0.371,-0.3988499738630424,-0.3788968824940048,-0.07755102040816322,0.8668380462724937,0.6678152215070049,0.8668380462724937,-0.7265810746552545,0.4591304347826087,1.0193050193050193,0.40732436472346784,3.2830018083182644,0.6205128205128204,-0.4614610585630912,0.4614610585630912,-0.65779953181528,-0.5615749999999999,-0.04064590000000001,-2025925.0,3091065.0
2,0.32830000000000004,0.030500000000000003,0.0313,0.059300000000000005,0.09376411,2.7650594e-07,7.5274675e-06,0.324,0.3647,0.1501,0.0678,0.0286,0.0887,0.2434,0.29460000000000003,-0.4336198662846227,-0.3207126948775056,-0.04507512520868115,0.8299888517279821,0.619051349340018,0.8299888517279821,-0.6940144478844169,0.5278246205733558,1.0262295081967212,0.45169886742171883,3.7012401352874864,0.48825503355704697,-0.3724916387959866,0.3724916387959866,-0.5706486132343307,-0.5211,-0.05793185999999998,-2025915.0,3092485.0
2,0.3118,0.023700000000000002,0.0322,0.0476,0.10779973,2.0099878e-07,7.000774e-06,0.3317,0.3648,0.12300000000000001,0.051000000000000004,0.0362,0.07740000000000001,0.23850000000000002,0.3022,-0.44196951934349354,-0.33520336605890605,0.05847953216374274,0.8587183308494784,0.623340206185567,0.8587183308494784,-0.7351140790205898,0.676470588235294,1.3586497890295357,0.4146341463414634,4.028423772609819,0.5311572700296736,-0.43422263109475623,0.43422263109475623,-0.6431812753761644,-0.48824999999999996,-0.04864833999999997,-2025915.0,3093905.0
2,0.3186,0.0234,0.024,0.047,0.064504676,3.9982794e-08,5.1771513e-06,0.35850000000000004,0.3532,0.1401,0.059800000000000006,0.024,0.09340000000000001,0.2665,0.3244,-0.49759486905398187,-0.3352272727272727,0.0,0.8631578947368422,0.6044566067240031,0.8631578947368422,-0.7428884026258207,0.5106382978723404,1.0256410256410255,0.4268379728765168,3.4111349036402565,0.5993150684931506,-0.3891432308698496,0.3891432308698496,-0.6092062000939409,-0.5316000000000001,-0.05464875999999999,-2025905.0,3095325.0
3,0.3438,0.0325,0.031100000000000003,0.069,0.08807119,1.379937e-07,4.9984337e-06,0.3859,0.4052,0.164,0.0709,0.0273,0.12940000000000002,0.3093,0.3561,-0.407725321888412,-0.35960591133004927,-0.06506849315068494,0.8272654796704758,0.6334495040404426,0.8272654796704758,-0.6656976744186046,0.45072463768115945,0.956923076923077,0.4323170731707317,2.656877897990726,0.5985176034589252,-0.3540764080346593,0.3540764080346593,-0.5676353752874765,-0.540375,-0.041341869999999996,-2024515.0,3089635.0
2,0.5195000000000001,0.0455,0.0522,0.08800000000000001,0.15130965,2.2925734e-07,7.812811e-06,0.4681,0.4234,0.186,0.0859,0.046400000000000004,0.1293,0.34900000000000003,0.43060000000000004,-0.3576642335766423,-0.3183520599250937,-0.0588235294117647,0.8389380530973451,0.8945396145610278,0.8389380530973451,-0.7102880658436215,0.5931818181818181,1.1472527472527474,0.46182795698924733,4.017788089713845,0.47940503432494275,-0.4727143869596032,0.4727143869596032,-0.6262267102830323,-0.7645750000000002,-0.06543502000000001,-2024505.0,3091055.0
3,0.4681,0.0575,0.0577,0.1078,0.13517061,1.4360546e-07,5.8295154e-06,0.5542,0.5253,0.23800000000000002,0.10840000000000001,0.0545,0.20220000000000002,0.4515,0.511,-0.37651821862348184,-0.3042952208106473,-0.02852049910873442,0.7812024353120243,0.8061361248958597,0.7812024353120243,-0.6256294495572148,0.5352504638218923,1.0034782608695652,0.45546218487394957,2.3150346191889217,0.5571813631112823,-0.3258745220223764,0.3258745220223764,-0.5203122741072719,-0.7048500000000001,-0.04379769999999999,-2024495.0,3092475.0
2,0.38070000000000004,0.0198,0.021400000000000002,0.0434,0.07413706,4.994273e-08,4.83136e-06,0.4305,0.4026,0.1414,0.055200000000000006,0.0218,0.0916,0.3178,0.3982,-0.5303030303030304,-0.3734177215189873,0.009259259259259203,0.901123595505618,0.6960044809559374,0.901123595505618,-0.7953312897901439,0.49308755760368667,1.0808080808080809,0.3903818953323904,4.156113537117904,0.6445242369838421,-0.4583413139245356,0.4583413139245356,-0.6856005030391951,-0.63945,-0.06410918,-2024495.0,3093895.0
2,0.3531,0.0286,0.0298,0.052500000000000005,0.10875838,6.213784e-08,7.358983e-06,0.4132,0.38,0.15460000000000002,0.0655,0.0268,0.10540000000000001,0.3116,0.3759,-0.49299855142443266,-0.2946979038224415,-0.05300353356890458,0.8501440922190201,0.6564325238241623,0.8501440922190201,-0.7411242603550297,0.5676190476190476,1.0419580419580419,0.42367399741267786,3.3500948766603416,0.573134328358209,-0.39097892456174904,0.39097892456174904,-0.6054507337526205,-0.584125,-0.05744614000000001,-2024485.0,3095315.0
3,0.3179,0.075,0.050100000000000006,0.094,0.08454352,4.2171476e-07,5.5858873e-06,0.3284,0.3231,0.2411,0.12860000000000002,0.037700000000000004,0.1563,0.25880000000000003,0.2894,-0.43897344076395106,-0.11242603550295861,-0.14123006833712984,0.6182234665309239,0.5170060697482313,0.6182234665309239,-0.5435785384802136,0.5329787234042553,0.6680000000000001,0.5333886354209872,2.033909149072297,0.35149156939040205,-0.13738819320214668,0.13738819320214668,-0.28761371588523443,-0.52125,-0.06432887000000002,-2023095.0,3089635.0
3,0.4167,0.0405,0.0409,0.0833,0.095690414,1.4567375e-07,5.755077e-06,0.45,0.46090000000000003,0.2082,0.0935,0.031100000000000003,0.13540000000000002,0.3523,0.41650000000000004,-0.4284734133790738,-0.345718901453958,-0.13611111111111104,0.8228346456692914,0.7400495214161648,0.8228346456692914,-0.6668000000000001,0.4909963985594238,1.0098765432098764,0.4490874159462056,3.0775480059084193,0.5395110858442297,-0.33365338454152665,0.33365338454152665,-0.5469912102772143,-0.664825,-0.06960850999999998,-2024555.0,3078285.0
3,0.4096,0.053000000000000005,0.0489,0.09530000000000001,0.084765844,2.0349025e-07,4.7480207e-06,0.3971,0.3507,0.2209,0.1092,0.0397,0.1449,0.3161,0.36410000000000003,-0.39721695129664764,-0.2852326365475388,-0.1038374717832957,0.7708603545179421,0.7135246353382076,0.7708603545179421,-0.6224995048524461,0.5131164742917104,0.9226415094339622,0.49434133091896787,2.826777087646653,0.4643759474482061,-0.2992862807295797,0.2992862807295797,-0.4773642661511197,-0.6313000000000001,-0.06675634999999999,-2024545.0,3079705.0
2,0.4655,0.0281,0.0263,0.0499,0.09277217,2.0082592e-07,5.319533e-06,0.4495,0.4217,0.17250000000000001,0.0756,0.0256,0.0906,0.3251,0.4126,-0.5512589928057554,-0.2794871794871795,-0.013487475915221564,0.8861426256077796,0.7903747781605596,0.8861426256077796,-0.8063639891346526,0.5270541082164328,0.9359430604982206,0.43826086956521737,5.137969094922737,0.5265374894692502,-0.4592476489028214,0.4592476489028214,-0.6517212426532325,-0.78705,-0.09189678000000001,-2024545.0,3081125.0
3,0.3365,0.0256,0.024300000000000002,0.050800000000000005,0.07816641,1.4429092e-07,4.914439e-06,0.39880000000000004,0.36860000000000004,0.1703,0.07680000000000001,0.030100000000000002,0.0989,0.3022,0.3673,-0.540479421076436,-0.3298429319371728,0.10661764705882351,0.8586025959679646,0.623657147226364,0.8586025959679646,-0.7376710560289181,0.47834645669291337,0.94921875,0.4509688784497945,3.402426693629929,0.5887550200803213,-0.32794001578531967,0.32794001578531967,-0.5578583765112263,-0.5897,-0.07348311999999999,-2024535.0,3082545.0
3,0.2306,0.0632,0.038700000000000005,0.0654,0.07134797,3.4340025e-07,5.6890094e-06,0.2533,0.2651,0.224,0.13290000000000002,0.032,0.1293,0.1956,0.2199,-0.5480304077401521,-0.017107309486780665,-0.09476661951909482,0.5697753573859768,0.3889962487211549,0.5697753573859768,-0.5581081081081082,0.5917431192660552,0.6123417721518988,0.5933035714285715,1.7834493426140758,0.34337662337662334,-0.014518257809062901,0.014518257809062901,-0.15728405672539741,-0.44647499999999984,-0.07886014999999999,-2023135.0,3078275.0
3,0.35150000000000003,0.0463,0.0364,0.0813,0.06369789,9.300709e-08,3.7269406e-06,0.39830000000000004,0.3774,0.1893,0.0881,0.028200000000000003,0.1375,0.3176,0.3657,-0.3991130820399113,-0.274294670846395,-0.1269349845201238,0.7672197083961789,0.6137653911376539,0.7672197083961789,-0.6243068391866914,0.4477244772447725,0.7861771058315336,0.4653988378235605,2.5563636363636366,0.4961915125136017,-0.2999260355029586,0.2999260355029586,-0.48535324526134416,-0.5495250000000003,-0.049709469999999985,-2023135.0,3079695.0
3,0.2582,0.0712,0.0461,0.0674,0.11117663,5.059242e-07,8.351583e-06,0.29860000000000003,0.3144,0.25420000000000004,0.1401,0.040400000000000005,0.135,0.2258,0.259,-0.5808457711442786,0.027417027417027402,-0.06589595375722539,0.567698846387371,0.42869406188183473,0.567698846387371,-0.5859950859950859,0.6839762611275965,0.6474719101123596,0.551140833988985,1.9125925925925924,0.3094083414161009,-0.007806401249024099,0.007806401249024099,-0.18037238169123354,-0.518975,-0.09193975,-2023125.0,3081115.0
2,0.3531,0.0268,0.028200000000000003,0.0529,0.10826179,1.586914e-07,6.342075e-06,0.41590000000000005,0.42460000000000003,0.1711,0.0777,0.029300000000000003,0.0999,0.3138,0.3829,-0.5276785714285714,-0.3274780426599749,0.0191304347826087,0.8589102395367203,0.6572097665847666,0.8589102395367203,-0.7394088669950739,0.5330812854442344,1.0522388059701493,0.4541203974284045,3.5345345345345347,0.5769534333070244,-0.34719572682182376,0.34719572682182376,-0.5697818032111981,-0.606425,-0.07446364,-2023115.0,3082535.0
3,0.2558,0.0572,0.0402,0.06760000000000001,0.08118372,4.292488e-07,6.3664465e-06,0.2679,0.2958,0.22440000000000002,0.1228,0.0381,0.1164,0.20750000000000002,0.2358,-0.5369863013698629,-0.08333333333333338,-0.026819923371647476,0.6345047923322683,0.4487861271676301,0.6345047923322683,-0.5819418676561534,0.5946745562130177,0.7027972027972028,0.5472370766488414,2.1975945017182132,0.34101382488479265,-0.06538942107455228,0.06538942107455228,-0.24369747899159672,-0.4804000000000002,-0.08323479,-2021715.0,3078275.0
2,0.401,0.027200000000000002,0.026500000000000003,0.051800000000000006,0.08063063,8.575916e-08,4.604101e-06,0.44670000000000004,0.4147,0.1975,0.0877,0.026600000000000002,0.10020000000000001,0.3301,0.4107,-0.5844364219815482,-0.31139240506329113,0.0018832391713747528,0.8729565623540402,0.7142700208722399,0.8729565623540402,-0.7712014134275618,0.5115830115830116,0.9742647058823529,0.4440506329113924,4.001996007984031,0.5729984301412873,-0.34001670843776105,0.34001670843776105,-0.5763274336283186,-0.719825,-0.09712689999999999,-2021715.0,3079695.0
2,0.36010000000000003,0.0228,0.027800000000000002,0.0541,0.18990645,2.0283758e-07,1.002003e-05,0.4394,0.43170000000000003,0.1652,0.0726,0.025500000000000002,0.1058,0.337,0.40590000000000004,-0.5066119471044231,-0.4070221066319896,-0.043151969981238276,0.8809088534865501,0.681038497361068,0.8809088534865501,-0.7387735393529696,0.5138632162661738,1.219298245614035,0.43946731234866826,3.40359168241966,0.6454121306376361,-0.3710260803350466,0.3710260803350466,-0.6052141527001863,-0.6067500000000001,-0.06791471,-2024465.0,3100995.0
2,0.29510000000000003,0.0317,0.035,0.048600000000000004,0.11798481,1.9606351e-07,1.0299119e-05,0.3249,0.3578,0.128,0.0609,0.0366,0.08270000000000001,0.2373,0.2929,-0.44960362400906,-0.21046077210460776,0.02234636871508376,0.8059975520195838,0.5774043179587833,0.8059975520195838,-0.7171952283968578,0.720164609053498,1.10410094637224,0.47578125,3.5683192261185006,0.4458041958041959,-0.39494209406759634,0.39494209406759634,-0.5618642062928791,-0.462925,-0.048150619999999984,-2024455.0,3102415.0
2,0.4043,0.0263,0.0268,0.051300000000000005,0.105702095,7.8979134e-08,6.901389e-06,0.41550000000000004,0.3613,0.1585,0.0703,0.0233,0.0978,0.303,0.38120000000000004,-0.5109628217349856,-0.3221649484536083,-0.06986027944111775,0.8778448676265677,0.7232752920432004,0.8778448676265677,-0.7748024582967515,0.5224171539961013,1.0190114068441065,0.44353312302839115,4.133946830265849,0.5761482675261885,-0.4367448471926084,0.4367448471926084,-0.6338828880045481,-0.6715749999999999,-0.07305557000000001,-2023065.0,3096725.0
2,0.3325,0.024300000000000002,0.027100000000000003,0.0502,0.09939882,5.7363508e-08,7.3953515e-06,0.3476,0.3401,0.12990000000000002,0.054200000000000005,0.027800000000000002,0.09050000000000001,0.25670000000000004,0.3136,-0.4425319267073849,-0.34765100671140936,0.012750455373406178,0.8637892376681615,0.6328771420728599,0.8637892376681615,-0.7376535145022209,0.5398406374501993,1.1152263374485596,0.4172440338722094,3.6740331491712706,0.5766550522648084,-0.4381487889273356,0.4381487889273356,-0.6416343300616297,-0.52745,-0.048015669999999996,-2023055.0,3098145.0
2,0.34400000000000003,0.0344,0.0367,0.0579,0.18315488,1.962006e-07,9.921009e-06,0.383,0.4058,0.1558,0.07400000000000001,0.041,0.1014,0.2847,0.34840000000000004,-0.4581188582124473,-0.25460455037919827,0.055341055341055316,0.8181818181818182,0.6474532407952006,0.8181818181818182,-0.7118686240358298,0.6338514680483593,1.0668604651162792,0.4749679075738127,3.3925049309664694,0.49337260677466865,-0.37655062024809927,0.37655062024809927,-0.5567368636270702,-0.5497500000000001,-0.058431439999999994,-2023045.0,3099565.0
2,0.3529,0.0263,0.030000000000000002,0.0504,0.11572316,7.349252e-08,7.1477352e-06,0.3714,0.366,0.1351,0.0587,0.0297,0.0888,0.2679,0.3361,-0.45660377358490567,-0.31421121251629724,-0.005025125628140731,0.8612869198312236,0.6657462860698453,0.8612869198312236,-0.7500619885940987,0.5952380952380952,1.1406844106463878,0.43449296817172467,3.974099099099099,0.5430060816681146,-0.44631147540983607,0.44631147540983607,-0.6366745030989527,-0.561325,-0.05576966,-2023045.0,3100985.0
2,0.382,0.0329,0.031200000000000002,0.0579,0.08802053,8.2564355e-08,4.811261e-06,0.4244,0.4025,0.16820000000000002,0.0772,0.0315,0.1048,0.3159,0.38830000000000003,-0.4878372401592216,-0.27533039647577096,0.004784688995215281,0.8414075680886961,0.6853723799613497,0.8414075680886961,-0.7367583541714026,0.538860103626943,0.9483282674772038,0.4589774078478002,3.645038167938931,0.5221496005809733,-0.3885859687386405,0.3885859687386405,-0.5792088668068031,-0.63005,-0.06981108999999999,-2023035.0,3102405.0
2,0.3682,0.0414,0.035300000000000005,0.07060000000000001,0.09584586,1.9680857e-07,5.7159946e-06,0.41290000000000004,0.4086,0.1943,0.09680000000000001,0.0287,0.1301,0.32030000000000003,0.3749,-0.4669686674216685,-0.2607142857142858,-0.10312500000000008,0.7978515625,0.6502940414986871,0.7978515625,-0.6782133090246126,0.5,0.852657004830918,0.49819866186309836,2.8301306687163725,0.5172011661807581,-0.30915555555555563,0.30915555555555563,-0.4897544766475908,-0.60775,-0.06815344999999998,-2021645.0,3096725.0
2,0.335,0.033,0.0337,0.0536,0.12626357,2.170205e-07,8.44149e-06,0.37820000000000004,0.39440000000000003,0.1636,0.0795,0.0375,0.1008,0.2838,0.34650000000000003,-0.5064456721915285,-0.23787528868360275,0.0533707865168539,0.8206521739130436,0.6283928920132786,0.8206521739130436,-0.7241379310344829,0.628731343283582,1.0212121212121212,0.48594132029339854,3.3234126984126986,0.5067264573991032,-0.3437625350982752,0.3437625350982752,-0.532418952618454,-0.560325,-0.06600163,-2021635.0,3098145.0
3,0.3902,0.0585,0.0489,0.09290000000000001,0.08221355,1.9094645e-07,4.522944e-06,0.3775,0.40040000000000003,0.2054,0.1024,0.0434,0.1444,0.2983,0.339,-0.37713711029165264,-0.22721268163804495,-0.059588299024918724,0.7392467127256519,0.6671759612936085,0.7392467127256519,-0.6154005381908508,0.526372443487621,0.8358974358974358,0.498539435248296,2.7022160664819945,0.42336126170527355,-0.31027535258562794,0.31027535258562794,-0.46366666666666667,-0.58665,-0.05381903,-2021635.0,3099565.0
3,0.25930000000000003,0.0747,0.047900000000000005,0.0771,0.08153487,2.8983354e-07,5.2287664e-06,0.3007,0.2857,0.2538,0.1484,0.0371,0.1459,0.2366,0.2674,-0.5339981867633726,-0.015810276679841893,-0.1270588235294118,0.5526946107784432,0.4254033005748193,0.5526946107784432,-0.5416171224732461,0.6212710765239948,0.641231593038822,0.5847123719464145,1.7772446881425636,0.3227561196736174,-0.01071915805885793,0.01071915805885793,-0.15858947765415804,-0.4919000000000001,-0.08573060000000002,-2023085.0,3091055.0
2,0.3612,0.0274,0.029400000000000003,0.053500000000000006,0.115633,1.09428164e-07,7.75156e-06,0.4082,0.4304,0.1526,0.0673,0.0287,0.09570000000000001,0.29910000000000003,0.37560000000000004,-0.4808345463367298,-0.32262051915945616,-0.012048192771084385,0.8589809572825529,0.6709064439506552,0.8589809572825529,-0.7419821557752593,0.5495327102803739,1.0729927007299271,0.4410222804718217,3.774294670846395,0.554833468724614,-0.40599455040871935,0.40599455040871935,-0.6097259427158459,-0.5907250000000001,-0.06447359999999998,-2023085.0,3092475.0
2,0.41250000000000003,0.031,0.0431,0.0659,0.09749255,2.89309e-07,4.717413e-06,0.41700000000000004,0.44730000000000003,0.186,0.08030000000000001,0.049800000000000004,0.1043,0.3109,0.381,-0.4767764986105597,-0.3601651186790506,0.07212055974165774,0.8602029312288615,0.7843560086257597,0.8602029312288615,-0.7244983277591973,0.6540212443095599,1.3903225806451613,0.4317204301075269,3.9549376797698947,0.5417590539541759,-0.3784461152882206,0.3784461152882206,-0.6073381548774035,-0.6698250000000001,-0.07670073000000002,-2023075.0,3093895.0
2,0.3768,0.0245,0.024800000000000003,0.046700000000000005,0.0736662,6.4676996e-08,4.8758684e-06,0.4017,0.40790000000000004,0.1421,0.059800000000000006,0.024900000000000002,0.0892,0.28850000000000003,0.3659,-0.5052966101694915,-0.31179775280898875,0.0020120724346076335,0.8778968352853226,0.6858274779488713,0.8778968352853226,-0.779456906729634,0.5310492505353319,1.0122448979591838,0.42083040112596765,4.2242152466367715,0.5690413368513634,-0.45230294854499903,0.45230294854499903,-0.6530150236674214,-0.62185,-0.06492877999999999,-2023065.0,3095305.0
3,0.24020000000000002,0.0765,0.0437,0.069,0.09789513,8.9221595e-07,7.6168735e-06,0.2579,0.3008,0.19440000000000002,0.10790000000000001,0.0379,0.1303,0.198,0.22490000000000002,-0.4760820045558087,0.05154639175257726,-0.071078431372549,0.516892958635933,0.38207736337453063,0.516892958635933,-0.553686934023286,0.6333333333333333,0.5712418300653596,0.5550411522633745,1.8434382194934769,0.26015473887814317,-0.10538426138978371,0.10538426138978371,-0.21247063847960715,-0.40872500000000006,-0.04722122000000001,-2021675.0,3089625.0
3,0.28650000000000003,0.0621,0.043500000000000004,0.0717,0.12265931,9.269178e-07,8.449622e-06,0.30910000000000004,0.30860000000000004,0.25730000000000003,0.1489,0.038400000000000004,0.1318,0.2421,0.2773,-0.5641337386018238,-0.0717488789237668,-0.06227106227106227,0.6437177280550775,0.49079041152417746,0.6437177280550775,-0.5996649916247907,0.6066945606694562,0.7004830917874396,0.5787019043917605,2.1737481031866466,0.35946364105208867,-0.05369621184258919,0.05369621184258919,-0.21996303142329018,-0.5557250000000001,-0.10339267,-2021665.0,3091045.0
2,0.3451,0.0216,0.021,0.049100000000000005,0.05534861,5.416572e-08,3.4491172e-06,0.3768,0.34900000000000003,0.1579,0.0648,0.0187,0.1009,0.2818,0.3386,-0.5256038647342995,-0.38896746817538896,-0.05793450881612091,0.8821925279520043,0.638589432128758,0.8821925279520043,-0.7508878741755455,0.4276985743380855,0.9722222222222222,0.4103863204559847,3.4202180376610505,0.6473469387755103,-0.37216699801192843,0.37216699801192843,-0.618121546961326,-0.5945499999999999,-0.06400705999999998,-2021665.0,3092465.0
2,0.4536,0.0297,0.0358,0.061500000000000006,0.10816277,6.540417e-08,5.0057274e-06,0.5096,0.48510000000000003,0.2078,0.08660000000000001,0.038900000000000004,0.1267,0.38270000000000004,0.46680000000000005,-0.5432603044931303,-0.3486842105263159,0.041499330655957234,0.8770949720670391,0.8100198048852048,0.8770949720670391,-0.761211415259173,0.5821138211382113,1.2053872053872052,0.4167468719923003,3.580110497237569,0.6202046035805626,-0.37163592379800425,0.37163592379800425,-0.6159815089978536,-0.7809,-0.08686529999999998,-2021655.0,3093885.0
2,0.46530000000000005,0.034300000000000004,0.0403,0.0664,0.13863894,1.0005533e-07,7.5143166e-06,0.5376000000000001,0.5,0.1825,0.07980000000000001,0.0415,0.124,0.3881,0.4864,-0.4664523905182804,-0.31876861966236336,0.014669926650366743,0.8626901521216974,0.8247433977426307,0.8626901521216974,-0.7502350949783713,0.6069277108433735,1.1749271137026238,0.4372602739726028,3.75241935483871,0.5666456096020215,-0.4365544921271998,0.4365544921271998,-0.6317573019202841,-0.74545,-0.07472428,-2021645.0,3095305.0
3,0.2116,0.055400000000000005,0.0366,0.058100000000000006,0.1299267,1.0095357e-06,9.4369525e-06,0.2551,0.25720000000000004,0.21830000000000002,0.1303,0.0425,0.12350000000000001,0.2029,0.2303,-0.5795947901591896,-0.023788546255506613,0.07458912768647284,0.5850187265917602,0.3730602599448602,0.5850187265917602,-0.5691509084167594,0.6299483648881239,0.6606498194945848,0.5968850206138341,1.7133603238866395,0.38065958636109565,0.015585019772040035,-0.015585019772040035,-0.14404240608435123,-0.4304250000000001,-0.07991168,-2020255.0,3089625.0
3,0.3025,0.061000000000000006,0.0438,0.07350000000000001,0.113907516,3.890574e-07,6.5970444e-06,0.3375,0.3487,0.2167,0.1158,0.0304,0.1307,0.2674,0.3064,-0.49345279117849755,-0.09293680297397772,-0.18059299191374661,0.6643741403026134,0.5188432835820894,0.6643741403026134,-0.6090425531914893,0.5959183673469387,0.7180327868852459,0.5343793262574988,2.314460596786534,0.36358894105372985,-0.16525423728813557,0.16525423728813557,-0.32402982221372584,-0.5222999999999999,-0.07099375999999999,-2021705.0,3081115.0
3,0.4441,0.0359,0.0345,0.0816,0.10441282,1.6104579e-07,6.401256e-06,0.4006,0.3649,0.20550000000000002,0.0974,0.0352,0.13770000000000002,0.31980000000000003,0.3669,-0.4315569487983281,-0.388936170212766,0.010043041606886644,0.8504166666666667,0.7669819739425308,0.8504166666666667,-0.689556781434278,0.4227941176470588,0.9610027855153204,0.4739659367396593,3.2251270878721856,0.586405529953917,-0.36730295566502463,0.36730295566502463,-0.5643078934466417,-0.7115499999999999,-0.07180176999999996,-2021705.0,3082525.0
7,0.19190000000000002,0.1578,0.10940000000000001,0.13970000000000002,0.1822931,6.9310664e-07,1.3025985e-05,0.19390000000000002,0.1763,0.18960000000000002,0.1532,0.056900000000000006,0.1729,0.18180000000000002,0.1918,-0.15153355602793803,0.06084033613445371,-0.31569452796151537,0.09751215327423511,0.24423456228189958,0.09751215327423511,-0.1574185765983112,0.7831066571224051,0.6932826362484158,0.8080168776371307,1.10989010989011,0.045660719685515584,-0.006028833551769321,0.006028833551769321,0.01584190756165276,-0.07530000000000009,0.01740957000000001,-2020635.0,3078595.0
7,0.20170000000000002,0.1403,0.1077,0.1336,0.06193084,1.7679929e-07,4.33539e-06,0.20500000000000002,0.2451,0.2124,0.1701,0.0737,0.16190000000000002,0.1883,0.19940000000000002,-0.22774566473988445,0.024461482292807632,-0.1874310915104741,0.17953216374269007,0.2945174994942344,0.17953216374269007,-0.203101699970176,0.8061377245508983,0.7676407697790449,0.8008474576271186,1.2458307597282272,0.07147584381204503,0.025839169282781904,-0.025839169282781904,0.001613423685059698,-0.13692500000000007,-0.014804199999999962,-2020525.0,3078935.0
2,0.3467,0.027200000000000002,0.0227,0.0424,0.19940294,3.14188e-07,1.1324195e-05,0.3687,0.368,0.1693,0.0789,0.0212,0.0761,0.26480000000000004,0.3356,-0.5994331601322627,-0.21839080459770113,-0.03416856492027338,0.8545065525541589,0.6266935393572948,0.8545065525541589,-0.7820611667951683,0.5353773584905661,0.8345588235294118,0.4660366213821618,4.555847568988174,0.473378509196515,-0.3437984496124031,0.3437984496124031,-0.5537329127234489,-0.625575,-0.09076416999999998,-2020295.0,3078265.0
1,0.2868,0.0685,0.047400000000000005,0.07980000000000001,0.13792498,6.8952437e-07,8.723299e-06,0.3009,0.32430000000000003,0.22260000000000002,0.1411,0.0361,0.1369,0.25020000000000003,0.2813,-0.47222222222222227,-0.07619689817936617,-0.13532934131736532,0.6144103574444132,0.4831259777992997,0.6144103574444132,-0.5646481178396071,0.5939849624060151,0.691970802919708,0.6338724168912848,2.0949598246895547,0.33300876338851015,-0.12603062426383976,0.12603062426383976,-0.2291283560132401,-0.48192500000000005,-0.07537478999999997,-2020295.0,3079685.0
3,0.334,0.0415,0.0335,0.0736,0.09834053,1.9016564e-07,5.330976e-06,0.38230000000000003,0.3849,0.21860000000000002,0.108,0.027600000000000003,0.14450000000000002,0.3068,0.3492,-0.4962354551676934,-0.2788879235447437,-0.09656301145662846,0.7789613848202398,0.5958325511544961,0.7789613848202398,-0.6388616290480864,0.4551630434782609,0.8072289156626506,0.4940530649588289,2.311418685121107,0.553763440860215,-0.2088309808179515,0.2088309808179515,-0.42166344294003877,-0.5843999999999999,-0.07098269999999998,-2020285.0,3081105.0
2,0.39890000000000003,0.022500000000000003,0.0228,0.0434,0.06769732,8.794665e-08,3.8153917e-06,0.39530000000000004,0.4082,0.1648,0.0683,0.019200000000000002,0.0782,0.29150000000000004,0.3657,-0.5830931796349664,-0.3171471927162367,-0.08571428571428569,0.8932130991931656,0.7152028762198255,0.8932130991931656,-0.8037531087497174,0.5253456221198157,1.0133333333333332,0.41444174757281554,5.101023017902813,0.5531281032770605,-0.41529182189107683,0.41529182189107683,-0.6456585365853659,-0.6971750000000002,-0.08739493999999999,-2020285.0,3082525.0
7,0.155,0.15,0.12040000000000001,0.1411,0.09077076,1.5091895e-07,8.232287e-06,0.1615,0.1998,0.1653,0.14350000000000002,0.0819,0.1592,0.1588,0.164,-0.0789817232375979,0.030573686018550292,-0.19031141868512114,0.016393442622950834,0.20616319444444448,0.016393442622950834,-0.046943600135089476,0.8532955350815025,0.8026666666666668,0.8681185722928011,0.9736180904522612,0.02975420439844765,0.03215735248204809,-0.03215735248204809,0.0318157848479522,0.02857499999999996,0.030901659999999987,-2020085.0,3080345.0
7,0.1947,0.1706,0.12340000000000001,0.1507,0.14422219,1.618862e-07,1.02754275e-05,0.19840000000000002,0.2031,0.2343,0.203,0.09040000000000001,0.182,0.18380000000000002,0.1922,-0.21714285714285717,0.06193588546529723,-0.15434985968194573,0.0659731727347386,0.2445467202970297,0.0659731727347386,-0.12738853503184716,0.818845388188454,0.7233294255568582,0.8664105847204439,1.06978021978022,0.03233125354509357,0.09230769230769229,-0.09230769230769229,0.08023709700737312,-0.09260000000000002,-0.01332092999999998,-2019895.0,3080425.0
3,0.2565,0.0562,0.0408,0.06720000000000001,0.099301815,5.2627325e-07,7.5341513e-06,0.2838,0.2913,0.1883,0.10020000000000001,0.0373,0.127,0.22030000000000002,0.2514,-0.47397260273972597,-0.0891410048622367,-0.04481434058898851,0.6405500479692997,0.4543371903393647,0.6405500479692997,-0.5848007414272475,0.6071428571428571,0.7259786476868328,0.5321295804567181,2.0196850393700787,0.3864628820960699,-0.15332733812949645,0.15332733812949645,-0.3105576372052017,-0.43334999999999996,-0.051188809999999994,-2021695.0,3083945.0
2,0.27990000000000004,0.040600000000000004,0.0356,0.0609,0.1358559,7.2613653e-07,9.6018375e-06,0.3116,0.3189,0.2063,0.10500000000000001,0.0356,0.111,0.23950000000000002,0.278,-0.5441616766467066,-0.19999999999999998,0.0,0.7466458658346333,0.5245921209709512,0.7466458658346333,-0.6426056338028169,0.5845648604269293,0.876847290640394,0.5089675230247213,2.521621621621622,0.46437994722955134,-0.15137803373097494,0.15137803373097494,-0.36846671004120585,-0.5152000000000001,-0.08013521999999998,-2021685.0,3085365.0
2,0.3703,0.025,0.026500000000000003,0.051000000000000004,0.1029353,1.0883808e-07,6.4262204e-06,0.4035,0.397,0.189,0.08270000000000001,0.024300000000000002,0.09570000000000001,0.3015,0.3698,-0.5750000000000001,-0.3421052631578947,-0.043307086614173235,0.8735137869972172,0.6815860164201127,0.8735137869972172,-0.757892238309993,0.5196078431372549,1.06,0.4375661375661376,3.869383490073145,0.5857497928748965,-0.32415519399249065,0.32415519399249065,-0.5730426164519326,-0.6642750000000001,-0.08976224999999999,-2021685.0,3086785.0
3,0.3894,0.031400000000000004,0.028900000000000002,0.0651,0.073026754,7.574558e-08,4.247096e-06,0.41340000000000005,0.3778,0.1806,0.0777,0.0307,0.12660000000000002,0.3183,0.37520000000000003,-0.47008547008547,-0.34922279792746114,0.030201342281879186,0.8507604562737643,0.692186179787664,0.8507604562737643,-0.7135313531353136,0.44393241167434716,0.9203821656050954,0.43023255813953487,3.075829383886256,0.6025316455696201,-0.3663157894736842,0.3663157894736842,-0.5862722791050436,-0.6439250000000001,-0.061148490000000014,-2021675.0,3088205.0
3,0.41540000000000005,0.0218,0.0247,0.045000000000000005,0.0976163,1.3982057e-07,5.702869e-06,0.4138,0.40850000000000003,0.17700000000000002,0.0762,0.024800000000000003,0.07980000000000001,0.302,0.3844,-0.5945945945945945,-0.34730538922155696,0.002020202020202078,0.9002744739249772,0.747051691832911,0.9002744739249772,-0.8045178105994788,0.5488888888888889,1.1330275229357798,0.43050847457627117,5.205513784461153,0.5708661417322836,-0.4024307900067522,0.4024307900067522,-0.6357554357926037,-0.7323500000000001,-0.09753194999999999,-2020275.0,3083945.0
2,0.3551,0.0229,0.022500000000000003,0.0395,0.12228298,7.503927e-08,6.937286e-06,0.4253,0.40490000000000004,0.1786,0.0779,0.022500000000000003,0.0882,0.30720000000000003,0.3905,-0.6377808344795964,-0.266025641025641,0.0,0.878835978835979,0.6533333333333333,0.878835978835979,-0.7997972630511911,0.569620253164557,0.9825327510917031,0.4361702127659574,4.026077097505669,0.5877587758775877,-0.33071013678096306,0.33071013678096306,-0.5785953177257526,-0.6598250000000001,-0.09235958999999999,-2020275.0,3085365.0
1,0.3749,0.0296,0.0302,0.0634,0.12822504,1.6132593e-07,7.684783e-06,0.39990000000000003,0.3688,0.1723,0.0733,0.030000000000000002,0.1211,0.311,0.3652,-0.46202800169707253,-0.36344086021505373,-0.0033222591362126043,0.8536464771322619,0.6845022624434389,0.8536464771322619,-0.7107004334930412,0.4763406940063092,1.0202702702702702,0.4254207777132908,3.0957886044591247,0.6071665560716656,-0.3702485380116959,0.3702485380116959,-0.5948818897637795,-0.613775,-0.057076800000000025,-2020265.0,3086785.0
3,0.3143,0.055900000000000005,0.041600000000000005,0.0816,0.07632901,1.5514493e-07,4.600581e-06,0.3724,0.3694,0.20650000000000002,0.09820000000000001,0.031200000000000002,0.13870000000000002,0.29660000000000003,0.3408,-0.43353002429711907,-0.18690909090909089,-0.1428571428571429,0.6980010804970286,0.5456006578455559,0.6980010804970286,-0.5877746905784289,0.5098039215686275,0.7441860465116279,0.475544794188862,2.266041816870944,0.42548818088386436,-0.20698924731182797,0.20698924731182797,-0.395686274509804,-0.5110500000000001,-0.05408022999999997,-2020255.0,3088205.0
3,0.4395,0.028200000000000003,0.027600000000000003,0.052500000000000005,0.12310359,5.3106845e-07,4.9150376e-06,0.43810000000000004,0.3871,0.20720000000000002,0.1033,0.032600000000000004,0.1058,0.3326,0.40940000000000004,-0.5956873315363881,-0.3011152416356877,0.08305647840531563,0.8794098781270044,0.7637511593065562,0.8794098781270044,-0.7865853658536586,0.5257142857142857,0.9787234042553191,0.4985521235521235,4.15406427221172,0.5791044776119403,-0.3592082882325653,0.3592082882325653,-0.5606414968259271,-0.785375,-0.10737167999999997,-2018855.0,3083935.0
3,0.39980000000000004,0.042800000000000005,0.0407,0.0857,0.12563632,1.9506811e-07,5.9841173e-06,0.4419,0.42000000000000004,0.2053,0.0947,0.029500000000000002,0.1398,0.3458,0.4063,-0.41099656357388314,-0.33385214007782094,-0.15954415954415951,0.8065973791233619,0.707958707958708,0.8065973791233619,-0.6469618949536561,0.4749124854142357,0.9509345794392522,0.4612761811982465,2.859799713876967,0.5312157721796276,-0.32143447364072053,0.32143447364072053,-0.5242214532871973,-0.6290250000000001,-0.06393394000000002,-2018855.0,3085355.0
3,0.41340000000000005,0.033100000000000004,0.029900000000000003,0.07010000000000001,0.057751477,6.8432094e-08,3.047602e-06,0.435,0.3967,0.1925,0.0845,0.022000000000000002,0.1257,0.3292,0.3965,-0.4661081492764661,-0.35852713178294576,-0.15221579961464354,0.8517357222844344,0.720879120879121,0.8517357222844344,-0.7100310237849018,0.4265335235378031,0.9033232628398791,0.438961038961039,3.288782816229117,0.5831234256926953,-0.36458161412774387,0.36458161412774387,-0.5806739169192369,-0.6825750000000002,-0.07221107999999998,-2020245.0,3091035.0
3,0.3655,0.0264,0.027600000000000003,0.0582,0.10426715,1.7673372e-07,6.8044137e-06,0.3551,0.36410000000000003,0.1651,0.0717,0.0262,0.0961,0.2654,0.32030000000000003,-0.47872816838334076,-0.375886524822695,-0.02602230483271379,0.8652717529982139,0.6738172982003189,0.8652717529982139,-0.7252773188576824,0.4742268041237114,1.0454545454545456,0.434282253179891,3.8033298647242453,0.5689795918367349,-0.37768563889935924,0.37768563889935924,-0.60057003257329,-0.6048749999999999,-0.06881793,-2020245.0,3092455.0
3,0.34190000000000004,0.0292,0.0279,0.0494,0.14725854,2.2900402e-07,8.945946e-06,0.3687,0.3639,0.17200000000000001,0.0804,0.0269,0.09480000000000001,0.2681,0.3327,-0.5537488708220416,-0.2569974554707379,-0.018248175182481768,0.8426300188628402,0.6312268226478572,0.8426300188628402,-0.7475083056478405,0.5647773279352227,0.9554794520547946,0.4674418604651162,3.6065400843881856,0.5290322580645161,-0.3306090679120452,0.3306090679120452,-0.5427617855652899,-0.59935,-0.07831597999999998,-2020235.0,3093875.0
3,0.2785,0.08410000000000001,0.055400000000000005,0.0843,0.095433384,3.57458e-07,6.3648818e-06,0.32430000000000003,0.3456,0.2431,0.1325,0.0317,0.1444,0.25070000000000003,0.2851,-0.4850335980452046,-0.0011876484560569588,-0.2721010332950632,0.5361279646993933,0.44760894998537576,0.5361279646993933,-0.5352811466372658,0.6571767497034402,0.6587395957193817,0.5450431921020157,1.9286703601108035,0.26389496717724287,-0.06786809815950923,0.06786809815950923,-0.21307901907356952,-0.48312500000000014,-0.07057609000000001,-2020225.0,3095295.0
3,0.34940000000000004,0.0359,0.029500000000000002,0.0645,0.04713496,3.5321712e-08,2.8217587e-06,0.3829,0.38270000000000004,0.1733,0.0758,0.0228,0.1236,0.2978,0.3463,-0.4575273338940286,-0.28486055776892427,-0.1281070745697897,0.8136516999740463,0.623423021100815,0.8136516999740463,-0.6883305146170573,0.45736434108527135,0.8217270194986073,0.43739180611656087,2.8268608414239487,0.5498432601880877,-0.33690453414960786,0.33690453414960786,-0.5446392172849572,-0.5743500000000001,-0.053280050000000016,-2020225.0,3096715.0
2,0.5584,0.050300000000000004,0.049300000000000004,0.0814,0.2019514,5.1020385e-07,8.110614e-06,0.5212,0.47000000000000003,0.23900000000000002,0.1126,0.0417,0.1265,0.396,0.48100000000000004,-0.49188514357053686,-0.23614274867122242,-0.08351648351648355,0.8347297519303434,0.9028816800295212,0.8347297519303434,-0.745545482963426,0.6056511056511057,0.9801192842942346,0.4711297071129707,4.414229249011858,0.4309954751131221,-0.40055179332831703,0.40055179332831703,-0.5772125616402802,-0.91515,-0.10852582000000001,-2018835.0,3089615.0
3,0.45940000000000003,0.0263,0.0281,0.0616,0.08974187,7.3093176e-08,4.466178e-06,0.4773,0.4923,0.19210000000000002,0.0843,0.028300000000000002,0.1199,0.3644,0.44060000000000005,-0.5143870713441071,-0.4015927189988623,0.0035460992907801817,0.8917026971381512,0.7978954104305166,0.8917026971381512,-0.763531669865643,0.45616883116883117,1.0684410646387832,0.43883394065590836,3.8315262718932446,0.640218878248974,-0.4102839600920951,0.4102839600920951,-0.6301621802374184,-0.7740750000000003,-0.08404865,-2018825.0,3091035.0
3,0.3154,0.022500000000000003,0.022000000000000002,0.050100000000000006,0.054494128,7.217526e-08,4.212161e-06,0.35100000000000003,0.3569,0.1618,0.0685,0.021400000000000002,0.0964,0.26030000000000003,0.31620000000000004,-0.5271354412458706,-0.3801652892561983,-0.013824884792626722,0.8668245042912103,0.5959234479539443,0.8668245042912103,-0.7258549931600545,0.43912175648702595,0.9777777777777777,0.42336217552533995,3.2717842323651456,0.6215306980656012,-0.32187761944677284,0.32187761944677284,-0.5751633986928104,-0.5514249999999999,-0.06615834999999998,-2018825.0,3092455.0
3,0.275,0.0864,0.056100000000000004,0.0833,0.11205089,7.466614e-07,7.2455987e-06,0.3065,0.3038,0.2854,0.1638,0.0335,0.14700000000000002,0.2374,0.2702,-0.5481421209655547,0.018267530936947586,-0.25223214285714285,0.5218594355285002,0.4379120678978618,0.5218594355285002,-0.5350265140943344,0.6734693877551021,0.6493055555555556,0.5739313244569026,1.8707482993197277,0.2596401028277635,0.018558172733761535,-0.018558172733761535,-0.13917082401513856,-0.5353,-0.10236530999999997,-2018815.0,3093875.0
2,0.33080000000000004,0.0234,0.023700000000000002,0.0468,0.09637396,1.1121034e-07,5.6628455e-06,0.3548,0.3642,0.1631,0.07050000000000001,0.0221,0.08850000000000001,0.2576,0.3214,-0.5540733682706049,-0.33333333333333337,-0.0349344978165939,0.8678712591756071,0.6212841625111137,0.8678712591756071,-0.7521186440677966,0.5064102564102565,1.012820512820513,0.4322501532801963,3.7378531073446326,0.581769436997319,-0.3395424174934198,0.3395424174934198,-0.5811775200713649,-0.582525,-0.07449907999999998,-2018815.0,3095295.0
2,0.34290000000000004,0.0239,0.0246,0.0458,0.07199545,7.567405e-08,3.9300116e-06,0.38480000000000003,0.4062,0.19,0.0825,0.0213,0.0945,0.2832,0.34940000000000004,-0.6115351993214588,-0.31420373027259685,-0.07189542483660133,0.8696837513631408,0.6401520970963281,0.8696837513631408,-0.7643426807306406,0.537117903930131,1.0292887029288702,0.4342105263157895,3.628571428571429,0.5962837837837838,-0.2869206230061926,0.2869206230061926,-0.55096011816839,-0.639625,-0.09065271999999999,-2018875.0,3078265.0
2,0.3538,0.0251,0.0244,0.0454,0.064339876,8.49545e-08,4.2054917e-06,0.3665,0.38770000000000004,0.1782,0.07690000000000001,0.018500000000000003,0.0795,0.2706,0.3351,-0.59391771019678,-0.28794326241134754,-0.13752913752913748,0.8675112166798628,0.6503708188285153,0.8675112166798628,-0.7725450901803608,0.5374449339207048,0.9721115537848606,0.43153759820426496,4.450314465408805,0.5200764818355641,-0.3300751879699248,0.3300751879699248,-0.575177009579342,-0.640875,-0.09067837,-2018875.0,3079685.0
1,0.3181,0.0766,0.054900000000000004,0.0887,0.26066703,1.8748283e-06,1.4630933e-05,0.3443,0.3594,0.2523,0.15760000000000002,0.042300000000000004,0.1433,0.28600000000000003,0.3251,-0.4797653958944282,-0.07320024198427103,-0.12962962962962962,0.6118571066632885,0.5261173542223361,0.6118571066632885,-0.563913470993117,0.6189402480270575,0.7167101827676241,0.6246531906460563,2.219818562456385,0.30331969076853116,-0.11535764375876573,0.11535764375876573,-0.22859025032938074,-0.53955,-0.09051885000000003,-2018865.0,3081105.0
1,0.4163,0.0302,0.0292,0.056400000000000006,0.15315484,1.7071068e-07,8.082315e-06,0.42310000000000003,0.3803,0.1879,0.08850000000000001,0.026600000000000002,0.093,0.32220000000000004,0.39840000000000003,-0.5382726156365125,-0.302540415704388,-0.046594982078853014,0.8647256438969765,0.7330794341675735,0.8647256438969765,-0.7613708483181721,0.5177304964539007,0.966887417218543,0.4709952102182012,4.476344086021506,0.5097402597402597,-0.3780205230056272,0.3780205230056272,-0.5792272243885146,-0.7139750000000001,-0.09394729999999998,-2018865.0,3082515.0
7,0.19310000000000002,0.13620000000000002,0.1058,0.1298,0.04715664,6.9075824e-08,3.6555941e-06,0.1981,0.2028,0.1927,0.157,0.1009,0.1632,0.18580000000000002,0.1955,-0.19503875968992251,0.02406015037593991,-0.023705853894533148,0.17279076829638626,0.28480440499671267,0.17279076829638626,-0.1960359244348096,0.815100154083205,0.776798825256975,0.8147379346133886,1.1832107843137256,0.09018036072144288,-0.0010368066355624973,0.0010368066355624973,-0.009626752237797733,-0.10914999999999997,0.0017180400000000248,-2018825.0,3081995.0
7,0.15810000000000002,0.1507,0.1285,0.1463,0.034584373,5.478561e-08,2.8933403e-06,0.1676,0.1807,0.1678,0.1406,0.11,0.1612,0.16540000000000002,0.169,-0.06844953836357844,0.01481481481481477,-0.07756813417190778,0.023963730569948244,0.22261162441400034,0.023963730569948244,-0.038764783180026297,0.8783321941216677,0.8526874585268746,0.8379022646007152,0.9807692307692308,0.03366463610131455,0.029763731205891333,-0.029763731205891333,0.008132894964526703,0.04055000000000003,0.036979820000000024,-2018755.0,3082095.0
7,0.19260000000000002,0.1355,0.10500000000000001,0.1292,0.041925788,7.725358e-08,3.4415784e-06,0.1952,0.20400000000000001,0.20350000000000001,0.1676,0.095,0.1627,0.1812,0.19160000000000002,-0.2233243162007815,0.023800528900642232,-0.050000000000000044,0.1740323072234075,0.2840489286593876,0.1740323072234075,-0.197016780609074,0.8126934984520124,0.7749077490774908,0.8235872235872235,1.1837738168408114,0.09121395036887994,0.027518303458722526,-0.027518303458722526,0.009155984684534718,-0.12424999999999986,-0.0099395,-2018725.0,3081325.0
7,0.15130000000000002,0.1547,0.1335,0.15130000000000002,0.029521646,4.5502183e-08,2.4928072e-06,0.1568,0.1713,0.1626,0.1431,0.1076,0.16190000000000002,0.1574,0.1618,-0.03599872570882439,0.011111111111111065,-0.10742430526752388,-0.011111111111111065,0.20732668676095525,-0.011111111111111065,0.0,0.8823529411764706,0.8629605688429218,0.8800738007380075,0.9345274861025324,0.022741629816803575,0.03599872570882439,-0.03599872570882439,0.022313765877102567,0.07667500000000005,0.04216470000000004,-2018655.0,3082255.0
7,0.24730000000000002,0.1153,0.0809,0.11220000000000001,0.09943533,5.914807e-07,7.1495524e-06,0.2232,0.1962,0.2182,0.17450000000000002,0.0825,0.15990000000000001,0.2008,0.21710000000000002,-0.3208232445520581,0.013626373626373589,0.00979192166462671,0.36403750689464975,0.3774908995384097,0.36403750689464975,-0.3757997218358831,0.7210338680926915,0.7016478751084129,0.7997250229147571,1.5465916197623515,0.16206395348837216,-0.06251342642320089,0.06251342642320089,-0.06213592233009715,-0.29322499999999996,-0.041927720000000016,-2018655.0,3081295.0
3,0.39,0.052000000000000005,0.045000000000000005,0.08270000000000001,0.09627247,1.12399455e-07,5.2005144e-06,0.40180000000000005,0.4257,0.2016,0.0946,0.0307,0.1432,0.3196,0.3649,-0.418220189940204,-0.22791388270230142,-0.18890356671070016,0.7647058823529412,0.6764382557713449,0.7647058823529412,-0.6500951977998731,0.5441354292623942,0.8653846153846154,0.46924603174603174,2.723463687150838,0.4672131147540983,-0.3184584178498986,0.3184584178498986,-0.4958734525447042,-0.612,-0.0551748,-2017455.0,3078255.0
2,0.3493,0.034300000000000004,0.0315,0.0531,0.14408083,3.5069584e-07,7.610157e-06,0.3795,0.39690000000000003,0.1938,0.09570000000000001,0.031900000000000005,0.1041,0.28550000000000003,0.34690000000000004,-0.5698663426488456,-0.21510297482837523,0.006309148264984297,0.8211678832116789,0.636122379345642,0.8211678832116789,-0.7360834990059643,0.5932203389830508,0.9183673469387754,0.49380804953560375,3.3554274735830933,0.5043352601156069,-0.2863192782176395,0.2863192782176395,-0.4909945184025059,-0.6264750000000001,-0.08710934000000001,-2018845.0,3086775.0
3,0.27190000000000003,0.0678,0.0466,0.0745,0.09150631,4.8239826e-07,5.906918e-06,0.3005,0.306,0.2518,0.14120000000000002,0.0334,0.1301,0.2321,0.26680000000000004,-0.5433650015323322,-0.047083626141953605,-0.16500000000000004,0.6008242566970857,0.46038970809509483,0.6008242566970857,-0.5698614318706697,0.6255033557046981,0.6873156342182891,0.5607625099285147,2.089930822444274,0.3148054573016675,-0.03838075233912546,0.03838075233912546,-0.20758293838862554,-0.5174000000000001,-0.09411445000000003,-2018845.0,3088195.0
7,0.1792,0.1519,0.1203,0.1426,0.053415228,1.7571449e-07,3.902001e-06,0.183,0.1794,0.1988,0.1709,0.0782,0.16570000000000001,0.1748,0.1826,-0.16461628588166372,0.03157894736842106,-0.21209068010075566,0.08245243128964057,0.24916901586233015,0.08245243128964057,-0.11373523927905531,0.8436185133239832,0.7919684002633312,0.8596579476861167,1.0814725407362702,0.0434508816120907,0.05185185185185187,-0.05185185185185187,0.03744174835288444,-0.04747499999999988,0.0033904500000000344,-2018795.0,3083555.0
7,0.15510000000000002,0.1496,0.1265,0.1441,0.03711252,6.743073e-08,2.949328e-06,0.17070000000000002,0.19090000000000001,0.18280000000000002,0.15940000000000001,0.09730000000000001,0.1627,0.165,0.17120000000000002,-0.11838482716427044,0.01872659176029964,-0.13047363717605,0.0180505415162455,0.21572534987997644,0.0180505415162455,-0.03676470588235297,0.8778625954198473,0.8455882352941176,0.8719912472647703,0.9532882606023356,0.041946845981428116,0.08197691624741048,-0.08197691624741048,0.04639349813748736,0.01974999999999999,0.018850199999999994,-2018745.0,3083685.0
7,0.1578,0.1476,0.1278,0.1461,0.035188425,4.6285987e-08,2.7728438e-06,0.1751,0.1988,0.18000000000000002,0.1507,0.0965,0.1608,0.1686,0.1756,-0.10395584176632937,0.0051072522982635385,-0.13954525189478376,0.033398821218074616,0.22757857867084516,0.033398821218074616,-0.03849950641658436,0.8747433264887063,0.8658536585365852,0.8372222222222221,0.9813432835820896,0.04280155642023343,0.06571936056838373,-0.06571936056838373,0.021750299708854334,0.024025000000000074,0.02359535999999998,-2017695.0,3084535.0
7,0.1769,0.15360000000000001,0.1218,0.1438,0.047586493,5.990863e-08,3.5168575e-06,0.1826,0.1733,0.2053,0.17830000000000001,0.09960000000000001,0.1705,0.17450000000000002,0.18130000000000002,-0.1761672873102263,0.032952252858103576,-0.10027100271002708,0.07049924357034791,0.24358649789029535,0.07049924357034791,-0.10321172435297783,0.847009735744089,0.79296875,0.8684851436921578,1.0375366568914954,0.05214439987658129,0.07430664573521718,-0.07430664573521718,0.052648271487472253,-0.04742499999999983,0.0017933300000000166,-2017565.0,3084705.0
5,0.1545,0.0303,0.0244,0.035500000000000004,0.124173865,8.483827e-07,1.0776343e-05,0.22920000000000001,0.3195,0.1535,0.0889,0.025900000000000003,0.08990000000000001,0.1786,0.21200000000000002,-0.6243386243386243,-0.07902735562310036,0.029821073558648135,0.6720779220779222,0.3086360877482008,0.6720779220779222,-0.6263157894736842,0.6873239436619718,0.8052805280528054,0.5791530944625408,1.718576195773081,0.4958402662229618,-0.0032467532467532496,0.0032467532467532496,-0.2002683663200268,-0.32662499999999994,-0.06007945999999999,-2017435.0,3083935.0
3,0.3412,0.031900000000000005,0.0273,0.0538,0.084694825,2.0799637e-07,5.315318e-06,0.3865,0.3788,0.17,0.0775,0.022600000000000002,0.1034,0.2806,0.35050000000000003,-0.5192135835567472,-0.2555425904317386,-0.094188376753507,0.8290002680246583,0.6183680385585721,0.8290002680246583,-0.7275949367088607,0.5074349442379182,0.8557993730407523,0.45588235294117646,3.299806576402321,0.5284552845528456,-0.3348982785602504,0.3348982785602504,-0.5421636325591128,-0.5856249999999998,-0.07032340999999999,-2017435.0,3085355.0
3,0.3149,0.040600000000000004,0.032600000000000004,0.0597,0.10908174,4.510164e-07,7.0756314e-06,0.34950000000000003,0.3578,0.1983,0.0994,0.026000000000000002,0.111,0.264,0.3121,-0.5372093023255814,-0.19042871385842472,-0.11262798634812288,0.7715893108298171,0.5682267884322679,0.7715893108298171,-0.6812600106780564,0.5460636515912898,0.8029556650246306,0.5012607160867373,2.836936936936937,0.46437994722955134,-0.22720187061574437,0.22720187061574437,-0.4256410256410256,-0.5630999999999999,-0.07982875,-2017425.0,3086775.0
2,0.3764,0.0194,0.0195,0.0359,0.057007346,8.448064e-08,3.3724173e-06,0.4319,0.4026,0.1564,0.0627,0.0212,0.07930000000000001,0.3118,0.3961,-0.6266250650026001,-0.298372513562387,0.041769041769041775,0.9019706922688225,0.6844157290854406,0.9019706922688225,-0.8258549599805967,0.5431754874651811,1.0051546391752577,0.4008951406649616,4.746532156368222,0.6068895643363729,-0.4129129129129129,0.4129129129129129,-0.6564853556485356,-0.6742750000000002,-0.08410784999999998,-2017425.0,3088185.0
2,0.38770000000000004,0.0223,0.0229,0.05,0.054092474,5.5640935e-08,3.1606598e-06,0.4247,0.453,0.1542,0.06280000000000001,0.0244,0.1017,0.3145,0.38780000000000003,-0.5102840352595495,-0.3831258644536653,0.031712473572938715,0.8912195121951221,0.7015743656232637,0.8912195121951221,-0.7715330134795523,0.45799999999999996,1.0269058295964126,0.40726329442282755,3.812192723697149,0.6403225806451612,-0.430891308359476,0.430891308359476,-0.6566471656243695,-0.64925,-0.06545053999999999,-2018805.0,3096715.0
3,0.32530000000000003,0.0308,0.024,0.0471,0.13008076,5.1818193e-07,9.422801e-06,0.33130000000000004,0.3,0.1893,0.0952,0.0291,0.10700000000000001,0.2516,0.3002,-0.6015228426395939,-0.20924261874197692,0.096045197740113,0.8270148834597024,0.588264040297722,0.8270148834597024,-0.7470461868958108,0.5095541401273885,0.7792207792207793,0.502905441098785,3.0401869158878503,0.5529753265602323,-0.26428293820443066,0.26428293820443066,-0.4698085419734905,-0.60635,-0.08346565,-2017415.0,3089605.0
3,0.4097,0.0629,0.048600000000000004,0.08070000000000001,0.16135883,9.567589e-07,9.152168e-06,0.42510000000000003,0.3932,0.2499,0.1353,0.0431,0.14200000000000002,0.3279,0.38730000000000003,-0.5117967332123412,-0.12395543175487472,-0.05997818974918217,0.7338129496402878,0.6757697174188108,0.7338129496402878,-0.6708809135399674,0.6022304832713754,0.7726550079491257,0.5414165666266506,2.8852112676056336,0.38604197169350907,-0.2422680412371134,0.2422680412371134,-0.3961919268849962,-0.705225,-0.09783892999999999,-2017405.0,3091025.0
3,0.24400000000000002,0.0721,0.049300000000000004,0.07390000000000001,0.10788838,8.5588096e-07,7.348343e-06,0.2705,0.2808,0.252,0.1499,0.0471,0.13240000000000002,0.21330000000000002,0.2399,-0.5464866523473457,-0.012328767123287737,-0.02282157676348548,0.5438152483391332,0.4116004132073307,0.5438152483391332,-0.5350739226171752,0.6671177266576455,0.6837725381414702,0.5948412698412698,1.8429003021148036,0.29486552567237173,0.016129032258064474,-0.016129032258064474,-0.13836600038812344,-0.4724749999999999,-0.09161454999999999,-2017405.0,3092445.0
1,0.2912,0.0369,0.033100000000000004,0.053200000000000004,0.07507126,1.8263161e-07,5.025383e-06,0.3609,0.3523,0.1852,0.0937,0.0309,0.1044,0.28240000000000004,0.3366,-0.5536912751677853,-0.18091009988901222,-0.034375000000000065,0.7750685766534594,0.5466049748882824,0.7750685766534594,-0.6910569105691057,0.6221804511278196,0.897018970189702,0.505939524838013,2.789272030651341,0.47770700636942676,-0.2225020990764064,0.2225020990764064,-0.4258078698615081,-0.5250750000000001,-0.07450958999999997,-2017395.0,3093865.0
3,0.3406,0.07590000000000001,0.0574,0.0931,0.10486538,4.847228e-07,6.2049016e-06,0.3738,0.3874,0.2461,0.1355,0.044000000000000004,0.1501,0.2968,0.33940000000000003,-0.45106132075471705,-0.10177514792899403,-0.13214990138067056,0.6355342136854741,0.5679970706700843,0.6355342136854741,-0.5706709707170855,0.6165413533834586,0.756258234519104,0.5505891913856156,2.2691538974017322,0.3283185840707964,-0.1610703937276291,0.1610703937276291,-0.30620282244830976,-0.556025,-0.0749794,-2017395.0,3095285.0
3,0.3007,0.1005,0.06420000000000001,0.0971,0.10817874,5.7425495e-07,6.3749917e-06,0.31570000000000004,0.2932,0.281,0.1836,0.047900000000000005,0.1683,0.2574,0.2837,-0.4863792647447765,0.017206477732793525,-0.14540588760035683,0.4990029910269193,0.4579173112079877,0.4990029910269193,-0.5118149824032177,0.6611740473738414,0.6388059701492538,0.6533807829181495,1.7866904337492573,0.2522321428571428,-0.033866254082860564,0.033866254082860564,-0.12449922958397532,-0.5197,-0.09076402,-2017385.0,3096705.0
2,0.28150000000000003,0.0257,0.0261,0.0448,0.09438382,1.3323724e-07,7.2092794e-06,0.3356,0.3618,0.1583,0.0678,0.0245,0.0918,0.2514,0.3028,-0.5588380108321024,-0.2709219858156028,-0.031620553359683806,0.8326822916666666,0.5468365659905641,0.8326822916666666,-0.7254060680355501,0.5825892857142858,1.0155642023346303,0.42830069488313327,3.0664488017429194,0.5625531914893617,-0.2801273306048204,0.2801273306048204,-0.5337820992271255,-0.50465,-0.06286946999999998,-2015995.0,3089605.0
3,0.2482,0.0563,0.043500000000000004,0.06520000000000001,0.10539709,4.5890212e-07,8.303463e-06,0.26280000000000003,0.2738,0.2218,0.13620000000000002,0.0424,0.1096,0.2013,0.2311,-0.5456445993031358,-0.07325102880658439,-0.012805587892898762,0.6302134646962234,0.4478666402063902,0.6302134646962234,-0.5839183152520739,0.6671779141104295,0.7726465364120781,0.6140667267808838,2.264598540145985,0.32127787823990356,-0.05617021276595746,0.05617021276595746,-0.20487401900041308,-0.4644499999999999,-0.09303356999999998,-2015995.0,3091025.0
3,0.2889,0.0323,0.0211,0.0351,0.23775929,1.2975007e-06,1.49032585e-05,0.3146,0.3052,0.2028,0.1029,0.028800000000000003,0.0915,0.2325,0.2783,-0.7049180327868854,-0.04154302670623141,0.15430861723446898,0.798879202988792,0.5209332175620068,0.798879202988792,-0.7833333333333332,0.6011396011396012,0.653250773993808,0.507396449704142,3.1573770491803277,0.47819063004846524,-0.17510677242220862,0.17510677242220862,-0.3926325247079963,-0.602975,-0.10215292000000002,-2015985.0,3092445.0
3,0.30560000000000004,0.0251,0.0235,0.046,0.079258114,1.8574595e-07,5.244891e-06,0.3336,0.3458,0.15860000000000002,0.0723,0.0238,0.092,0.2506,0.3113,-0.5503421309872923,-0.2939521800281294,0.006342494714587772,0.8482007862110674,0.5772881753193485,0.8482007862110674,-0.7383390216154723,0.5108695652173914,0.9362549800796812,0.4558638083228247,3.321739130434783,0.5713065755764304,-0.3166738474795347,0.3166738474795347,-0.5432590855803049,-0.5397250000000002,-0.06743266000000003,-2017455.0,3079675.0
3,0.5002,0.030600000000000002,0.0316,0.0734,0.1056314,9.227991e-08,4.5555976e-06,0.4994,0.47940000000000005,0.2087,0.09040000000000001,0.024800000000000003,0.12710000000000002,0.3769,0.46040000000000003,-0.47961715703651175,-0.4115384615384616,-0.12056737588652482,0.8847023360964582,0.8431711363008018,0.8847023360964582,-0.7440725244072524,0.43051771117166215,1.0326797385620916,0.4331576425491136,3.935483870967741,0.6119213696892836,-0.411200451403583,0.411200451403583,-0.6292892156862745,-0.82565,-0.09016800999999998,-2017445.0,3081095.0
3,0.4364,0.0376,0.0352,0.06420000000000001,0.17326255,3.046155e-07,8.6830205e-06,0.4466,0.41700000000000004,0.20670000000000002,0.0935,0.027700000000000002,0.12240000000000001,0.3421,0.4077,-0.5260243632336655,-0.2612966601178782,-0.11923688394276627,0.841350210970464,0.7535050071530757,0.841350210970464,-0.7435077906512184,0.5482866043613707,0.9361702127659575,0.4523463957426221,3.5653594771241828,0.53,-0.35717617788835326,0.35717617788835326,-0.5649576903932305,-0.7455749999999999,-0.08563680999999998,-2017445.0,3082515.0
2,0.3317,0.0244,0.0247,0.0451,0.10306922,6.892085e-08,7.2794614e-06,0.3557,0.37170000000000003,0.1442,0.0613,0.018500000000000003,0.08020000000000001,0.2606,0.3249,-0.5235076597992604,-0.297841726618705,-0.14351851851851843,0.8629598427408033,0.6225393510461384,0.8629598427408033,-0.7606157112526538,0.5476718403547671,1.012295081967213,0.42510402219140087,4.135910224438902,0.5334608030592733,-0.39399033410380335,0.39399033410380335,-0.6123049083917665,-0.561075,-0.06610408999999999,-2016035.0,3078255.0
3,0.4554,0.0235,0.024,0.0565,0.06365896,9.588301e-08,3.864001e-06,0.4405,0.3894,0.1695,0.07010000000000001,0.0178,0.1019,0.3317,0.4058,-0.5000000000000001,-0.41250000000000003,-0.14832535885167464,0.9018584255585717,0.7872070036712793,0.9018584255585717,-0.7792537605000978,0.4247787610619469,1.0212765957446808,0.41356932153392334,4.469087340529931,0.6251993620414672,-0.45751320211233804,0.45751320211233804,-0.6732984293193717,-0.754575,-0.07902856000000003,-2016035.0,3079675.0
2,0.3659,0.0198,0.020300000000000002,0.0413,0.07443674,9.433031e-08,4.4745198e-06,0.40190000000000003,0.41090000000000004,0.168,0.07200000000000001,0.0223,0.09000000000000001,0.30210000000000004,0.37020000000000003,-0.6053511705685619,-0.35188216039279874,0.0469483568075117,0.8973295307233602,0.6716574730759126,0.8973295307233602,-0.7971512770137524,0.4915254237288136,1.0252525252525253,0.4285714285714286,4.065555555555555,0.639344262295082,-0.37066866454392206,0.37066866454392206,-0.6158995815899582,-0.6593,-0.08287809000000002,-2016025.0,3081085.0
2,0.388,0.0437,0.0368,0.0833,0.0749477,9.6237656e-08,3.8139037e-06,0.41090000000000004,0.3785,0.2066,0.0946,0.0281,0.14650000000000002,0.3299,0.3773,-0.42531907554329085,-0.3118110236220472,-0.13405238828967642,0.7975445911512624,0.6740649104933779,0.7975445911512624,-0.646509654148101,0.4417767106842737,0.8421052631578947,0.4578896418199419,2.6484641638225255,0.5404837013669821,-0.30507904473595693,0.30507904473595693,-0.5087906233351092,-0.6232000000000001,-0.058813260000000006,-2016025.0,3082505.0
2,0.3724,0.0204,0.023700000000000002,0.047900000000000005,0.10576743,5.1817295e-08,7.05417e-06,0.402,0.3815,0.1552,0.0627,0.0187,0.0897,0.2964,0.36920000000000003,-0.5283111767602167,-0.4026354319180088,-0.1179245283018868,0.8961303462321791,0.6913936448881971,0.8961303462321791,-0.7720675707827742,0.49478079331941544,1.161764705882353,0.40399484536082475,4.151616499442587,0.6294277929155313,-0.4116755117513267,0.4116755117513267,-0.6531719532554257,-0.6322750000000001,-0.07168589999999998,-2014625.0,3078245.0
3,0.3491,0.0543,0.0427,0.08310000000000001,0.06952606,6.5395234e-08,4.452526e-06,0.39690000000000003,0.39880000000000004,0.2053,0.09530000000000001,0.0268,0.1422,0.31170000000000003,0.3607,-0.42371705963938977,-0.20960698689956334,-0.22877697841726619,0.7307882994546355,0.6041782010113314,0.7307882994546355,-0.6154558074965294,0.5138387484957881,0.7863720073664825,0.464198733560643,2.454992967651196,0.4473282442748091,-0.2593795093795094,0.2593795093795094,-0.4473586996675286,-0.5573250000000001,-0.05445513,-2014615.0,3079665.0
3,0.34600000000000003,0.0616,0.047400000000000005,0.09340000000000001,0.076963305,7.44015e-08,4.7729463e-06,0.375,0.3634,0.2328,0.1131,0.033800000000000004,0.1569,0.30110000000000003,0.3401,-0.42734518700183927,-0.20516129032258068,-0.16748768472906403,0.6977428851815506,0.5906918608925815,0.6977428851815506,-0.5748748293126992,0.5074946466809421,0.7694805194805195,0.48582474226804123,2.2052262587635436,0.43615560640732265,-0.19557705597788533,0.19557705597788533,-0.3849674353106847,-0.5590249999999999,-0.059773400000000004,-2014615.0,3081085.0
2,0.3599,0.0274,0.0228,0.0449,0.10619881,1.3883114e-07,5.689942e-06,0.38470000000000004,0.36510000000000004,0.18630000000000002,0.0839,0.024200000000000003,0.0887,0.28400000000000003,0.3492,-0.6115916955017302,-0.24204702627939143,0.02978723404255323,0.8585076168344953,0.6446094731397326,0.8585076168344953,-0.7781620553359684,0.5077951002227171,0.8321167883211679,0.4503488996242619,4.05749718151071,0.5279931093884582,-0.3178322958623214,0.3178322958623214,-0.5493927125506073,-0.6632750000000001,-0.09348213999999999,-2015975.0,3093855.0
3,0.3321,0.09620000000000001,0.06430000000000001,0.1009,0.10812805,5.994171e-07,6.4065553e-06,0.3483,0.3289,0.2928,0.1724,0.041100000000000005,0.1671,0.276,0.31270000000000003,-0.48742697485394976,-0.023845763571790947,-0.22011385199240988,0.5507821620359561,0.5143828177008515,0.5507821620359561,-0.5339491916859123,0.6372646184340932,0.6683991683991685,0.5887978142076502,1.9874326750448834,0.2692745917204709,-0.0628900624099856,0.0628900624099856,-0.19218045112781956,-0.5776999999999999,-0.09510383,-2015975.0,3095275.0
3,0.251,0.0648,0.0465,0.0741,0.1066336,6.185561e-07,7.1819763e-06,0.2972,0.2816,0.2348,0.1355,0.0412,0.1474,0.2393,0.2651,-0.5202330851408223,-0.06695464362850974,-0.060433295324971485,0.5896136795440152,0.43584679137136445,0.5896136795440152,-0.5441402645339896,0.6275303643724697,0.7175925925925927,0.5770868824531517,1.7028493894165535,0.3892554194156457,-0.03334705640181143,0.03334705640181143,-0.19525914021695456,-0.463075,-0.07226731,-2015965.0,3096695.0
7,0.1776,0.152,0.1087,0.1343,0.17459477,2.2346079e-07,1.2838487e-05,0.18610000000000002,0.1937,0.226,0.2021,0.09230000000000001,0.17,0.17320000000000002,0.1797,-0.25451013044684984,0.06182326231225985,-0.08159203980099501,0.0776699029126214,0.22913642248989685,0.0776699029126214,-0.13882654697018276,0.8093819806403574,0.7151315789473685,0.8942477876106194,1.0447058823529412,0.05590062111801247,0.11992071357779979,-0.11992071357779979,0.10587133041848841,-0.110425,-0.026350779999999994,-2014845.0,3094355.0
7,0.1923,0.1492,0.1253,0.1474,0.051477965,1.2422501e-07,3.6738716e-06,0.2076,0.2092,0.21660000000000001,0.1804,0.11130000000000001,0.17450000000000002,0.1947,0.2033,-0.19010989010989016,0.00606877950101145,-0.05917159763313603,0.126207906295754,0.2888695273360924,0.126207906295754,-0.1321754489255225,0.850067842605156,0.8398123324396782,0.8328716528162511,1.1020057306590256,0.07815878900216255,0.05942773294203965,-0.05942773294203965,0.018541409147095195,-0.07445000000000002,-0.002898689999999999,-2014835.0,3094285.0
7,0.169,0.1448,0.1164,0.1386,0.047617804,7.5641275e-08,4.0444247e-06,0.16190000000000002,0.1797,0.17300000000000001,0.1464,0.0969,0.1511,0.155,0.1608,-0.11039794608472406,0.021877205363443935,-0.09142053445850916,0.07711918419375398,0.2384100274725275,0.07711918419375398,-0.09882964889466844,0.8398268398268398,0.8038674033149171,0.8462427745664739,1.1184645929847783,0.02129097668131125,0.011695906432748548,-0.011695906432748548,0.010058966354491897,-0.013499999999999956,0.018285820000000008,-2014715.0,3094275.0
2,0.38880000000000003,0.0253,0.027,0.0545,0.07036436,1.9439459e-07,4.8015304e-06,0.35350000000000004,0.3531,0.1573,0.0688,0.0227,0.07880000000000001,0.26730000000000004,0.32780000000000004,-0.4853635505193579,-0.3659147869674186,-0.08651911468812874,0.8778072929244145,0.7074957028622676,0.8778072929244145,-0.7541168508910445,0.4954128440366972,1.0671936758893281,0.43738080101716464,4.934010152284264,0.5139289145052833,-0.4239150338765794,0.4239150338765794,-0.6309080211806237,-0.6387,-0.07625206999999996,-2014575.0,3089595.0
3,0.3395,0.049800000000000004,0.038400000000000004,0.0709,0.10218763,4.786432e-07,6.0766492e-06,0.3698,0.3609,0.22030000000000002,0.1115,0.030100000000000002,0.1326,0.2863,0.3315,-0.5130494505494506,-0.1748135874067937,-0.12116788321167885,0.7441561777549447,0.5916833296304526,0.7441561777549447,-0.6544834307992202,0.5416078984485191,0.7710843373493976,0.5061280072628234,2.5603318250377076,0.45394736842105254,-0.21293319042515182,0.21293319042515182,-0.40170623145400597,-0.5961750000000001,-0.07883644000000001,-2014575.0,3091015.0
3,0.3433,0.0471,0.0364,0.06670000000000001,0.12699623,3.501594e-07,7.674086e-06,0.3846,0.37270000000000003,0.221,0.1091,0.030600000000000002,0.1288,0.2944,0.34540000000000004,-0.5363225582203683,-0.17223198594024608,-0.08656716417910447,0.7587090163934427,0.5995638997708626,0.7587090163934427,-0.6746341463414632,0.545727136431784,0.7728237791932059,0.49366515837104075,2.665372670807453,0.4644684479818078,-0.2167286904129009,0.2167286904129009,-0.4170554207874603,-0.616025,-0.08327908999999999,-2014565.0,3092435.0
2,0.3365,0.0534,0.0383,0.060000000000000005,0.0705049,2.5090276e-07,4.673721e-06,0.3149,0.2907,0.16060000000000002,0.0971,0.026500000000000003,0.1004,0.2341,0.2921,-0.45602901178603816,-0.05820105820105822,-0.18209876543209874,0.7260836111823544,0.5752199467017122,0.7260836111823544,-0.6973518284993695,0.6383333333333333,0.7172284644194756,0.6046077210460772,3.351593625498008,0.305591677503251,-0.35385234359283846,0.35385234359283846,-0.42699409861031784,-0.533075,-0.0650571,-2014565.0,3093855.0
2,0.3544,0.033600000000000005,0.029500000000000002,0.0512,0.14820378,2.8004348e-07,8.706472e-06,0.3669,0.3418,0.18230000000000002,0.0876,0.031400000000000004,0.0994,0.2727,0.3321,-0.5614561027837259,-0.20754716981132068,0.0311986863711002,0.8268041237113402,0.6386214646937629,0.8268041237113402,-0.7475345167652859,0.576171875,0.8779761904761904,0.48052660449808005,3.5653923541247483,0.4947368421052631,-0.32066331283771193,0.32066331283771193,-0.5200950306869928,-0.6256499999999999,-0.08186102,-2016015.0,3083925.0
2,0.436,0.0235,0.0236,0.051000000000000004,0.084310114,1.2893081e-07,4.1981702e-06,0.4408,0.3977,0.1898,0.0805,0.0228,0.0945,0.33680000000000004,0.40490000000000004,-0.5764119601328902,-0.3691275167785235,-0.0172413793103448,0.897714907508161,0.7617857142857143,0.897714907508161,-0.7905544147843943,0.46274509803921565,1.004255319148936,0.4241306638566913,4.613756613756614,0.6016949152542374,-0.39341642697347395,0.39341642697347395,-0.630943931866572,-0.7674750000000001,-0.09606151,-2016015.0,3085345.0
2,0.3114,0.0269,0.024300000000000002,0.045000000000000005,0.15475072,4.3846964e-07,1.055731e-05,0.33,0.31820000000000004,0.1728,0.07970000000000001,0.0219,0.08610000000000001,0.24300000000000002,0.2928,-0.5867768595041322,-0.25173852573018085,-0.05194805194805201,0.8409695536506061,0.582387354228817,0.8409695536506061,-0.7474747474747475,0.54,0.9033457249070632,0.46122685185185186,3.616724738675958,0.5238938053097345,-0.2862453531598513,0.2862453531598513,-0.5179742256387068,-0.569575,-0.08122466,-2016005.0,3086765.0
2,0.3104,0.0268,0.026500000000000003,0.0541,0.08141836,1.5910267e-07,5.7104285e-06,0.30760000000000004,0.3317,0.165,0.0747,0.029500000000000002,0.0975,0.2333,0.2748,-0.5061615700593336,-0.3374536464771323,0.05357142857142855,0.841043890865955,0.5887854139651852,0.841043890865955,-0.7031550068587107,0.48983364140480595,0.9888059701492538,0.4527272727272727,3.1835897435897436,0.5687851971037812,-0.30584770719394194,0.30584770719394194,-0.5369525547445256,-0.532675,-0.06405699000000001,-2016005.0,3088185.0
3,0.3131,0.0533,0.041800000000000004,0.0708,0.11784495,3.3051967e-07,6.872757e-06,0.3472,0.3482,0.24280000000000002,0.13390000000000002,0.031900000000000005,0.1301,0.2695,0.3138,-0.5484693877551021,-0.14101531023368252,-0.1343283582089552,0.709061135371179,0.5528649386084584,0.709061135371179,-0.6311539463401927,0.5903954802259888,0.7842401500938087,0.5514827018121912,2.406610299769408,0.4187568157033805,-0.1264615938118366,0.1264615938118366,-0.3093525179856114,-0.5815750000000001,-0.09726883,-2014595.0,3083925.0
3,0.3533,0.0361,0.031400000000000004,0.0632,0.102741376,8.4424016e-08,6.565359e-06,0.3689,0.3728,0.1879,0.0838,0.0323,0.11080000000000001,0.28400000000000003,0.33530000000000004,-0.49661489446435686,-0.27291037260825785,0.014128728414442668,0.8145865434001026,0.6348546163069544,0.8145865434001026,-0.6965186074429773,0.4968354430379747,0.8698060941828256,0.44598190526875997,3.188628158844765,0.5085091899251192,-0.3056171470805617,0.3056171470805617,-0.5247720967102656,-0.60145,-0.07016307999999999,-2014595.0,3085345.0
3,0.40130000000000005,0.0279,0.0281,0.0664,0.06730054,9.7328424e-08,3.687207e-06,0.4217,0.367,0.19010000000000002,0.0847,0.025500000000000002,0.11220000000000001,0.3204,0.3804,-0.4822612085769981,-0.40827147401908803,-0.04850746268656713,0.869990680335508,0.7182517765749845,0.869990680335508,-0.716057301689117,0.42319277108433734,1.0071684587813619,0.44555497106785896,3.5766488413547237,0.6017130620985012,-0.35711870138654045,0.35711870138654045,-0.5845018450184503,-0.6718250000000001,-0.07952699999999999,-2014585.0,3086755.0
7,0.044000000000000004,0.0553,0.0426,0.057600000000000005,0.08251434,2.4166823e-06,2.2156593e-05,0.0451,0.15960000000000002,0.0359,0.022000000000000002,0.0346,0.059300000000000005,0.042300000000000004,0.048600000000000004,0.23208556149732626,-0.020372010628875142,-0.10362694300518137,-0.11379657603222555,0.05178453090977943,-0.11379657603222555,0.13385826771653542,0.7395833333333333,0.7703435804701627,0.6128133704735377,0.7419898819561551,0.03490401396160561,-0.10137672090112644,0.10137672090112644,-0.0567419158023185,0.07225000000000002,0.0416364,-2014585.0,3088175.0
3,0.25780000000000003,0.023100000000000002,0.0246,0.0443,0.097595446,1.979351e-07,6.4440137e-06,0.3304,0.3941,0.1555,0.0702,0.0332,0.08410000000000001,0.25020000000000003,0.3034,-0.5565565565565566,-0.31454005934718093,0.14878892733564011,0.8355286578853685,0.5127485766152323,0.8355286578853685,-0.7067196292618338,0.5553047404063206,1.0649350649350648,0.4514469453376206,3.065398335315101,0.5690298507462687,-0.24751996128720066,0.24751996128720066,-0.5033271227042854,-0.4670500000000001,-0.06525709999999998,-2013185.0,3083915.0
2,0.37520000000000003,0.0247,0.0252,0.048400000000000006,0.057622727,9.911656e-08,3.9385773e-06,0.3708,0.3532,0.1706,0.0747,0.022000000000000002,0.08420000000000001,0.2767,0.34,-0.5579908675799087,-0.32421340629274975,-0.06779661016949147,0.8764691172793199,0.6844274580335731,0.8764691172793199,-0.7714825306893296,0.5206611570247933,1.0202429149797572,0.43786635404454866,4.4560570071258905,0.5463728191000918,-0.37486258702821545,0.37486258702821545,-0.6022408963585435,-0.6538250000000001,-0.08430156999999999,-2013175.0,3085335.0
3,0.2587,0.0325,0.025,0.0439,0.14380346,6.600469e-07,1.002007e-05,0.3226,0.3507,0.1889,0.0922,0.0268,0.09620000000000001,0.2411,0.2871,-0.622852233676976,-0.1492146596858639,0.03474903474903474,0.7767857142857142,0.48511293634496916,0.7767857142857142,-0.7098479841374752,0.5694760820045558,0.7692307692307693,0.4880889359449444,2.689189189189189,0.494949494949495,-0.15594280607685426,0.15594280607685426,-0.3893241919686582,-0.5136,-0.08258449,-2014555.0,3095275.0
3,0.3027,0.038,0.0275,0.0522,0.12487187,3.0313134e-07,8.616464e-06,0.3312,0.3371,0.1739,0.08600000000000001,0.029400000000000003,0.0956,0.2543,0.30210000000000004,-0.5382574082264485,-0.15742793791574283,0.03339191564147631,0.7769298503081892,0.542678092793235,0.7769298503081892,-0.7058326289095519,0.5268199233716475,0.7236842105263158,0.4945370902817712,3.166317991631799,0.43113772455089827,-0.2702475870751154,0.2702475870751154,-0.4539850286217526,-0.5354000000000001,-0.07173434000000001,-2014545.0,3096695.0
7,0.21580000000000002,0.1308,0.091,0.1197,0.13027571,3.8411318e-07,7.685324e-06,0.229,0.21580000000000002,0.2763,0.23090000000000002,0.10930000000000001,0.1724,0.20270000000000002,0.2157,-0.3954545454545454,0.04431137724550898,0.09136295556665007,0.24523946912867864,0.3100675214323649,0.24523946912867864,-0.2864381520119225,0.7602339181286549,0.6957186544342507,0.8356858487151648,1.251740139211137,0.13720316622691292,0.12294249136354395,-0.12294249136354395,0.08212415856394914,-0.29017499999999996,-0.07854721000000003,-2014205.0,3094235.0
7,0.1638,0.1557,0.1366,0.15560000000000002,0.026957622,2.5892257e-08,2.1225244e-06,0.1708,0.1895,0.17070000000000002,0.14450000000000002,0.1124,0.166,0.1698,0.1734,-0.046276432730616,0.0003212335367812046,-0.09718875502008031,0.025352112676056325,0.2364229156963204,0.025352112676056325,-0.025673137132122683,0.877892030848329,0.8773281952472703,0.846514352665495,0.9867469879518072,0.03201740752253654,0.02062780269058301,-0.02062780269058301,-0.0003330003330002963,0.059975000000000056,0.04125821999999994,-2014125.0,3094155.0
3,0.3392,0.0466,0.0385,0.0693,0.12553436,6.576538e-07,8.05562e-06,0.35650000000000004,0.3507,0.2097,0.10600000000000001,0.0302,0.124,0.2765,0.3206,-0.5032258064516129,-0.19585849870578081,-0.12081513828238717,0.758424053913945,0.6025337393331078,0.758424053913945,-0.6607099143206856,0.5555555555555556,0.8261802575107295,0.5054840247973296,2.735483870967742,0.45369284876905036,-0.23592639825104758,0.23592639825104758,-0.4244767112954931,-0.5851,-0.07688516999999997,-2013155.0,3091015.0
1,0.29300000000000004,0.019200000000000002,0.0178,0.039,0.10029393,9.8001955e-08,6.9681896e-06,0.316,0.3215,0.1363,0.060000000000000005,0.0222,0.0806,0.233,0.28600000000000003,-0.5550484883057615,-0.34020618556701027,0.11000000000000003,0.8770019218449712,0.5595826468973092,0.8770019218449712,-0.7650602409638556,0.4564102564102564,0.9270833333333333,0.4402054292002935,3.635235732009926,0.6152304609218437,-0.36501281155369214,0.36501281155369214,-0.5938461538461539,-0.51365,-0.06112548,-2013145.0,3092425.0
7,0.1463,0.1106,0.0806,0.1033,0.085185476,4.4369696e-07,9.9654435e-06,0.13820000000000002,0.2006,0.1422,0.11330000000000001,0.040100000000000004,0.11950000000000001,0.1265,0.1374,-0.15845213849287165,0.03412809724170173,-0.3355426677713339,0.13896457765667578,0.2116724738675958,0.13896457765667578,-0.17227564102564105,0.7802516940948694,0.72875226039783,0.7967651195499298,1.2242677824267783,0.0386788352890048,-0.01421143847487009,0.01421143847487009,-0.006654835847382436,-0.065575,0.004868330000000004,-2013145.0,3093845.0
5,0.2997,0.0632,0.0463,0.0777,0.13500583,7.5297055e-07,8.851083e-06,0.3216,0.3307,0.2258,0.13,0.0307,0.13490000000000002,0.257,0.2952,-0.4879736408566722,-0.10290986515259046,-0.20259740259740258,0.6516946817305043,0.5151879247550032,0.6516946817305043,-0.5882352941176471,0.5958815958815958,0.7325949367088607,0.5757307351638619,2.2216456634544106,0.3619384149419485,-0.14062797335870603,0.14062797335870603,-0.28338278931750743,-0.5152000000000001,-0.07721154999999995,-2013135.0,3095265.0
3,0.3284,0.041100000000000005,0.0354,0.0641,0.097132854,2.8868914e-07,6.486374e-06,0.3546,0.3562,0.2124,0.10540000000000001,0.029500000000000002,0.12090000000000001,0.2787,0.321,-0.5363471971066907,-0.2186311787072243,-0.0909090909090909,0.7775372124492557,0.5955708285605192,0.7775372124492557,-0.673375796178344,0.5522620904836193,0.8613138686131386,0.4962335216572505,2.716294458229942,0.49259259259259264,-0.21449704142011836,0.21449704142011836,-0.42582794434646287,-0.5892000000000002,-0.08146140000000002,-2013125.0,3096685.0
7,0.20520000000000002,0.17,0.1202,0.1509,0.17112945,1.7745197e-07,1.1544226e-05,0.2078,0.20070000000000002,0.23240000000000002,0.2087,0.0847,0.1908,0.1922,0.20120000000000002,-0.21262718497260635,0.05952009971953881,-0.17325524646168866,0.09381663113006398,0.25912215758857743,0.09381663113006398,-0.15248525695029488,0.7965540092776673,0.7070588235294117,0.8980206540447503,1.0754716981132078,0.05764966740576492,0.06215722120658135,-0.06215722120658135,0.07569947450646217,-0.10677500000000006,-0.013018390000000005,-2012975.0,3093825.0
2,0.4554,0.024800000000000003,0.0245,0.045200000000000004,0.085152656,8.112788e-08,4.1701765e-06,0.5044000000000001,0.4567,0.19190000000000002,0.07980000000000001,0.025900000000000003,0.09720000000000001,0.36060000000000003,0.4631,-0.6187262758329818,-0.2914285714285714,0.027777777777777814,0.8967097042898793,0.7840473089513886,0.8967097042898793,-0.8194166999600478,0.5420353982300885,0.9879032258064515,0.4158415841584159,4.685185185185185,0.5934426229508196,-0.4070755445697513,0.4070755445697513,-0.642087254063302,-0.8134999999999999,-0.10312041,-2014605.0,3082505.0
3,0.39330000000000004,0.0341,0.029400000000000003,0.0687,0.0818969,8.038878e-08,4.6424766e-06,0.4032,0.4227,0.2015,0.08990000000000001,0.0236,0.12440000000000001,0.3088,0.36920000000000003,-0.4914877868245745,-0.3365758754863813,-0.10943396226415099,0.8404305100608329,0.6890881370698416,0.8404305100608329,-0.7025974025974027,0.42794759825327516,0.8621700879765397,0.4461538461538462,3.1615755627009645,0.5697160883280759,-0.3224613315400135,0.3224613315400135,-0.5463691238339127,-0.6685749999999999,-0.07640192999999998,-2013205.0,3078245.0
2,0.3299,0.019200000000000002,0.019200000000000002,0.0431,0.08055892,7.9497696e-08,5.333218e-06,0.35660000000000003,0.3583,0.1598,0.0678,0.018000000000000002,0.0913,0.2667,0.3287,-0.5751601774273041,-0.38362760834670945,-0.03225806451612902,0.8900028645087368,0.6191299669510415,0.8900028645087368,-0.7689008042895444,0.4454756380510441,1.0,0.42428035043804757,3.6133625410733843,0.6524886877828053,-0.3473555237900756,0.3473555237900756,-0.6010089429030039,-0.59065,-0.07229443000000002,-2013195.0,3079665.0
2,0.35810000000000003,0.0328,0.031400000000000004,0.061700000000000005,0.10247679,1.0946095e-07,6.5700797e-06,0.3749,0.40290000000000004,0.1822,0.08320000000000001,0.0246,0.1124,0.2858,0.343,-0.49405494054940546,-0.3058201058201058,-0.12142857142857148,0.8321821437707854,0.6536683340912537,0.8321821437707854,-0.7060505002382086,0.5089141004862237,0.9573170731707318,0.4566410537870473,3.185943060498221,0.5482093663911847,-0.3255598741439941,0.3255598741439941,-0.5410484668644905,-0.604,-0.06957149999999998,-2013195.0,3081075.0
3,0.3003,0.0241,0.024200000000000003,0.0407,0.0836256,1.1462867e-07,5.869404e-06,0.3668,0.38430000000000003,0.1585,0.0673,0.024900000000000002,0.0799,0.263,0.33490000000000003,-0.5913654618473896,-0.25617283950617287,0.014256619144602835,0.8514180024660912,0.5751543454171285,0.8514180024660912,-0.7612903225806451,0.5945945945945946,1.0041493775933612,0.4246056782334385,3.7584480600750942,0.5365384615384616,-0.3090671316477768,0.3090671316477768,-0.5604712671315221,-0.5454249999999999,-0.07509112999999998,-2013185.0,3082495.0
2,0.3466,0.023100000000000002,0.023700000000000002,0.051300000000000005,0.06656745,7.398128e-08,4.2920014e-06,0.3861,0.39180000000000004,0.1583,0.06760000000000001,0.0199,0.10700000000000001,0.2997,0.35400000000000004,-0.5104961832061068,-0.3790322580645161,-0.08715596330275233,0.8750338111982688,0.6450724693104899,0.8750338111982688,-0.7421462679065092,0.4619883040935672,1.025974025974026,0.427037271004422,3.239252336448598,0.6448885472713296,-0.37294513765102005,0.37294513765102005,-0.6065075921908893,-0.5884999999999999,-0.059935319999999986,-2011785.0,3078235.0
3,0.2084,0.0541,0.0368,0.057600000000000005,0.098133996,3.3338068e-07,7.2350203e-06,0.2388,0.2664,0.1995,0.11270000000000001,0.0317,0.10540000000000001,0.1859,0.21280000000000002,-0.5519253208868145,-0.0313339301700985,-0.07445255474452554,0.5878095238095238,0.37143993635640415,0.5878095238095238,-0.5669172932330826,0.6388888888888888,0.6802218114602587,0.5649122807017544,1.9772296015180264,0.32163009404388715,-0.021819073302279945,0.021819073302279945,-0.19029126213592232,-0.40287500000000004,-0.07301647999999998,-2011775.0,3079655.0
3,0.2973,0.0645,0.0453,0.0771,0.07654508,3.0038356e-07,4.6612768e-06,0.3289,0.32130000000000003,0.2792,0.1539,0.0244,0.1373,0.2554,0.29300000000000004,-0.5672186359809149,-0.08898305084745763,-0.2998565279770445,0.6434494195688225,0.504815737607378,0.6434494195688225,-0.5881410256410257,0.5875486381322957,0.7023255813953488,0.5512177650429799,2.165331391114348,0.3607532210109019,-0.03139635732870773,0.03139635732870773,-0.2213903743315508,-0.588225,-0.11238760999999999,-2011775.0,3081075.0
3,0.3019,0.0458,0.0345,0.0599,0.123557955,3.8683115e-07,7.7329005e-06,0.3504,0.3627,0.2036,0.10540000000000001,0.0251,0.11510000000000001,0.266,0.3161,-0.5453510436432637,-0.13339640491958374,-0.15771812080536915,0.7365545010066149,0.5379187374331349,0.7365545010066149,-0.6688778330569375,0.5759599332220368,0.7532751091703057,0.5176817288801572,2.622936576889661,0.43070229956494716,-0.19446092977250246,0.19446092977250246,-0.3798195242001641,-0.5476500000000001,-0.08012225999999997,-2011765.0,3082495.0
2,0.3437,0.020800000000000003,0.023,0.0412,0.061873462,8.945763e-08,4.2053816e-06,0.3537,0.36250000000000004,0.1405,0.0587,0.0216,0.0785,0.2615,0.3215,-0.5465052283984589,-0.3290322580645161,-0.03139013452914795,0.8858710562414267,0.6469521604938272,0.8858710562414267,-0.7859184203689269,0.558252427184466,1.1057692307692306,0.4177935943060498,4.378343949044586,0.581067472306143,-0.41966129698471705,0.41966129698471705,-0.6436575526669654,-0.5856250000000001,-0.06683821999999998,-2010365.0,3078235.0
2,0.23970000000000002,0.0284,0.023100000000000002,0.0386,0.089393795,2.8916895e-07,6.1510013e-06,0.322,0.3416,0.1709,0.0789,0.0201,0.0829,0.2326,0.2876,-0.6315035799522674,-0.15223880597014924,-0.0694444444444445,0.7881387541961955,0.46153535190200917,0.7881387541961955,-0.722601509162774,0.5984455958549223,0.8133802816901409,0.46167349327091867,2.891435464414958,0.4896675651392632,-0.167559668777399,0.167559668777399,-0.42015671440151314,-0.47657499999999997,-0.07784561,-2013175.0,3086755.0
2,0.2924,0.0238,0.0229,0.0439,0.10586705,2.056241e-07,6.885433e-06,0.34890000000000004,0.3768,0.1791,0.0775,0.0251,0.09330000000000001,0.2589,0.3089,-0.6062780269058297,-0.29689807976366317,0.045833333333333344,0.8494623655913979,0.5597372274328228,0.8494623655913979,-0.7389235801367826,0.5216400911161732,0.9621848739495797,0.43271915131211613,3.133976420150053,0.5935098206660974,-0.24029692470837746,0.24029692470837746,-0.513682189150264,-0.5552250000000001,-0.07888977,-2013165.0,3088175.0
3,0.29710000000000003,0.0499,0.0363,0.0651,0.13613027,5.027383e-07,8.650512e-06,0.3458,0.35860000000000003,0.21400000000000002,0.1092,0.0262,0.11960000000000001,0.2645,0.31010000000000004,-0.5335005374417773,-0.1321739130434783,-0.16159999999999997,0.7123919308357349,0.5232018123466112,0.7123919308357349,-0.6405300938707897,0.5576036866359446,0.7274549098196392,0.5102803738317757,2.484113712374582,0.41120943952802363,-0.16259049109763254,0.16259049109763254,-0.3539086294416244,-0.5403000000000002,-0.08024463999999999,-2013155.0,3089595.0
3,0.3628,0.0217,0.0205,0.0458,0.061539404,5.7268142e-08,3.6501924e-06,0.4121,0.4042,0.18580000000000002,0.0789,0.0189,0.097,0.2919,0.376,-0.6044905008635578,-0.357037037037037,-0.040609137055837574,0.8871261378413524,0.6610416277767407,0.8871261378413524,-0.7758198727361723,0.44759825327510916,0.9447004608294931,0.42465016146393963,3.7402061855670103,0.6343723673125528,-0.3226394458621947,0.3226394458621947,-0.5842116139698286,-0.668175,-0.09119837999999998,-2011765.0,3083915.0
3,0.2792,0.0646,0.0446,0.0707,0.118227296,4.815936e-07,7.991921e-06,0.2893,0.301,0.2391,0.1301,0.038,0.1305,0.22240000000000001,0.2541,-0.5435765009683666,-0.045084996304508455,-0.07990314769975788,0.6242001163467132,0.4754184492982061,0.6242001163467132,-0.5958845384395542,0.6308345120226309,0.6904024767801857,0.5441237975742367,2.139463601532567,0.3377754997437212,-0.07736831950607756,0.07736831950607756,-0.24898746383799422,-0.5235749999999999,-0.08491508000000003,-2011755.0,3085335.0
2,0.3402,0.0212,0.0228,0.042300000000000004,0.09365197,1.2633204e-07,6.2272834e-06,0.3645,0.37210000000000004,0.1726,0.0728,0.024,0.0843,0.26780000000000004,0.3297,-0.6063285248953001,-0.3322834645669292,0.025641025641025633,0.8826784726065302,0.6396945387226165,0.8826784726065302,-0.7788235294117647,0.5390070921985816,1.0754716981132075,0.42178447276940906,4.0355871886121,0.5981042654028437,-0.3268330733229329,0.3268330733229329,-0.588621444201313,-0.6224500000000002,-0.08450555999999998,-2011755.0,3086745.0
2,0.2936,0.0267,0.024200000000000003,0.0441,0.093281135,1.6618966e-07,6.5495938e-06,0.317,0.3274,0.1686,0.07930000000000001,0.023700000000000002,0.08950000000000001,0.2308,0.2797,-0.5853314527503526,-0.24576271186440676,-0.01043841336116911,0.8332812987823915,0.555922345358799,0.8332812987823915,-0.7388214391471721,0.5487528344671202,0.906367041198502,0.470344009489917,3.2804469273743018,0.540447504302926,-0.27044569450454353,0.27044569450454353,-0.4997640396413402,-0.5390250000000001,-0.07614512000000001,-2011745.0,3088165.0
1,0.3176,0.0692,0.049,0.0833,0.16955146,8.879244e-07,9.210817e-06,0.3773,0.4047,0.2247,0.131,0.035300000000000005,0.1366,0.3119,0.3578,-0.45909090909090916,-0.09245901639344263,-0.162514827995255,0.642192347466391,0.5308723357503845,0.642192347466391,-0.5844350212022948,0.5882352941176471,0.708092485549133,0.5829995549621718,2.3250366032210836,0.32750242954324593,-0.17130739443112664,0.17130739443112664,-0.29357798165137616,-0.52345,-0.07396369,-2011745.0,3089585.0
2,0.265,0.0261,0.024900000000000002,0.0438,0.09838672,3.9724708e-07,8.16025e-06,0.3064,0.3095,0.1638,0.07300000000000001,0.024300000000000002,0.0884,0.2258,0.27040000000000003,-0.5780346820809248,-0.25321888412017163,-0.012195121951219507,0.8206801786327722,0.515366238814431,0.8206801786327722,-0.716321243523316,0.5684931506849316,0.9540229885057472,0.4456654456654457,2.997737556561086,0.5441048034934498,-0.2360074626865672,0.2360074626865672,-0.49048843187660657,-0.49055000000000004,-0.06828906000000001,-2010345.0,3083905.0
2,0.3225,0.021400000000000002,0.0219,0.039900000000000005,0.07509119,1.315236e-07,5.3209315e-06,0.3544,0.3487,0.166,0.0721,0.027100000000000003,0.08360000000000001,0.2626,0.3231,-0.6124332200097133,-0.30179445350734097,0.1061224489795919,0.8755452166327422,0.6099949481210897,0.8755452166327422,-0.7798013245033113,0.5488721804511277,1.0233644859813082,0.43433734939759033,3.8576555023923444,0.5923809523809523,-0.32036847492323434,0.32036847492323434,-0.5729618634391415,-0.593075,-0.080219,-2010335.0,3085325.0
3,0.33440000000000003,0.028300000000000002,0.0241,0.0545,0.10317118,1.2893081e-07,6.0794523e-06,0.3835,0.3687,0.192,0.0858,0.0199,0.125,0.30110000000000003,0.3452,-0.5578093306288033,-0.3164251207729468,-0.09545454545454543,0.8439481665288118,0.6102988401526315,0.8439481665288118,-0.719722293648753,0.44220183486238535,0.8515901060070671,0.446875,2.6752000000000002,0.6307893020221788,-0.27051671732522803,0.27051671732522803,-0.5171392297926365,-0.6078,-0.07022002,-2020315.0,3074005.0
3,0.382,0.0181,0.021,0.0476,0.08019089,1.2412966e-07,4.7106446e-06,0.4167,0.4141,0.1715,0.07060000000000001,0.0194,0.0906,0.3075,0.3846,-0.5654952076677316,-0.4490106544901065,-0.03960396039603962,0.9095226193451637,0.7027979896481885,0.9095226193451637,-0.7783985102420857,0.4411764705882353,1.160220994475138,0.41166180758017495,4.216335540838852,0.6669733210671572,-0.3803071364046974,0.3803071364046974,-0.6392109009558674,-0.6725999999999999,-0.08466047999999998,-2020305.0,3075425.0
2,0.30060000000000003,0.0229,0.0223,0.0383,0.09678574,3.1386017e-07,7.3311385e-06,0.32070000000000004,0.3655,0.1627,0.07490000000000001,0.020800000000000003,0.0698,0.2288,0.29150000000000004,-0.618905472636816,-0.25163398692810457,-0.03480278422273777,0.8584234930448225,0.5733621876844384,0.8584234930448225,-0.7739746237828268,0.5822454308093995,0.9737991266375546,0.4603564843269822,4.306590257879656,0.5059331175836029,-0.2976473127563134,0.2976473127563134,-0.5350606132636083,-0.5581750000000001,-0.08629535000000002,-2020305.0,3076845.0
3,0.4098,0.025900000000000003,0.0245,0.0459,0.07167219,1.2997985e-07,4.194061e-06,0.4132,0.382,0.1844,0.0811,0.022600000000000002,0.0971,0.3089,0.381,-0.6013894919669996,-0.2785515320334262,-0.0403397027600849,0.8811108560936425,0.7228636577509138,0.8811108560936425,-0.7985516787360105,0.5337690631808278,0.9459459459459458,0.43980477223427333,4.220391349124614,0.5788617886178861,-0.37933355772467175,0.37933355772467175,-0.6046554590799926,-0.7317750000000001,-0.09130727999999999,-2018905.0,3071165.0
3,0.3451,0.0358,0.031100000000000003,0.0599,0.09175471,2.0392835e-07,5.9404288e-06,0.3512,0.3567,0.1955,0.0918,0.0211,0.1068,0.26830000000000004,0.3164,-0.5309318715740016,-0.25182863113897597,-0.19157088122605367,0.8120241533210817,0.6233369765951834,0.8120241533210817,-0.7041975308641975,0.5191986644407346,0.8687150837988827,0.46956521739130436,3.2312734082397006,0.49789621318373073,-0.2767295597484277,0.2767295597484277,-0.4934497816593887,-0.6071,-0.08067598000000001,-2018895.0,3072585.0
3,0.3514,0.0286,0.027100000000000003,0.0606,0.08373463,9.2723965e-08,5.207067e-06,0.38020000000000004,0.37110000000000004,0.1825,0.0806,0.0194,0.1114,0.2944,0.3462,-0.5014397367338544,-0.35874439461883406,-0.16559139784946242,0.8494736842105263,0.6439856033339648,0.8494736842105263,-0.7058252427184466,0.4471947194719472,0.9475524475524476,0.4416438356164384,3.154398563734291,0.5914285714285714,-0.3163513766622963,0.3163513766622963,-0.5521837194996924,-0.6021000000000001,-0.07029759000000002,-2018895.0,3074005.0
2,0.3431,0.0228,0.0212,0.0424,0.10080392,8.357167e-08,5.6183485e-06,0.37610000000000005,0.3604,0.18510000000000001,0.0809,0.0178,0.0913,0.2828,0.3407,-0.6272527472527474,-0.30061349693251527,-0.08717948717948719,0.8753757857338071,0.6321068968127792,0.8753757857338071,-0.7800259403372244,0.5,0.9298245614035088,0.43706104808211776,3.7579408543263964,0.6003505696757231,-0.2991291177584248,0.2991291177584248,-0.5568376068376067,-0.644875,-0.09030036999999999,-2018885.0,3075425.0
3,0.37420000000000003,0.031400000000000004,0.0285,0.0577,0.11610138,1.7291903e-07,6.4365186e-06,0.4121,0.4041,0.18910000000000002,0.0839,0.021500000000000002,0.1101,0.31520000000000004,0.3789,-0.5324149108589952,-0.29517396184062844,-0.13999999999999999,0.8451676528599606,0.6702746784297735,0.8451676528599606,-0.7328085204908543,0.49393414211438474,0.9076433121019107,0.4436805922792173,3.398728428701181,0.5561837455830387,-0.32859932540387005,0.32859932540387005,-0.5548262548262549,-0.6512250000000002,-0.07854706,-2018885.0,3076845.0
3,0.392,0.024200000000000003,0.0245,0.0499,0.102474146,8.615255e-08,5.797339e-06,0.4227,0.4176,0.1767,0.0757,0.0198,0.1004,0.31870000000000004,0.39230000000000004,-0.559576345984113,-0.34682860998650467,-0.10609480812641081,0.8837097549255166,0.706195278732129,0.8837097549255166,-0.7741570491061326,0.49098196392785576,1.0123966942148759,0.4284097340124505,3.904382470119522,0.6115569823434992,-0.37858273254791636,0.37858273254791636,-0.6130906274206042,-0.684875,-0.08152383999999999,-2017485.0,3071165.0
3,0.4234,0.0257,0.0258,0.054,0.095108576,8.203387e-08,5.611006e-06,0.42850000000000005,0.39790000000000003,0.1887,0.0838,0.0257,0.1073,0.33140000000000003,0.40290000000000004,-0.5550061804697157,-0.35508155583437895,-0.001941747572815522,0.8855488755288354,0.7461888591864748,0.8855488755288354,-0.7737746124842899,0.4777777777777778,1.0038910505836576,0.4440911499735029,3.9459459459459456,0.6135338345864662,-0.38343407939879104,0.38343407939879104,-0.6080186146411313,-0.7363999999999999,-0.08670915,-2017475.0,3072585.0
3,0.3065,0.0631,0.0442,0.07640000000000001,0.1198381,3.8425623e-07,7.39432e-06,0.3287,0.34890000000000004,0.2089,0.1107,0.0284,0.1323,0.2585,0.29550000000000004,-0.46442341395022785,-0.09534050179211473,-0.2176308539944904,0.6585497835497836,0.5194666075650117,0.6585497835497836,-0.6009401932619481,0.5785340314136125,0.7004754358161648,0.5299186213499282,2.316704459561602,0.3541453428863868,-0.18936748156771438,0.18936748156771438,-0.3372735938989514,-0.5102249999999999,-0.06306501999999996,-2020325.0,3068335.0
3,0.2947,0.0307,0.0291,0.0548,0.13016947,2.9413104e-07,8.7647595e-06,0.3103,0.3527,0.1656,0.0772,0.025900000000000003,0.1009,0.24180000000000001,0.2823,-0.5027223230490019,-0.2818713450292397,-0.05818181818181814,0.8113091579594345,0.5600682187760283,0.8113091579594345,-0.6864091559370529,0.531021897810219,0.9478827361563518,0.46618357487922707,2.920713577799802,0.5334346504559271,-0.28046925917879645,0.28046925917879645,-0.5001158211721103,-0.50505,-0.06032509,-2020325.0,3069755.0
3,0.29200000000000004,0.0594,0.0417,0.0719,0.12993166,4.8805475e-07,9.063356e-06,0.3105,0.316,0.2311,0.127,0.029900000000000003,0.1217,0.24150000000000002,0.2775,-0.5254125412541255,-0.09520182787509524,-0.164804469273743,0.6619237336368811,0.5020776401003257,0.6619237336368811,-0.6048364935421818,0.579972183588317,0.702020202020202,0.5495456512332324,2.399342645850452,0.3440088348978465,-0.11642133435289627,0.11642133435289627,-0.28321476639107873,-0.5314500000000001,-0.08810894999999999,-2018915.0,3065485.0
1,0.28750000000000003,0.0695,0.051500000000000004,0.08020000000000001,0.1307359,4.2057036e-07,8.143189e-06,0.3196,0.2685,0.2041,0.1228,0.0391,0.1307,0.2639,0.3012,-0.43580724586704184,-0.07147628590514363,-0.1368653421633554,0.6106442577030813,0.4925090081547506,0.6106442577030813,-0.5637748164264347,0.64214463840399,0.7410071942446043,0.6016658500734934,2.1996939556235655,0.30569430569430567,-0.16965012205044758,0.16965012205044758,-0.27611518915866734,-0.4547000000000001,-0.060477159999999995,-2018915.0,3066905.0
3,0.27940000000000004,0.0719,0.046200000000000005,0.0736,0.119931586,5.5040715e-07,7.8107805e-06,0.30560000000000004,0.3038,0.2452,0.1369,0.029500000000000002,0.1268,0.2381,0.2746,-0.5382685069008784,-0.01168384879725081,-0.2206076618229855,0.5906632507828067,0.4592831488675512,0.5906632507828067,-0.5830028328611898,0.6277173913043479,0.6425591098748261,0.5583197389885807,2.203470031545742,0.27629592350276794,-0.06519252764010681,0.06519252764010681,-0.21856287425149715,-0.5224750000000002,-0.09055570000000002,-2018905.0,3068325.0
3,0.4218,0.023,0.0228,0.052500000000000005,0.095790535,9.380281e-08,5.221926e-06,0.43010000000000004,0.4,0.16490000000000002,0.07050000000000001,0.0181,0.0976,0.3284,0.3987,-0.5170193192272309,-0.39072847682119205,-0.11491442542787282,0.8965827338129495,0.7427275345622121,0.8965827338129495,-0.7786211258697028,0.4342857142857143,0.991304347826087,0.4275318374772589,4.32172131147541,0.6185737976782753,-0.4378728481336288,0.4378728481336288,-0.6524809514960044,-0.708375,-0.07737380999999999,-2017495.0,3065485.0
2,0.5034000000000001,0.024800000000000003,0.027600000000000003,0.052000000000000005,0.07418399,9.573698e-08,3.6849774e-06,0.5216000000000001,0.49310000000000004,0.18230000000000002,0.075,0.0211,0.0935,0.3778,0.49100000000000005,-0.5561246265471619,-0.3541666666666667,-0.13347022587268997,0.9060961756910261,0.8536534735676724,0.9060961756910261,-0.8127475693194094,0.5307692307692308,1.1129032258064515,0.4114097641250685,5.383957219251338,0.5807269653423499,-0.4682805891789412,0.4682805891789412,-0.683576410906785,-0.8522000000000001,-0.10036379000000004,-2017495.0,3066905.0
3,0.3226,0.040100000000000004,0.033600000000000005,0.0685,0.07979612,9.70304e-08,5.0442673e-06,0.34790000000000004,0.34640000000000004,0.1831,0.08900000000000001,0.0213,0.12240000000000001,0.27490000000000003,0.3178,-0.4554848966613672,-0.26151012891344383,-0.22404371584699462,0.7788806175902949,0.5845027455765711,0.7788806175902949,-0.6497059575556123,0.49051094890510955,0.8379052369077307,0.4860731840524304,2.6356209150326797,0.5064615384615385,-0.27585525014830925,0.27585525014830925,-0.4679579641458891,-0.53145,-0.058550250000000005,-2017495.0,3068325.0
3,0.3937,0.0332,0.0334,0.0699,0.10754261,1.4915466e-07,6.3543334e-06,0.4005,0.382,0.1882,0.08560000000000001,0.030100000000000002,0.1211,0.31420000000000003,0.3678,-0.4583494769469198,-0.3559650824442289,-0.05196850393700783,0.844460060904193,0.7084699046483909,0.844460060904193,-0.6984469370146678,0.47782546494992845,1.006024096385542,0.4548352816153029,3.2510322047894302,0.5696694750486067,-0.35315346279429455,0.35315346279429455,-0.5647554497160651,-0.6433,-0.06821862999999997,-2017485.0,3069745.0
2,0.3224,0.0166,0.0176,0.0379,0.08426591,4.531741e-08,6.254563e-06,0.3311,0.32070000000000004,0.1295,0.054200000000000005,0.0164,0.0752,0.24430000000000002,0.2985,-0.5471923536439666,-0.3908256880733945,-0.03529411764705881,0.9020648967551622,0.6119379844961241,0.9020648967551622,-0.7896197613100195,0.46437994722955145,1.0602409638554218,0.41853281853281854,4.287234042553192,0.6383442265795206,-0.4268643505200266,0.4268643505200266,-0.6553067185978577,-0.5519500000000002,-0.062391890000000005,-2016085.0,3065485.0
3,0.313,0.0211,0.021,0.0429,0.049204044,8.129477e-08,3.7114146e-06,0.3289,0.3879,0.1458,0.0611,0.015700000000000002,0.0746,0.2396,0.29810000000000003,-0.5453100158982512,-0.340625,-0.14441416893732967,0.8736905118228075,0.5938694329615474,0.8736905118228075,-0.7589210452374263,0.48951048951048953,0.9952606635071091,0.41906721536351166,4.195710455764075,0.5590386624869383,-0.36442894507410634,0.36442894507410634,-0.6049975973089861,-0.5446749999999999,-0.06958141000000001,-2018925.0,3062655.0
2,0.35000000000000003,0.020200000000000003,0.024200000000000003,0.0415,0.080398,2.0549297e-07,5.012609e-06,0.3709,0.3588,0.1265,0.0548,0.021400000000000002,0.0737,0.26880000000000004,0.33990000000000004,-0.5059523809523808,-0.3452188006482982,-0.06140350877192983,0.8908698001080497,0.662789796076607,0.8908698001080497,-0.7879948914431674,0.5831325301204819,1.198019801980198,0.433201581027668,4.74898236092266,0.5697550585729498,-0.4690451206715635,0.4690451206715635,-0.666073018699911,-0.5730999999999999,-0.06334441999999998,-2018925.0,3064075.0
2,0.4581,0.027700000000000002,0.0335,0.0591,0.12575097,1.03783606e-07,5.9506106e-06,0.513,0.44530000000000003,0.2,0.0834,0.0268,0.10930000000000001,0.382,0.47890000000000005,-0.5438054805094559,-0.3617511520737327,-0.11111111111111112,0.8859613009468917,0.8139179199592148,0.8859613009468917,-0.771461716937355,0.5668358714043994,1.2093862815884475,0.417,4.1912168344007315,0.5956204379562043,-0.392189636833308,0.392189636833308,-0.6313257010121123,-0.7850499999999999,-0.09442267,-2017515.0,3058395.0
2,0.3629,0.020800000000000003,0.0222,0.040400000000000005,0.043459035,7.1680546e-08,2.9414891e-06,0.3652,0.3352,0.137,0.056100000000000004,0.0155,0.0765,0.2666,0.33290000000000003,-0.5445321307779031,-0.32026143790849676,-0.17771883289124674,0.891581965076883,0.6709430820466242,0.891581965076883,-0.7996528638730473,0.5495049504950494,1.0673076923076923,0.40948905109489053,4.743790849673203,0.5724563206577595,-0.4518903780756151,0.4518903780756151,-0.667099567099567,-0.6126250000000001,-0.06819063000000003,-2017515.0,3059805.0
2,0.3049,0.015600000000000001,0.019200000000000002,0.034800000000000005,0.13987137,1.9891262e-07,9.5428195e-06,0.3281,0.3986,0.13770000000000002,0.0601,0.0207,0.07200000000000001,0.24250000000000002,0.30360000000000004,-0.5965217391304348,-0.38095238095238093,0.03759398496240596,0.9026521060842434,0.5951773614986051,0.9026521060842434,-0.7951133352958493,0.5517241379310345,1.2307692307692308,0.4364560639070443,4.234722222222222,0.6438356164383562,-0.37776773610483505,0.37776773610483505,-0.6213106553276638,-0.542675,-0.06982015999999999,-2017505.0,3064065.0
2,0.3396,0.0181,0.019700000000000002,0.0397,0.07457251,4.3070315e-08,5.48908e-06,0.3709,0.37970000000000004,0.1468,0.060000000000000005,0.017400000000000002,0.07880000000000001,0.2745,0.3441,-0.5742627345844504,-0.37370242214532867,-0.06199460916442047,0.8987978753145094,0.6389326771502172,0.8987978753145094,-0.7906670181914052,0.4962216624685139,1.0883977900552486,0.4087193460490463,4.309644670050761,0.6264189886480908,-0.39638157894736836,0.39638157894736836,-0.6428898033836306,-0.59565,-0.07220803999999999,-2016095.0,3059805.0
3,0.39330000000000004,0.0342,0.0313,0.0663,0.076825835,9.65774e-08,4.512309e-06,0.383,0.3588,0.18730000000000002,0.083,0.0244,0.11220000000000001,0.2931,0.3524,-0.4771293375394322,-0.31940298507462683,-0.12387791741472172,0.84,0.6959120073327223,0.84,-0.7114882506527417,0.4720965309200604,0.9152046783625731,0.44313934863854776,3.5053475935828877,0.5327868852459017,-0.3548053737512918,0.3548053737512918,-0.5673680324843116,-0.6531,-0.07290547,-2016085.0,3062645.0
3,0.3764,0.0403,0.0369,0.0757,0.08913542,1.3163984e-07,5.2319515e-06,0.4171,0.43510000000000004,0.20090000000000002,0.091,0.026000000000000002,0.13620000000000002,0.3304,0.3821,-0.4526391901663052,-0.30517241379310345,-0.17329093799682033,0.8065754739620831,0.6714376234671438,0.8065754739620831,-0.6651183366511834,0.48745046235138706,0.9156327543424317,0.45296167247386754,2.7635829662261377,0.543342776203966,-0.3040013857613026,0.3040013857613026,-0.5178112376055821,-0.6170499999999999,-0.06307995000000002,-2016085.0,3064065.0
3,0.46180000000000004,0.0381,0.0366,0.077,0.11008331,8.4102155e-08,5.6009344e-06,0.4867,0.4823,0.21580000000000002,0.0927,0.023700000000000002,0.1336,0.379,0.4525,-0.4740437158469947,-0.33796698523023455,-0.2139303482587064,0.8475695139027805,0.7884737622713468,0.8475695139027805,-0.7141796585003711,0.4753246753246753,0.9606299212598425,0.4295644114921223,3.456586826347306,0.5562026790914386,-0.36304604486422665,0.36304604486422665,-0.5842339478703115,-0.7641250000000003,-0.08182859,-2017475.0,3073995.0
2,0.2612,0.020900000000000002,0.0222,0.0363,0.11090247,2.5679768e-07,8.718018e-06,0.3002,0.3367,0.1539,0.0661,0.0176,0.07060000000000001,0.20980000000000001,0.2651,-0.6182965299684543,-0.26923076923076916,-0.11557788944723617,0.8518255937610776,0.5180722891566265,0.8518255937610776,-0.7559663865546219,0.6115702479338844,1.062200956937799,0.42949967511371023,3.699716713881019,0.5431693989071038,-0.2584919296555046,0.2584919296555046,-0.5302375809935204,-0.49317500000000003,-0.07535276999999999,-2017465.0,3075415.0
2,0.4,0.027600000000000003,0.028200000000000003,0.0596,0.10063739,1.1196136e-07,5.9948497e-06,0.4269,0.43,0.1923,0.0823,0.0257,0.1145,0.3241,0.3829,-0.5267963477570463,-0.3669724770642202,-0.046382189239332135,0.8709073900841908,0.7181153533712429,0.8709073900841908,-0.7406440382941689,0.4731543624161074,1.0217391304347827,0.4279771190847634,3.493449781659389,0.6115411681914145,-0.3506668917778153,0.3506668917778153,-0.5915257387102769,-0.690675,-0.07993865999999997,-2017465.0,3076835.0
3,0.381,0.039,0.0361,0.07,0.11699989,1.9721686e-07,6.3329353e-06,0.4151,0.446,0.19890000000000002,0.09380000000000001,0.029900000000000003,0.1197,0.324,0.381,-0.4793603570100409,-0.28440366972477066,-0.09393939393939389,0.8142857142857144,0.6795610935465873,0.8142857142857144,-0.6895787139689579,0.5157142857142857,0.9256410256410257,0.47159376571141276,3.182957393483709,0.5085066162570888,-0.31401965856182096,0.31401965856182096,-0.5170030914711765,-0.6353000000000002,-0.07538921000000001,-2016065.0,3071155.0
3,0.38470000000000004,0.0304,0.0297,0.068,0.09110865,1.294136e-07,5.1643815e-06,0.43870000000000003,0.4374,0.189,0.0838,0.027100000000000003,0.1345,0.3477,0.4056,-0.4708171206225681,-0.38211382113821146,-0.04577464788732391,0.8535292700554085,0.6927883363707369,0.8535292700554085,-0.6995802960017672,0.43676470588235294,0.9769736842105263,0.4433862433862434,2.860223048327138,0.6312916919345057,-0.34111905176921736,0.34111905176921736,-0.5679152478244419,-0.6399000000000001,-0.06250482999999998,-2016055.0,3072575.0
3,0.3643,0.0263,0.0234,0.0514,0.08429776,1.11520286e-07,5.7702314e-06,0.41090000000000004,0.3647,0.188,0.0828,0.019100000000000002,0.10790000000000001,0.30670000000000003,0.3773,-0.570593149540518,-0.323037323037323,-0.10117647058823524,0.8653353814644138,0.6568023169463836,0.8653353814644138,-0.7527062785662738,0.45525291828793774,0.8897338403041826,0.4404255319148936,3.376274328081557,0.6080476900149031,-0.31921057396342567,0.31921057396342567,-0.5607890499194846,-0.6558499999999999,-0.08303641,-2016055.0,3073995.0
2,0.44780000000000003,0.0315,0.0285,0.048,0.1042797,1.4423132e-07,5.960086e-06,0.4666,0.45070000000000005,0.1721,0.0726,0.025900000000000003,0.0931,0.33280000000000004,0.42260000000000003,-0.5638346206269877,-0.20754716981132076,-0.047794117647058786,0.8685583142082203,0.7645550050946911,0.8685583142082203,-0.8063735377168214,0.59375,0.9047619047619048,0.4218477629285299,4.8098818474758325,0.4943820224719101,-0.44474915308920804,0.44474915308920804,-0.6412818745692627,-0.7632000000000001,-0.08778615999999999,-2016045.0,3075415.0
3,0.4388,0.0397,0.0368,0.07640000000000001,0.09220628,9.369254e-08,4.4116846e-06,0.4757,0.45320000000000005,0.2076,0.09050000000000001,0.026600000000000002,0.1429,0.3719,0.434,-0.4619718309859154,-0.31610680447889755,-0.16088328075709776,0.8340647857889236,0.7546752319771591,0.8340647857889236,-0.703416149068323,0.481675392670157,0.9269521410579346,0.4359344894026975,3.0706787963610918,0.5651697699890471,-0.35767326732673266,0.35767326732673266,-0.5701551667216904,-0.7191750000000001,-0.06940019999999998,-2016045.0,3076835.0
3,0.405,0.038200000000000005,0.031900000000000005,0.0668,0.080040686,1.3267696e-07,5.072845e-06,0.39230000000000004,0.3627,0.197,0.0912,0.0207,0.1071,0.2846,0.3559,-0.49355572403335857,-0.2723809523809523,-0.21292775665399247,0.8276173285198556,0.6984479730456289,0.8276173285198556,-0.7168291649003816,0.4775449101796408,0.8350785340314136,0.46294416243654823,3.781512605042017,0.47419132828630406,-0.34551495016611294,0.34551495016611294,-0.5429984107363588,-0.6813000000000001,-0.08633597999999998,-2014645.0,3071155.0
2,0.3649,0.025500000000000002,0.0261,0.0494,0.12327899,9.13322e-08,7.9596775e-06,0.384,0.3819,0.1633,0.0693,0.022500000000000003,0.0876,0.2908,0.3518,-0.535496003761166,-0.3190921228304406,-0.07407407407407404,0.8693647540983606,0.6706878947169382,0.8693647540983606,-0.7615254646391504,0.52834008097166,1.0235294117647058,0.4243723208818126,4.165525114155251,0.5490716180371352,-0.38167360848163573,0.38167360848163573,-0.6097159324825031,-0.625375,-0.07488982999999999,-2014635.0,3072575.0
2,0.3239,0.0199,0.021400000000000002,0.0413,0.12536825,2.0285844e-07,9.977228e-06,0.272,0.2856,0.12250000000000001,0.0517,0.015600000000000001,0.0631,0.1955,0.24810000000000001,-0.4957264957264958,-0.3496732026143791,-0.15675675675675677,0.8842350203606749,0.6157234175241659,0.8842350203606749,-0.7738225629791895,0.5181598062953995,1.0753768844221105,0.4220408163265306,5.133122028526149,0.5204819277108433,-0.45116487455197135,0.45116487455197135,-0.656512353082274,-0.532025,-0.06074915000000001,-2016075.0,3066905.0
3,0.3688,0.0268,0.0261,0.06280000000000001,0.07258036,4.2706727e-08,3.951637e-06,0.3932,0.38130000000000003,0.1779,0.0755,0.0182,0.11380000000000001,0.3103,0.3639,-0.47818861653510586,-0.4017857142857143,-0.1783295711060948,0.8645096056622852,0.6711399332758556,0.8645096056622852,-0.7089898053753475,0.41560509554140124,0.9738805970149254,0.4243957279370433,3.2407732864674865,0.6187766714082504,-0.3491860252423633,0.3491860252423633,-0.588495575221239,-0.6180749999999999,-0.06547174999999997,-2016075.0,3068315.0
2,0.38230000000000003,0.0218,0.0181,0.033600000000000005,0.057964426,7.59542e-08,3.5154358e-06,0.41300000000000003,0.3965,0.15030000000000002,0.0618,0.015600000000000001,0.0736,0.2913,0.3786,-0.634584013050571,-0.2129963898916968,-0.0741839762611276,0.8921059143776294,0.6780774676008278,0.8921059143776294,-0.8384226977638854,0.5386904761904762,0.8302752293577982,0.4111776447105788,5.19429347826087,0.5429769392033543,-0.43559894855426207,0.43559894855426207,-0.6545454545454545,-0.6813500000000001,-0.08527635,-2016065.0,3069735.0
2,0.2818,0.0145,0.0151,0.027,0.10985558,8.514523e-08,8.496914e-06,0.2975,0.3039,0.11850000000000001,0.0477,0.0146,0.0609,0.2152,0.2684,-0.6288659793814433,-0.3012048192771084,-0.01683501683501685,0.9021262234222072,0.5495599538051054,0.9021262234222072,-0.8251295336787563,0.5592592592592592,1.0413793103448277,0.40253164556962023,4.627257799671592,0.6153846153846154,-0.40794404196852363,0.40794404196852363,-0.6535783904204957,-0.505925,-0.06206532,-2014665.0,3065475.0
2,0.2997,0.0262,0.026000000000000002,0.0429,0.086615354,1.2437403e-07,7.3657975e-06,0.3289,0.333,0.1521,0.067,0.021500000000000002,0.082,0.2388,0.29810000000000003,-0.56,-0.24167872648335748,-0.09473684210526316,0.8392144829702363,0.572985181076155,0.8392144829702363,-0.7495621716287216,0.6060606060606061,0.9923664122137406,0.44049967126890205,3.6548780487804877,0.5157116451016636,-0.32669322709163345,0.32669322709163345,-0.555025065648126,-0.5277000000000001,-0.06794616000000002,-2014655.0,3066895.0
2,0.304,0.0322,0.0327,0.0505,0.15658453,2.4310947e-07,1.32963805e-05,0.3387,0.3794,0.1506,0.0723,0.033,0.08270000000000001,0.2434,0.2972,-0.49776230730979615,-0.22128174123337369,0.004566210045662125,0.8084473527662106,0.5813331203322817,0.8084473527662106,-0.7150916784203103,0.6475247524752474,1.015527950310559,0.48007968127490036,3.6759371221281736,0.43951261966927774,-0.33743950725912886,0.33743950725912886,-0.5262919310970081,-0.504875,-0.06537698,-2014655.0,3068315.0
2,0.4126,0.0221,0.0219,0.0446,0.05793208,4.879832e-08,3.144994e-06,0.42150000000000004,0.40990000000000004,0.1696,0.0733,0.0177,0.0888,0.3131,0.3902,-0.5835667600373483,-0.3373313343328335,-0.10606060606060604,0.8983206809293766,0.7309460878380826,0.8983206809293766,-0.8048993875765529,0.4910313901345291,0.9909502262443438,0.4321933962264151,4.646396396396397,0.6014427412082959,-0.4173823428375129,0.4173823428375129,-0.6399320626533307,-0.7215750000000001,-0.08831662000000001,-2014645.0,3069735.0
2,0.4249,0.0273,0.0291,0.0555,0.13407446,1.3235211e-07,7.831323e-06,0.41500000000000004,0.3723,0.1706,0.0711,0.0219,0.0998,0.3114,0.3796,-0.5090667846085803,-0.34057971014492755,-0.14117647058823532,0.8792569659442725,0.7551899011273668,0.8792569659442725,-0.7689425478767694,0.5243243243243243,1.065934065934066,0.4167643610785463,4.25751503006012,0.5704169944925256,-0.4270361041141897,0.4270361041141897,-0.6437364228819696,-0.7076250000000002,-0.07609134999999999,-2013245.0,3065475.0
2,0.3573,0.0241,0.024800000000000003,0.0454,0.12568434,1.1663437e-07,9.539253e-06,0.3289,0.3387,0.14730000000000001,0.0684,0.0189,0.0745,0.2364,0.2994,-0.5288012454592632,-0.3064748201438849,-0.1350114416475973,0.8736234923964341,0.6604985181244775,0.8736234923964341,-0.7745219766575615,0.5462555066079295,1.029045643153527,0.46435845213849286,4.795973154362416,0.5111561866125761,-0.4161712247324613,0.4161712247324613,-0.610198061525495,-0.6015000000000001,-0.07600205000000002,-2013235.0,3066895.0
2,0.30610000000000004,0.0285,0.028800000000000003,0.049300000000000004,0.14782712,2.3141801e-07,1.3338011e-05,0.32530000000000003,0.3391,0.1269,0.058800000000000005,0.028900000000000002,0.083,0.2436,0.2975,-0.4404086265607264,-0.26735218508997427,0.0017331022530329184,0.829647340107591,0.5842121957021649,0.829647340107591,-0.7225661226786719,0.5841784989858012,1.0105263157894737,0.46335697399527187,3.687951807228916,0.4887892376681615,-0.4138568129330254,0.4138568129330254,-0.5864519185220275,-0.48275,-0.048575160000000006,-2013225.0,3069725.0
2,0.3211,0.0219,0.024200000000000003,0.045000000000000005,0.09543877,1.6766786e-07,7.054831e-06,0.3463,0.3584,0.1574,0.0714,0.024900000000000002,0.0873,0.2574,0.3161,-0.5553359683794465,-0.3452914798206279,0.014256619144602835,0.8723032069970846,0.6143587726199843,0.8723032069970846,-0.7541655285441137,0.5377777777777778,1.1050228310502284,0.4536213468869123,3.6781214203894614,0.5989010989010989,-0.3421107628004179,0.3421107628004179,-0.5745554035567716,-0.5632,-0.07210024000000001,-2014685.0,3058385.0
2,0.2889,0.02,0.0238,0.0371,0.12800923,2.6696324e-07,9.872536e-06,0.3503,0.37920000000000004,0.13340000000000002,0.0577,0.0222,0.0746,0.2545,0.3221,-0.564809384164223,-0.29947460595446584,-0.03478260869565219,0.8705082550987373,0.5707493498049414,0.8705082550987373,-0.7723926380368097,0.6415094339622642,1.1900000000000002,0.43253373313343324,3.8726541554959786,0.5771670190274841,-0.3682216433814823,0.3682216433814823,-0.6019467213114754,-0.502475,-0.06277224000000002,-2014675.0,3059805.0
3,0.3194,0.0297,0.0251,0.0531,0.08106218,1.345098e-07,4.8516335e-06,0.3509,0.3539,0.1774,0.07930000000000001,0.025,0.1066,0.2702,0.317,-0.5392624728850325,-0.28260869565217395,-0.001996007984031924,0.8298481810369521,0.5871615687173025,0.8298481810369521,-0.7148993288590605,0.4726930320150659,0.8451178451178452,0.4470124013528749,2.9962476547842405,0.5641966250917094,-0.285829307568438,0.285829307568438,-0.5192943770672547,-0.5675250000000001,-0.06838976,-2014675.0,3061225.0
2,0.31270000000000003,0.019100000000000002,0.020300000000000002,0.039,0.07374919,5.6290624e-08,4.9798655e-06,0.3382,0.3482,0.13540000000000002,0.0548,0.0152,0.07350000000000001,0.24700000000000003,0.3109,-0.5527522935779816,-0.34251290877796897,-0.14366197183098595,0.8848704038577456,0.5981334065330771,0.8848704038577456,-0.7782200739266422,0.5205128205128206,1.0628272251308901,0.4047267355982274,4.254421768707483,0.5874730021598271,-0.39567060923900915,0.39567060923900915,-0.6367657901204227,-0.54065,-0.06449069,-2014665.0,3062635.0
2,0.3089,0.0182,0.0193,0.0403,0.10393062,5.6833027e-08,8.074327e-06,0.36050000000000004,0.3582,0.1398,0.056400000000000006,0.0173,0.0859,0.2692,0.3302,-0.5524708495280399,-0.37777777777777777,-0.054644808743169446,0.8887190461632528,0.592178112851926,0.8887190461632528,-0.7691867124856816,0.47890818858560796,1.0604395604395604,0.4034334763948498,3.59604190919674,0.6503362151777139,-0.37686650323155785,0.37686650323155785,-0.6295928500496524,-0.5388999999999999,-0.060261640000000005,-2014665.0,3064055.0
2,0.3378,0.019,0.022000000000000002,0.037700000000000004,0.13466164,8.42303e-08,1.0070263e-05,0.3684,0.3473,0.1363,0.057800000000000004,0.021,0.07100000000000001,0.259,0.3367,-0.5666666666666665,-0.32980599647266323,-0.023255813953488393,0.8934977578475335,0.6415138327634442,0.8934977578475335,-0.7992010652463382,0.583554376657825,1.1578947368421053,0.4240645634629494,4.757746478873239,0.5777777777777777,-0.425015819447374,0.425015819447374,-0.6481905634448009,-0.5804499999999999,-0.07221402999999998,-2013255.0,3062635.0
2,0.31620000000000004,0.0161,0.02,0.0362,0.096617274,1.9040704e-07,7.030913e-06,0.34090000000000004,0.3618,0.128,0.0517,0.019100000000000002,0.06670000000000001,0.2444,0.31370000000000003,-0.5590742996345919,-0.3843212237093691,-0.02301790281329918,0.9030996087872405,0.613240418118467,0.9030996087872405,-0.7945516458569807,0.5524861878453038,1.2422360248447206,0.40390625,4.740629685157421,0.611111111111111,-0.4236830256641153,0.4236830256641153,-0.6643564356435645,-0.5428750000000001,-0.06585279,-2013245.0,3064055.0
3,0.3043,0.0699,0.0463,0.0751,0.10060935,4.6911833e-07,6.150427e-06,0.3373,0.3509,0.233,0.12300000000000001,0.0368,0.14980000000000002,0.26030000000000003,0.2962,-0.5124959428756897,-0.03586206896551721,-0.11432009626955476,0.6264029930518439,0.5019070798067493,0.6264029930518439,-0.6041117554032683,0.6165113182423435,0.6623748211731044,0.5278969957081545,2.0313751668891853,0.3636777423759673,-0.1327005397357156,0.1327005397357156,-0.2901563937442502,-0.5411499999999999,-0.06870847999999999,-2011845.0,3058375.0
3,0.4081,0.0187,0.018000000000000002,0.0441,0.085605636,7.968545e-08,5.8521778e-06,0.3875,0.36100000000000004,0.1341,0.054,0.0162,0.0825,0.2862,0.3584,-0.5050505050505051,-0.40445859872611467,-0.05263157894736851,0.9123711340206185,0.7229841911499315,0.9123711340206185,-0.8049535603715169,0.4081632653061225,0.9625668449197862,0.4026845637583893,4.946666666666666,0.6304347826086956,-0.5053485798598304,0.5053485798598304,-0.7085004009623096,-0.6715500000000001,-0.06684307999999997,-2014635.0,3073995.0
3,0.37270000000000003,0.0245,0.0244,0.0523,0.0793433,1.15627046e-07,5.0722306e-06,0.36970000000000003,0.3789,0.1587,0.0688,0.0245,0.0961,0.281,0.3327,-0.5042654028436019,-0.36197916666666663,0.0020449897750511124,0.8766364551863041,0.678723722600434,0.8766364551863041,-0.7538823529411764,0.4665391969407266,0.9959183673469388,0.4335223692501575,3.8782518210197714,0.593698175787728,-0.40270982310876924,0.40270982310876924,-0.619494290375204,-0.6247500000000001,-0.06783472000000002,-2014635.0,3075405.0
3,0.3482,0.021,0.021500000000000002,0.0476,0.10092264,6.398558e-08,7.696955e-06,0.38070000000000004,0.38470000000000004,0.1496,0.061200000000000004,0.017400000000000002,0.1014,0.2903,0.34590000000000004,-0.5172413793103449,-0.3877551020408163,-0.10539845758354753,0.8862405200433369,0.6470162610914353,0.8862405200433369,-0.7594744820616471,0.45168067226890757,1.0238095238095237,0.4090909090909091,3.4339250493096647,0.6568627450980392,-0.3989554037766171,0.3989554037766171,-0.6362026997123258,-0.5909,-0.05859412000000001,-2014625.0,3076825.0
2,0.33430000000000004,0.0227,0.0213,0.0432,0.03779388,9.493827e-08,2.792013e-06,0.3427,0.3105,0.13970000000000002,0.0589,0.0167,0.0878,0.2553,0.30360000000000004,-0.5276107162383817,-0.3110773899848255,-0.12105263157894737,0.8728291316526611,0.6202937249666222,0.8728291316526611,-0.7711258278145695,0.4930555555555555,0.9383259911894273,0.4216177523264137,3.8075170842824604,0.5891402714932127,-0.410548523206751,0.410548523206751,-0.6267154620311071,-0.566975,-0.05967964999999999,-2013225.0,3072565.0
2,0.29860000000000003,0.020300000000000002,0.022600000000000002,0.0374,0.13269684,2.4258495e-07,8.946721e-06,0.33540000000000003,0.3657,0.13570000000000002,0.0589,0.022500000000000003,0.0747,0.24350000000000002,0.30820000000000003,-0.5678798382437897,-0.29636048526863085,-0.002217294900221716,0.8726873628096583,0.5805420097529779,0.8726873628096583,-0.7773809523809525,0.6042780748663101,1.1133004926108374,0.43404568901989676,3.9973226238286483,0.5726315789473685,-0.3750863458438867,0.3750863458438867,-0.6043956043956045,-0.5206250000000001,-0.06452288,-2013215.0,3073985.0
2,0.336,0.0252,0.025,0.049,0.059366174,8.327961e-08,3.794402e-06,0.3642,0.3529,0.1625,0.07200000000000001,0.0204,0.0993,0.27090000000000003,0.3296,-0.5366430260047281,-0.3207547169811321,-0.1013215859030837,0.8604651162790697,0.6269139032084328,0.8604651162790697,-0.7454545454545455,0.5102040816326531,0.9920634920634921,0.4430769230769231,3.38368580060423,0.5951807228915663,-0.34804413239719156,0.34804413239719156,-0.5757311217808817,-0.5822500000000002,-0.06804029000000002,-2013215.0,3075405.0
2,0.3675,0.0167,0.0179,0.0328,0.083356015,1.5505552e-07,4.508299e-06,0.4691,0.45930000000000004,0.1733,0.068,0.0201,0.08710000000000001,0.3242,0.4348,-0.6817079087821446,-0.3252525252525253,0.05789473684210528,0.9130661114003124,0.676478308148037,0.9130661114003124,-0.8361229078191357,0.5457317073170731,1.0718562874251496,0.39238315060588574,4.219288174512054,0.6782273603082853,-0.35909763313609466,0.35909763313609466,-0.6396511380557328,-0.6942999999999999,-0.09455071999999999,-2013205.0,3076825.0
2,0.3698,0.0205,0.0199,0.0426,0.043901045,2.966523e-08,2.8105803e-06,0.4056,0.3894,0.1385,0.054,0.014700000000000001,0.0915,0.2958,0.367,-0.5295416896742132,-0.35023771790808234,-0.15028901734104044,0.8949526005636689,0.6728443303189313,0.8949526005636689,-0.793404461687682,0.4671361502347418,0.9707317073170731,0.3898916967509025,4.041530054644809,0.6339285714285714,-0.4550462325398387,0.4550462325398387,-0.6790176647996553,-0.6225499999999999,-0.06167806,-2011805.0,3071145.0
2,0.3169,0.020200000000000003,0.0222,0.042300000000000004,0.06844433,7.891655e-08,5.1751344e-06,0.3436,0.3568,0.1101,0.0449,0.0224,0.0815,0.24600000000000002,0.30960000000000004,-0.4448818897637795,-0.3536,0.004484304932735399,0.8801542568970632,0.6071484743630072,0.8801542568970632,-0.7644766146993318,0.524822695035461,1.0990099009900989,0.407811080835604,3.888343558282209,0.6027531956735496,-0.4843091334894613,0.4843091334894613,-0.677882236516576,-0.501325,-0.04367032999999999,-2011805.0,3072565.0
2,0.42500000000000004,0.032,0.0347,0.0646,0.10568249,1.1441409e-07,6.0625516e-06,0.40640000000000004,0.39780000000000004,0.1525,0.0635,0.0246,0.1057,0.30820000000000003,0.37220000000000003,-0.40488254260709344,-0.33747412008281574,-0.1703204047217538,0.8599562363238511,0.7595356550580431,0.8599562363238511,-0.7361111111111112,0.5371517027863777,1.084375,0.41639344262295086,4.02081362346263,0.5352214960058098,-0.471861471861472,0.471861471861472,-0.6559798270893373,-0.654175,-0.05567997000000002,-2011795.0,3073985.0
2,0.449,0.0309,0.030500000000000003,0.061000000000000006,0.06988036,8.285343e-08,3.5318358e-06,0.48090000000000005,0.4682,0.1908,0.0809,0.0229,0.1029,0.3457,0.4434,-0.5154884829229547,-0.3275299238302503,-0.1423220973782772,0.8712231714940614,0.7765802297869314,0.8712231714940614,-0.7607843137254902,0.5,0.9870550161812298,0.4240041928721174,4.363459669582118,0.5381165919282511,-0.4035636136292591,0.4035636136292591,-0.6218501606629461,-0.7564749999999999,-0.09162335999999999,-2011835.0,3062635.0
2,0.36360000000000003,0.0308,0.0291,0.0562,0.077679075,6.619096e-08,5.1567695e-06,0.38320000000000004,0.3653,0.17880000000000001,0.0794,0.0171,0.0966,0.29100000000000004,0.3519,-0.5217021276595745,-0.29195402298850576,-0.2597402597402597,0.8438133874239351,0.6602262902680149,0.8438133874239351,-0.7322534540257264,0.5177935943060499,0.9448051948051948,0.4440715883668903,3.7639751552795033,0.5164835164835164,-0.34070796460176994,0.34070796460176994,-0.5617418969974152,-0.62415,-0.07825229000000002,-2011825.0,3064055.0
2,0.3876,0.028,0.0287,0.05,0.16125803,1.7077326e-07,9.525521e-06,0.3952,0.37120000000000003,0.18130000000000002,0.08,0.023200000000000002,0.0916,0.2977,0.3594,-0.5676610462602681,-0.2820512820512821,-0.10597302504816951,0.8652550529355149,0.7020554332823516,0.8652550529355149,-0.7714808043875686,0.574,1.025,0.44125758411472693,4.2314410480349345,0.5317725752508362,-0.36262963613991916,0.36262963613991916,-0.5880221247377456,-0.6796499999999999,-0.08718486,-2010425.0,3058375.0
2,0.3997,0.019200000000000002,0.018600000000000002,0.039400000000000004,0.066275634,9.009242e-08,4.5321503e-06,0.38820000000000005,0.3803,0.1521,0.0609,0.0142,0.083,0.2908,0.3603,-0.5885117493472585,-0.3447098976109215,-0.13414634146341467,0.9083313439961805,0.712556347244438,0.9083313439961805,-0.8205420177636075,0.47208121827411165,0.96875,0.40039447731755423,4.815662650602409,0.6242661448140899,-0.4487133019209858,0.4487133019209858,-0.6785714285714286,-0.6953750000000001,-0.07775582000000002,-2010425.0,3059795.0
2,0.21000000000000002,0.012400000000000001,0.0131,0.0217,0.12117395,6.1021746e-07,1.07364185e-05,0.2849,0.3709,0.1012,0.0407,0.014700000000000001,0.052500000000000005,0.1998,0.2594,-0.6468673718470301,-0.27272727272727265,0.0575539568345324,0.8884892086330936,0.43215444926864227,0.8884892086330936,-0.8126888217522659,0.6036866359447005,1.0564516129032258,0.40217391304347827,4.0,0.6178736517719567,-0.3496143958868895,0.3496143958868895,-0.6154960173787111,-0.38927500000000004,-0.05252976999999999,-2010415.0,3061205.0
3,0.3578,0.07740000000000001,0.044500000000000005,0.08510000000000001,0.11427013,3.9882062e-07,6.7500896e-06,0.3991,0.3729,0.2255,0.11180000000000001,0.027700000000000002,0.1771,0.30920000000000003,0.34990000000000004,-0.45202833226014166,-0.047384615384615365,-0.23268698060941828,0.6443014705882352,0.5489603278578387,0.6443014705882352,-0.6157146082637164,0.5229142185663925,0.5749354005167958,0.49578713968957877,2.020327498588368,0.3917485265225933,-0.22681296074061374,0.22681296074061374,-0.3602704987320371,-0.58975,-0.04684345999999998,-2010415.0,3062625.0
2,0.2474,0.0745,0.046900000000000004,0.0693,0.07591258,2.9557347e-07,6.0937327e-06,0.2802,0.28950000000000004,0.21080000000000002,0.1188,0.0357,0.12440000000000001,0.2151,0.2474,-0.5051767225990718,0.036161335187760754,-0.13559322033898305,0.5371233302267785,0.4051688824339925,0.5371233302267785,-0.5623618566466688,0.6767676767676768,0.629530201342282,0.5635673624288424,1.9887459807073955,0.2508798391151333,-0.07987778262767348,0.07987778262767348,-0.20713699753896636,-0.43745000000000006,-0.06467190999999999,-2009005.0,3058365.0
2,0.2064,0.0212,0.0212,0.0358,0.22109695,1.2646436e-06,2.3060988e-05,0.2222,0.2994,0.1024,0.048600000000000004,0.0205,0.055400000000000005,0.16010000000000002,0.19790000000000002,-0.4819102749638206,-0.256140350877193,-0.016786570743405258,0.8137082601054482,0.4212497871615869,0.8137082601054482,-0.7043765483071841,0.5921787709497207,1.0,0.474609375,3.7256317689530682,0.44647519582245443,-0.33678756476683935,0.33678756476683935,-0.5305985205110961,-0.34035000000000004,-0.04424381000000001,-2009005.0,3059785.0
3,0.37610000000000005,0.031400000000000004,0.0292,0.0555,0.07123897,8.742213e-08,5.0599733e-06,0.38420000000000004,0.3725,0.1567,0.0682,0.0199,0.0888,0.2795,0.3496,-0.4769085768143262,-0.27733026467203675,-0.18940936863543784,0.8458895705521473,0.6754738015607582,0.8458895705521473,-0.7428174235403152,0.5261261261261261,0.929936305732484,0.4352265475430759,4.235360360360361,0.4775374376039933,-0.4117867867867868,0.4117867867867868,-0.6054664289958409,-0.6142000000000001,-0.06967099,-2011795.0,3075395.0
2,0.3418,0.016300000000000002,0.0175,0.037200000000000004,0.067766964,5.005002e-08,4.693792e-06,0.35800000000000004,0.3431,0.1253,0.0475,0.0143,0.0751,0.26180000000000003,0.3279,-0.542153846153846,-0.3906542056074766,-0.1006289308176101,0.9089639765428652,0.6406542591814118,0.9089639765428652,-0.8036939313984168,0.4704301075268817,1.0736196319018405,0.37909018355945734,4.551264980026631,0.6433260393873085,-0.46349818026118605,0.46349818026118605,-0.6984164500118174,-0.578275,-0.06031444999999999,-2011785.0,3076815.0
3,0.3588,0.0258,0.022600000000000002,0.0478,0.074600935,7.925927e-08,4.645773e-06,0.384,0.37920000000000004,0.1567,0.0669,0.023,0.09290000000000001,0.2863,0.35100000000000003,-0.5325183374083129,-0.2989130434782609,0.008771929824561351,0.8658346333853355,0.6481660590729856,0.8658346333853355,-0.764879488440728,0.47280334728033474,0.8759689922480621,0.4269304403318443,3.8622174381054895,0.565290648694187,-0.39204655674102806,0.39204655674102806,-0.6089432609154187,-0.6144250000000001,-0.06898942999999998,-2010385.0,3071135.0
2,0.41600000000000004,0.0196,0.0229,0.047900000000000005,0.0561864,4.6402214e-08,3.4368366e-06,0.4441,0.4333,0.1615,0.06330000000000001,0.0171,0.09190000000000001,0.3275,0.41150000000000003,-0.5425023877745941,-0.41925925925925933,-0.145,0.9100091827364555,0.7492748834306274,0.9100091827364555,-0.7934899762879931,0.47807933194154484,1.1683673469387756,0.3919504643962849,4.526659412404788,0.6484304932735425,-0.4406926406926408,0.4406926406926408,-0.6822537370640092,-0.707775,-0.07895937,-2010385.0,3072555.0
2,0.3476,0.0206,0.02,0.0409,0.06034385,5.8192015e-08,4.1354956e-06,0.3614,0.32170000000000004,0.1461,0.0604,0.019100000000000002,0.0809,0.2627,0.32930000000000004,-0.5625668449197861,-0.3300813008130081,-0.02301790281329918,0.8881042911461162,0.6421435059037238,0.8881042911461162,-0.7894465894465895,0.48899755501222497,0.970873786407767,0.4134154688569473,4.296662546353523,0.5940886699507388,-0.40814259671865505,0.40814259671865505,-0.6388765046812305,-0.6032000000000001,-0.07073349000000001,-2010375.0,3073975.0
2,0.3568,0.0188,0.022600000000000002,0.0408,0.07786792,7.576942e-08,5.887501e-06,0.3745,0.36810000000000004,0.1337,0.053200000000000004,0.019100000000000002,0.07830000000000001,0.2775,0.3447,-0.532378223495702,-0.3691275167785235,-0.08393285371702637,0.8998935037273696,0.6716406430274594,0.8998935037273696,-0.7947686116700201,0.553921568627451,1.202127659574468,0.39790575916230364,4.556832694763729,0.6127703398558189,-0.45484199796126396,0.45484199796126396,-0.6809924678777137,-0.5978500000000001,-0.06378481999999999,-2010375.0,3075395.0
2,0.3456,0.030000000000000002,0.0315,0.049,0.109033495,1.7440318e-07,6.7019423e-06,0.36060000000000003,0.3709,0.16540000000000002,0.0731,0.0318,0.0858,0.26130000000000003,0.3271,-0.542910447761194,-0.24050632911392406,0.004739336492891022,0.840255591054313,0.6468375538061815,0.840255591054313,-0.7516472377090725,0.6428571428571428,1.0499999999999998,0.44195888754534457,4.027972027972028,0.4818652849740933,-0.35264187866927593,0.35264187866927593,-0.5705955851728447,-0.5942249999999999,-0.07547177000000001,-2010365.0,3076815.0
3,0.34740000000000004,0.039,0.0333,0.0692,0.082099855,1.5072823e-07,6.054262e-06,0.36810000000000004,0.3819,0.1804,0.0821,0.0251,0.1173,0.2822,0.336,-0.44551282051282054,-0.27911275415896486,-0.14041095890410962,0.798136645962733,0.6229114256749146,0.798136645962733,-0.6677868458953433,0.48121387283237,0.8538461538461539,0.45509977827051,2.9616368286445014,0.5009596928982726,-0.3164077302008337,0.3164077302008337,-0.5173375846950977,-0.564875,-0.060022809999999996,-2008965.0,3071135.0
3,0.32180000000000003,0.0302,0.026000000000000002,0.0568,0.06758352,8.0817934e-08,4.9355376e-06,0.3562,0.3392,0.1894,0.0843,0.0218,0.1246,0.2823,0.32530000000000003,-0.5385865150284321,-0.3057471264367816,-0.08786610878661093,0.8284090909090909,0.5919724770642202,0.8284090909090909,-0.6999471737982038,0.45774647887323944,0.8609271523178809,0.4450897571277719,2.582664526484751,0.6098191214470284,-0.25899843505477305,0.25899843505477305,-0.5046506597447545,-0.5777250000000002,-0.06470591999999997,-2008965.0,3072555.0
2,0.2854,0.0195,0.019200000000000002,0.0392,0.087674685,8.7404246e-08,7.466304e-06,0.2972,0.3064,0.128,0.054,0.0216,0.07050000000000001,0.22210000000000002,0.2695,-0.5311004784688995,-0.33560477001703576,0.058823529411764684,0.8720892095769104,0.5514939605848698,0.8720892095769104,-0.7584719654959949,0.489795918367347,0.9846153846153847,0.421875,4.04822695035461,0.5666666666666667,-0.3807450411223996,0.3807450411223996,-0.6112139645596403,-0.48940000000000006,-0.05770877999999999,-2008965.0,3073975.0
2,0.3063,0.0159,0.017,0.0378,0.057973813,2.7388333e-08,4.364705e-06,0.33840000000000003,0.3381,0.124,0.047400000000000005,0.0106,0.0743,0.2511,0.3105,-0.5327564894932014,-0.40782122905027934,-0.23188405797101455,0.9013035381750464,0.5884868937372469,0.9013035381750464,-0.7802964254577158,0.44973544973544977,1.069182389937107,0.3822580645161291,4.122476446837147,0.6474501108647451,-0.423657913083895,0.423657913083895,-0.6725297465080186,-0.5221,-0.056302690000000016,-2011825.0,3065465.0
2,0.3325,0.0206,0.022500000000000003,0.0397,0.08891483,1.3058781e-07,7.100146e-06,0.3351,0.3907,0.1522,0.06380000000000001,0.021400000000000002,0.0731,0.2406,0.3069,-0.5862428348097968,-0.3167495854063018,-0.02505694760820046,0.8833191730387991,0.6297044315842624,0.8833191730387991,-0.7866738312735088,0.566750629722922,1.092233009708738,0.41918528252299614,4.548563611491108,0.5602988260405549,-0.37198266969259336,0.37198266969259336,-0.615839781520255,-0.5893499999999999,-0.07726178000000002,-2010405.0,3065465.0
2,0.37970000000000004,0.0281,0.029900000000000003,0.0613,0.1001432,1.0049343e-07,7.656627e-06,0.3808,0.3725,0.136,0.056400000000000006,0.0281,0.1086,0.2994,0.34990000000000004,-0.378611251900659,-0.3713646532438479,-0.03103448275862074,0.8621873467385973,0.69570635550017,0.8621873467385973,-0.7219954648526077,0.4877650897226754,1.0640569395017794,0.4147058823529412,3.496316758747698,0.5888807607900512,-0.4725615668024045,0.4725615668024045,-0.6579639749038656,-0.5763,-0.040013000000000014,-2010405.0,3066885.0
3,0.265,0.023700000000000002,0.0244,0.0487,0.07520658,2.7620493e-07,5.9928766e-06,0.2811,0.35500000000000004,0.1022,0.0456,0.0238,0.0663,0.20550000000000002,0.24980000000000002,-0.35453943008614974,-0.34530386740331487,-0.012448132780082983,0.8358157256667822,0.5218101617382781,0.8358157256667822,-0.6895122728721709,0.5010266940451745,1.0295358649789028,0.44618395303326813,3.996983408748115,0.47333333333333333,-0.443355119825708,0.443355119825708,-0.613604683579593,-0.3932500000000001,-0.03833985999999999,-2008985.0,3065465.0
2,0.3763,0.0188,0.0206,0.0432,0.08038891,6.836056e-08,4.919213e-06,0.41050000000000003,0.4043,0.16040000000000001,0.0641,0.020200000000000003,0.0897,0.30210000000000004,0.378,-0.575638506876228,-0.3935483870967742,-0.00980392156862739,0.9048342191850165,0.6908062340776263,0.9048342191850165,-0.7940405244338498,0.47685185185185186,1.0957446808510638,0.39962593516209477,4.195094760312152,0.6534562211981567,-0.4022731507359791,0.4022731507359791,-0.6544393497290539,-0.660425,-0.07742733,-2008985.0,3066875.0
3,0.28340000000000004,0.0712,0.041600000000000005,0.0718,0.08248452,3.5901365e-07,5.6106433e-06,0.3045,0.3073,0.2122,0.11230000000000001,0.0303,0.13920000000000002,0.2349,0.267,-0.49436619718309854,-0.004195804195804218,-0.15716272600834497,0.5984207557811619,0.4556699556699557,0.5984207557811619,-0.5957207207207207,0.5793871866295265,0.5842696629213484,0.5292177191328935,2.035919540229885,0.32319391634980993,-0.1436642453591607,0.1436642453591607,-0.27826941986234033,-0.49422500000000014,-0.058711449999999984,-2008975.0,3068295.0
2,0.3468,0.0177,0.016800000000000002,0.038900000000000004,0.07892617,9.0929866e-08,5.5253436e-06,0.3608,0.3624,0.1593,0.0655,0.021400000000000002,0.08410000000000001,0.27030000000000004,0.32980000000000004,-0.6074672048435923,-0.37455830388692585,0.12041884816753926,0.902880658436214,0.6400150715900528,0.902880658436214,-0.798288825512056,0.4318766066838046,0.9491525423728815,0.41117388575015695,4.1236623067776454,0.6522593320235758,-0.37048014226437465,0.37048014226437465,-0.6275738585496866,-0.628725,-0.07780510999999998,-2008975.0,3069715.0
3,0.3966,0.033,0.028800000000000003,0.056900000000000006,0.088721305,9.093284e-08,5.013388e-06,0.4283,0.3951,0.20470000000000002,0.0922,0.0251,0.1102,0.32330000000000003,0.3856,-0.5649847094801222,-0.26585094549499444,-0.06864564007421153,0.846368715083799,0.6952705643406354,0.846368715083799,-0.7490628445424476,0.5061511423550088,0.8727272727272728,0.4504152418172936,3.598911070780399,0.5391061452513967,-0.31914185930483946,0.31914185930483946,-0.54522339266255,-0.70785,-0.09188332999999999,-2007565.0,3065455.0
3,0.3423,0.0666,0.0459,0.0872,0.07506072,2.26292e-07,4.7405747e-06,0.3598,0.3643,0.2336,0.11900000000000001,0.0273,0.15380000000000002,0.28190000000000004,0.3185,-0.4563591022443891,-0.13394018205461636,-0.2540983606557377,0.6742479823917829,0.564626337065789,0.6742479823917829,-0.5939464493597206,0.5263761467889909,0.6891891891891891,0.5094178082191781,2.2256176853055916,0.3956442831215971,-0.18874804653585692,0.18874804653585692,-0.35308469850121993,-0.5701999999999999,-0.06610616999999996,-2007565.0,3066875.0
3,0.2661,0.0645,0.0359,0.0589,0.09589974,5.584538e-07,6.7192345e-06,0.2939,0.304,0.21760000000000002,0.1149,0.0269,0.1331,0.22410000000000002,0.2553,-0.5739602169981917,0.04538087520259319,-0.14331210191082805,0.6098003629764065,0.4341149691079235,0.6098003629764065,-0.6375384615384615,0.6095076400679117,0.5565891472868217,0.528033088235294,1.9992486851990985,0.347165991902834,-0.10026876162910892,0.10026876162910892,-0.2546738678853344,-0.5136750000000001,-0.07087829999999999,-2007555.0,3068295.0
2,0.2805,0.0309,0.0379,0.0497,0.09213983,2.8612612e-07,6.5303e-06,0.3657,0.3675,0.1617,0.0727,0.0446,0.09190000000000001,0.26890000000000003,0.3307,-0.5298013245033113,-0.23325062034739455,0.08121212121212118,0.8015414258188825,0.5672999619176575,0.8015414258188825,-0.6989703210175651,0.7625754527162978,1.2265372168284792,0.4495980210265924,3.0522306855277477,0.49674267100977204,-0.26865671641791045,0.26865671641791045,-0.5090047393364929,-0.48297499999999993,-0.06274980999999999,-2030045.0,3119475.0
2,0.2948,0.036000000000000004,0.0402,0.0563,0.1361428,2.102971e-07,9.313802e-06,0.34800000000000003,0.3214,0.1468,0.0668,0.0396,0.09670000000000001,0.264,0.3163,-0.4455933037912359,-0.21993499458288188,-0.007518796992481157,0.7823458282950424,0.5796741916811378,0.7823458282950424,-0.6792936485331813,0.714031971580817,1.1166666666666665,0.45504087193460485,3.0486039296794205,0.45742275810097965,-0.3351449275362319,0.3351449275362319,-0.5303791685701233,-0.46474999999999994,-0.04681575,-2028645.0,3116625.0
2,0.26730000000000004,0.0217,0.024300000000000002,0.038700000000000005,0.07753456,6.7552925e-08,6.7663786e-06,0.2881,0.2984,0.12380000000000001,0.052500000000000005,0.024300000000000002,0.0671,0.2104,0.2566,-0.5236923076923077,-0.28145695364238416,0.0,0.8498269896193772,0.5320304464102037,0.8498269896193772,-0.7470588235294118,0.627906976744186,1.1198156682027651,0.42407108239095315,3.9836065573770494,0.5112612612612614,-0.3669138327793403,0.3669138327793403,-0.5943138326954621,-0.45247500000000007,-0.05444090000000001,-2028635.0,3118045.0
2,0.23750000000000002,0.024900000000000002,0.029300000000000003,0.039900000000000005,0.09319913,1.4654994e-07,7.4063323e-06,0.27140000000000003,0.30710000000000004,0.1233,0.053200000000000004,0.0274,0.0661,0.19210000000000002,0.2381,-0.5110294117647058,-0.23148148148148148,-0.03350970017636688,0.8102134146341463,0.48738379814077026,0.8102134146341463,-0.7123287671232875,0.7343358395989975,1.176706827309237,0.43146796431467965,3.5930408472012103,0.4527472527472527,-0.3165188470066519,0.3165188470066519,-0.5471151058277762,-0.39885000000000004,-0.0507539,-2028625.0,3119465.0
2,0.3079,0.028200000000000003,0.031900000000000005,0.0471,0.08453095,3.3023358e-07,6.3118514e-06,0.30710000000000004,0.2852,0.1308,0.058800000000000005,0.028,0.0747,0.22340000000000002,0.2727,-0.4704890387858347,-0.250996015936255,-0.06510851419031725,0.8321927997619756,0.5990628913034698,0.8321927997619756,-0.7346478873239438,0.6772823779193207,1.1312056737588654,0.44954128440366975,4.121820615796519,0.4518950437317784,-0.40369272851607024,0.40369272851607024,-0.5923149015932521,-0.49369999999999997,-0.05529401999999998,-2027225.0,3116625.0
2,0.3602,0.023200000000000002,0.0275,0.047400000000000005,0.094922535,8.1950425e-08,6.7737565e-06,0.3612,0.35300000000000004,0.1374,0.0557,0.025400000000000002,0.0767,0.2589,0.32730000000000004,-0.487012987012987,-0.34277620396600567,-0.03969754253308124,0.8789775691184142,0.6784209101805669,0.8789775691184142,-0.7674190382728165,0.5801687763713079,1.1853448275862069,0.40538573508005826,4.696219035202086,0.5355355355355356,-0.4477491961414791,0.4477491961414791,-0.6618088298328334,-0.5864750000000001,-0.06424754999999997,-2027215.0,3118045.0
2,0.2511,0.0199,0.026000000000000002,0.0381,0.07878198,2.1834968e-07,6.7467086e-06,0.3085,0.3274,0.1267,0.053500000000000006,0.031,0.07010000000000001,0.2204,0.2786,-0.537621359223301,-0.3137931034482759,0.08771929824561399,0.8531365313653135,0.5170991067630796,0.8531365313653135,-0.7365145228215767,0.6824146981627297,1.306532663316583,0.4222573007103394,3.582025677603423,0.5577777777777778,-0.3292747485442032,0.3292747485442032,-0.5811697574893009,-0.432075,-0.05479722000000001,-2027205.0,3119465.0
2,0.3436,0.0468,0.0543,0.0712,0.19914447,5.129516e-07,1.42906465e-05,0.4157,0.4037,0.1767,0.0857,0.052000000000000005,0.12190000000000001,0.3007,0.37560000000000004,-0.42557482855990314,-0.20677966101694914,-0.02163687676387579,0.7602459016393442,0.6672965534239822,0.7602459016393442,-0.6567020250723241,0.7626404494382023,1.1602564102564104,0.48500282965478214,2.81870385561936,0.4451689389448725,-0.3207764751105132,0.3207764751105132,-0.5003770739064858,-0.5267249999999999,-0.054296489999999975,-2025805.0,3116615.0
2,0.39880000000000004,0.042,0.049300000000000004,0.0685,0.18101935,1.4749764e-07,9.8288965e-06,0.4224,0.4213,0.18050000000000002,0.0833,0.0451,0.1067,0.3135,0.38730000000000003,-0.44979919678714864,-0.23981900452488686,-0.044491525423728834,0.8094373865698731,0.7454822216150814,0.8094373865698731,-0.706826449818104,0.7197080291970803,1.1738095238095239,0.4614958448753462,3.737582005623243,0.4351042367182247,-0.37683411013291906,0.37683411013291906,-0.5629577956051623,-0.6275750000000001,-0.06951581999999999,-2025795.0,3118035.0
2,0.3206,0.0253,0.029900000000000003,0.047400000000000005,0.086327694,1.06859204e-07,6.225901e-06,0.315,0.3164,0.1254,0.0528,0.025900000000000003,0.0717,0.2286,0.2863,-0.45138888888888895,-0.3039889958734526,-0.07168458781362007,0.8537149465163343,0.6218803829667909,0.8537149465163343,-0.7423913043478261,0.630801687763713,1.1818181818181819,0.42105263157894735,4.471408647140865,0.4783505154639175,-0.43766816143497755,0.43766816143497755,-0.6355576294913672,-0.5074000000000001,-0.05394684999999999,-2025785.0,3119455.0
2,0.3534,0.028200000000000003,0.0308,0.0506,0.116622455,1.04889274e-07,7.983949e-06,0.37060000000000004,0.3602,0.1481,0.06420000000000001,0.033100000000000004,0.0915,0.2751,0.33630000000000004,-0.4906894816305989,-0.28426395939086285,0.03599374021909238,0.8522012578616353,0.662201920099102,0.8522012578616353,-0.7495049504950496,0.6086956521739131,1.0921985815602837,0.4334908845374747,3.862295081967213,0.5288220551378445,-0.40937188434695904,0.40937188434695904,-0.6122534620226604,-0.5789000000000001,-0.060673150000000016,-2028675.0,3110955.0
2,0.2838,0.0251,0.026000000000000002,0.044700000000000004,0.07953054,1.1571645e-07,6.4239835e-06,0.3138,0.32180000000000003,0.1272,0.056400000000000006,0.0258,0.0849,0.2331,0.2838,-0.4799301919720768,-0.28080229226361036,-0.003861003861003905,0.8374878601489154,0.5522026787155074,0.8374878601489154,-0.7278538812785387,0.5816554809843401,1.0358565737051793,0.44339622641509435,3.342756183745583,0.5436363636363637,-0.38102189781021895,0.38102189781021895,-0.5834398159979555,-0.46465,-0.047313730000000005,-2028665.0,3112375.0
2,0.27590000000000003,0.0211,0.024800000000000003,0.041600000000000005,0.06779016,6.5958496e-08,4.8838956e-06,0.3176,0.3098,0.11960000000000001,0.049100000000000005,0.0245,0.0815,0.2366,0.2848,-0.48387096774193555,-0.3269537480063796,-0.0060851926977687956,0.8579124579124578,0.5496506370735719,0.8579124579124578,-0.7379527559055118,0.5961538461538461,1.175355450236967,0.4105351170568562,3.3852760736196323,0.5886939571150098,-0.3951959544879899,0.3951959544879899,-0.6214613103262335,-0.452175,-0.04368664,-2028655.0,3113795.0
2,0.30360000000000004,0.0239,0.030500000000000003,0.044500000000000005,0.08005882,9.897351e-08,6.4770475e-06,0.3659,0.3558,0.1389,0.0601,0.0349,0.0863,0.2722,0.3331,-0.5147219193020719,-0.3011695906432749,0.06727828746177367,0.8540458015267177,0.6034065257541555,0.8540458015267177,-0.7443263430048838,0.6853932584269663,1.276150627615063,0.4326853851691865,3.5179606025492474,0.5662431941923775,-0.37220338983050855,0.37220338983050855,-0.5981822530495097,-0.5069750000000001,-0.05606935999999997,-2028655.0,3115215.0
2,0.3425,0.0328,0.0344,0.053000000000000005,0.08827378,5.122721e-07,6.935171e-06,0.3108,0.3257,0.1328,0.061000000000000006,0.0386,0.07880000000000001,0.23220000000000002,0.2691,-0.42949407965554354,-0.23543123543123542,0.05753424657534249,0.8252065014654943,0.6426676032154842,0.8252065014654943,-0.7319848293299621,0.6490566037735849,1.0487804878048779,0.4593373493975904,4.346446700507614,0.41218637992831547,-0.4411950347149169,0.4411950347149169,-0.6014446568939877,-0.5308000000000002,-0.053168459999999994,-2027255.0,3110945.0
2,0.37210000000000004,0.0261,0.028300000000000002,0.0517,0.08630479,7.432699e-08,4.9438295e-06,0.3931,0.3406,0.1427,0.058800000000000005,0.0268,0.09190000000000001,0.2975,0.3599,-0.46810699588477367,-0.32904884318766064,-0.027223230490018173,0.8689100954294324,0.6868092217706712,0.8689100954294324,-0.7560169891458234,0.5473887814313346,1.0842911877394636,0.4120532585844429,4.048966267682263,0.5576271186440679,-0.44560994560994566,0.44560994560994566,-0.6501133319596125,-0.59995,-0.05787624999999999,-2027245.0,3112365.0
2,0.43920000000000003,0.033100000000000004,0.0397,0.0668,0.10756775,1.185596e-07,6.0283132e-06,0.41040000000000004,0.375,0.1472,0.0611,0.032100000000000004,0.1034,0.31120000000000003,0.3824,-0.37570093457943926,-0.3373373373373373,-0.10584958217270189,0.8598348507304678,0.7946718406029627,0.8598348507304678,-0.7359683794466404,0.594311377245509,1.1993957703927491,0.41508152173913043,4.247582205029014,0.515018315018315,-0.49795361527967263,0.49795361527967263,-0.6712615599371837,-0.657625,-0.05256405999999999,-2027235.0,3113785.0
2,0.2902,0.029,0.0362,0.048,0.1669421,4.3187737e-07,1.40670345e-05,0.2931,0.3005,0.1326,0.060000000000000005,0.027700000000000002,0.08,0.2087,0.26,-0.4684385382059801,-0.24675324675324675,-0.1330203442879499,0.8182957393483707,0.583969145635952,0.8182957393483707,-0.7161442933175637,0.7541666666666668,1.2482758620689656,0.4524886877828055,3.6275,0.46788990825688076,-0.3727530747398297,0.3727530747398297,-0.5714973519499277,-0.46299999999999997,-0.05148345000000001,-2027235.0,3115205.0
2,0.3383,0.0269,0.0317,0.0531,0.0692654,1.1345744e-07,5.9875906e-06,0.33080000000000004,0.3136,0.12610000000000002,0.052500000000000005,0.0304,0.08070000000000001,0.2427,0.2901,-0.4073660714285714,-0.3275,-0.02093397745571657,0.8526834611171962,0.6488767383810768,0.8526834611171962,-0.7286663260091978,0.5969868173258004,1.178438661710037,0.4163362410785091,4.192069392812886,0.5000000000000001,-0.4569336778639103,0.4569336778639103,-0.6466399643969737,-0.5190250000000001,-0.048357019999999994,-2025835.0,3110935.0
2,0.33480000000000004,0.0217,0.0267,0.043300000000000005,0.08884682,1.0754466e-07,6.41852e-06,0.34190000000000004,0.34640000000000004,0.12760000000000002,0.0521,0.024,0.07250000000000001,0.2421,0.31170000000000003,-0.4932709186658865,-0.33230769230769236,-0.0532544378698225,0.8782608695652174,0.6446333267444159,0.8782608695652174,-0.7709600634752711,0.6166281755196305,1.230414746543779,0.4083072100313479,4.617931034482758,0.5392781316348196,-0.4480968858131488,0.4480968858131488,-0.66092350103377,-0.545625,-0.059863200000000005,-2025825.0,3112355.0
2,0.3519,0.020200000000000003,0.024,0.044700000000000004,0.08456506,7.332563e-08,5.9105223e-06,0.3569,0.3881,0.1233,0.0522,0.0261,0.0743,0.2615,0.3274,-0.46785714285714286,-0.3775038520801232,0.04191616766467068,0.8914270357430798,0.6647204392545047,0.8914270357430798,-0.7745839636913766,0.5369127516778524,1.188118811881188,0.4233576642335766,4.736204576043068,0.5724867724867725,-0.48106060606060597,0.48106060606060597,-0.6770020075842069,-0.564,-0.05830987999999998,-2025865.0,3103835.0
2,0.27540000000000003,0.0275,0.031100000000000003,0.0456,0.0955126,1.6073584e-07,7.492255e-06,0.31420000000000003,0.32280000000000003,0.11520000000000001,0.055600000000000004,0.028,0.08080000000000001,0.2308,0.2848,-0.43283582089552247,-0.24760601915184682,-0.052453468697123556,0.8184219214262133,0.5475707244335833,0.8184219214262133,-0.7158878504672896,0.6820175438596492,1.130909090909091,0.4826388888888889,3.4084158415841586,0.49215143120960303,-0.4101382488479262,0.4101382488479262,-0.5734086242299795,-0.42690000000000006,-0.042024430000000015,-2025865.0,3105255.0
2,0.3049,0.031400000000000004,0.0323,0.0585,0.12699601,8.90851e-08,9.075463e-06,0.3456,0.3446,0.1429,0.061200000000000004,0.033,0.11030000000000001,0.267,0.31120000000000003,-0.41906653426017876,-0.30144605116796436,0.010719754977029086,0.8132619684805235,0.5841892810039567,0.8132619684805235,-0.6780407264722069,0.5521367521367522,1.0286624203821655,0.4282715185444367,2.7642792384406163,0.5568101623147493,-0.36176864671728454,0.36176864671728454,-0.5691019078641227,-0.47785,-0.03727128,-2025855.0,3106675.0
2,0.3874,0.0402,0.0429,0.0674,0.11157612,2.3701786e-07,7.0121296e-06,0.3687,0.36560000000000004,0.15430000000000002,0.0711,0.0324,0.10300000000000001,0.27740000000000004,0.3396,-0.39197113216057744,-0.25278810408921937,-0.13944223107569723,0.8119738072965388,0.710334009258905,0.8119738072965388,-0.7036059806508355,0.6364985163204747,1.0671641791044777,0.4607906675307841,3.761165048543689,0.4385474860335196,-0.43031198080118144,0.43031198080118144,-0.5889955686853767,-0.5833750000000001,-0.053142499999999995,-2025845.0,3108095.0
2,0.4012,0.0275,0.0296,0.0568,0.08001467,1.0879337e-07,4.258364e-06,0.4218,0.38380000000000003,0.1468,0.058300000000000005,0.0256,0.1052,0.31020000000000003,0.377,-0.4420432220039293,-0.34756820877817324,-0.07246376811594203,0.8717051551201305,0.7257104597530131,0.8717051551201305,-0.7519650655021833,0.5211267605633803,1.0763636363636364,0.3971389645776567,3.8136882129277567,0.5855312735493594,-0.46423357664233567,0.46423357664233567,-0.667828106852497,-0.6358250000000001,-0.054856119999999994,-2025845.0,3109515.0
2,0.3791,0.0303,0.0334,0.061200000000000004,0.078859106,1.259774e-07,5.548079e-06,0.402,0.3773,0.1272,0.056,0.0359,0.10310000000000001,0.29510000000000003,0.36110000000000003,-0.3503184713375796,-0.33770491803278696,0.03607503607503611,0.8519785051294577,0.7001297313797313,0.8519785051294577,-0.7220077220077219,0.545751633986928,1.1023102310231023,0.440251572327044,3.6770126091173614,0.545727136431784,-0.49753110803871226,0.49753110803871226,-0.6539695268644747,-0.5590499999999999,-0.04098026,-2024445.0,3103835.0
2,0.304,0.0252,0.027600000000000003,0.0495,0.10854676,1.6705394e-07,9.572703e-06,0.30060000000000003,0.3184,0.1125,0.048400000000000006,0.023200000000000002,0.07740000000000001,0.22410000000000002,0.2659,-0.3888888888888889,-0.3253012048192771,-0.08661417322834647,0.8469015795868773,0.5886877103028361,0.8469015795868773,-0.71994342291372,0.5575757575757576,1.0952380952380953,0.4302222222222223,3.927648578811369,0.5087719298245614,-0.4597839135654262,0.4597839135654262,-0.6367226061204344,-0.46129999999999993,-0.040435,-2024445.0,3105255.0
2,0.2727,0.0297,0.029500000000000002,0.054,0.07238258,1.0048747e-07,6.4483e-06,0.2973,0.2849,0.1297,0.056600000000000004,0.0281,0.09340000000000001,0.22920000000000001,0.2687,-0.4120849210669571,-0.2903225806451613,-0.02430555555555559,0.8035714285714285,0.5302728418655716,0.8035714285714285,-0.6694214876033058,0.5462962962962964,0.9932659932659933,0.4363916730917502,2.919700214132762,0.5174654752233956,-0.3553677932405567,0.3553677932405567,-0.5557271557271558,-0.42494999999999994,-0.03665035,-2024435.0,3106675.0
2,0.3559,0.0297,0.0284,0.060000000000000005,0.07319547,7.9411265e-08,4.532871e-06,0.3778,0.36910000000000004,0.1557,0.0666,0.024800000000000003,0.11380000000000001,0.29400000000000004,0.3418,-0.4436717663421419,-0.3377926421404683,-0.06766917293233081,0.845954356846473,0.6510105215350845,0.845954356846473,-0.7114691031497956,0.47333333333333333,0.9562289562289562,0.4277456647398844,3.127416520210896,0.5860627177700348,-0.3913213448006254,0.3913213448006254,-0.599250936329588,-0.57235,-0.04968120999999997,-2024425.0,3108095.0
2,0.4086,0.0341,0.0373,0.0597,0.08283372,1.3890266e-07,4.283874e-06,0.4199,0.40540000000000004,0.16620000000000001,0.0737,0.034,0.101,0.312,0.37670000000000003,-0.4714475431606906,-0.2729211087420043,-0.04628330995792423,0.8459453354416082,0.7404852075443399,0.8459453354416082,-0.7450352338244713,0.6247906197654941,1.0938416422287391,0.4434416365824308,4.045544554455446,0.49518874907475957,-0.42171189979123175,0.42171189979123175,-0.6106194690265486,-0.657225,-0.06923856999999999,-2024425.0,3109505.0
2,0.4258,0.033100000000000004,0.0402,0.0645,0.13757846,1.8157064e-07,7.432544e-06,0.4164,0.3986,0.14980000000000002,0.0632,0.039900000000000005,0.10690000000000001,0.3078,0.3784,-0.3980401306579562,-0.3217213114754098,-0.0037453183520598588,0.8557419917193287,0.7796507672537606,0.8557419917193287,-0.7368957780950438,0.6232558139534884,1.214501510574018,0.4218958611481976,3.983161833489242,0.5271428571428571,-0.4794996525364837,0.4794996525364837,-0.6574782144762582,-0.6461499999999999,-0.05323689000000001,-2025815.0,3113775.0
2,0.30870000000000003,0.021500000000000002,0.026000000000000002,0.0436,0.08896325,7.7450274e-08,6.5821614e-06,0.3301,0.30710000000000004,0.12810000000000002,0.0528,0.0229,0.085,0.2442,0.298,-0.4921374490390216,-0.3394777265745007,-0.06339468302658491,0.8697758933979406,0.6037257584292267,0.8697758933979406,-0.7524836786829405,0.5963302752293579,1.2093023255813953,0.4121779859484777,3.631764705882353,0.596244131455399,-0.41346153846153844,0.41346153846153844,-0.636674816625917,-0.5070000000000001,-0.04995646999999999,-2025815.0,3115195.0
2,0.2892,0.027200000000000002,0.029400000000000003,0.0461,0.12028491,1.9643605e-07,1.0265569e-05,0.3151,0.3547,0.11520000000000001,0.053000000000000005,0.0303,0.08020000000000001,0.22790000000000002,0.2818,-0.42839429634221954,-0.2578444747612551,0.015075376884422077,0.8280657395701644,0.564818572936115,0.8280657395701644,-0.7250223680286311,0.6377440347071583,1.0808823529411764,0.4600694444444445,3.6059850374064837,0.49348230912476726,-0.43026706231454,0.43026706231454,-0.5977933801404213,-0.44870000000000004,-0.04255797,-2024415.0,3110925.0
2,0.3346,0.034300000000000004,0.037000000000000005,0.0543,0.1045747,2.137959e-07,7.858533e-06,0.3709,0.35960000000000003,0.1482,0.0712,0.0332,0.0946,0.2718,0.33290000000000003,-0.4637037037037037,-0.22573363431151236,-0.054131054131054186,0.8140417457305503,0.6352046876237233,0.8140417457305503,-0.7207508356904088,0.6813996316758748,1.0787172011661808,0.48043184885290147,3.536997885835095,0.46780449961210235,-0.3860811930405965,0.3860811930405965,-0.5577447076084677,-0.53365,-0.05821293999999999,-2024405.0,3112345.0
2,0.2705,0.030000000000000002,0.0352,0.0471,0.1280748,3.2334924e-07,1.0318218e-05,0.3274,0.3516,0.1183,0.0529,0.0359,0.08600000000000001,0.2409,0.29450000000000004,-0.43047158403869407,-0.22178988326848248,0.009845288326300975,0.800332778702163,0.5446691951116729,0.800332778702163,-0.7034005037783376,0.7473460721868365,1.1733333333333333,0.44716821639898563,3.145348837209302,0.4827586206896552,-0.3914609053497942,0.3914609053497942,-0.5733401955738548,-0.417025,-0.03680836,-2024395.0,3113765.0
2,0.3388,0.022600000000000002,0.027700000000000002,0.0451,0.15213898,7.0759654e-08,8.322831e-06,0.3803,0.3931,0.138,0.0563,0.028300000000000002,0.0844,0.28150000000000003,0.34290000000000004,-0.5073730202075369,-0.3323485967503692,0.01071428571428571,0.8749308245711123,0.6508506690877512,0.8749308245711123,-0.7650429799426933,0.6141906873614191,1.2256637168141593,0.40797101449275364,4.014218009478673,0.5775700934579439,-0.4211409395973154,0.4211409395973154,-0.6457117198024247,-0.560675,-0.05918009,-2024395.0,3115185.0
2,0.3347,0.0273,0.028300000000000002,0.0504,0.052866362,7.46727e-08,4.10486e-06,0.3564,0.3472,0.14120000000000002,0.06280000000000001,0.0279,0.09230000000000001,0.2634,0.32330000000000003,-0.4739039665970773,-0.29729729729729726,-0.0071174377224199475,0.8491712707182321,0.6293100097181731,0.8491712707182321,-0.7382498052453909,0.5615079365079365,1.0366300366300367,0.4447592067988669,3.626218851570964,0.5434782608695652,-0.40659802479512497,0.40659802479512497,-0.6022952990509821,-0.54385,-0.05580308000000001,-2022995.0,3110925.0
2,0.2672,0.021,0.025500000000000002,0.040100000000000004,0.07703293,9.2375274e-08,6.7322917e-06,0.3307,0.34600000000000003,0.1326,0.0543,0.0262,0.0772,0.23420000000000002,0.2944,-0.5356108859293572,-0.3126022913256956,0.013539651837524163,0.8542678695350451,0.5382919422604933,0.8542678695350451,-0.7390172469899121,0.6359102244389028,1.2142857142857142,0.40950226244343896,3.461139896373057,0.5723014256619144,-0.3366683341670835,0.3366683341670835,-0.5907608695652175,-0.460375,-0.055851419999999985,-2022985.0,3112345.0
2,0.4615,0.030500000000000003,0.033,0.0632,0.10413807,5.735159e-08,5.236139e-06,0.4716,0.3885,0.1698,0.0732,0.0256,0.10930000000000001,0.3447,0.4329,-0.4575107296137339,-0.34898612593383144,-0.1262798634812287,0.8760162601626015,0.8040443808160344,0.8760162601626015,-0.7591004383457213,0.5221518987341772,1.081967213114754,0.43109540636042404,4.222323879231473,0.5636623748211731,-0.4620624108981467,0.4620624108981467,-0.6532932129722501,-0.7376499999999999,-0.07423538999999998,-2022975.0,3113765.0
2,0.3325,0.027100000000000003,0.032600000000000004,0.049600000000000005,0.103220075,1.2357235e-07,8.5075535e-06,0.3544,0.335,0.12050000000000001,0.0495,0.033,0.08170000000000001,0.256,0.31720000000000004,-0.4168136390358612,-0.29335071707953064,0.006097560975609719,0.8492769744160178,0.6430113545498162,0.8492769744160178,-0.7403820989269826,0.657258064516129,1.2029520295202953,0.4107883817427386,4.069767441860465,0.5018382352941178,-0.467991169977925,0.467991169977925,-0.6531582522073806,-0.5105249999999999,-0.04547825,-2022975.0,3115175.0
2,0.3299,0.025,0.027800000000000002,0.047400000000000005,0.07881209,9.4175334e-08,6.177277e-06,0.3473,0.3618,0.1198,0.052500000000000005,0.0279,0.07970000000000001,0.2485,0.31370000000000003,-0.4330143540669856,-0.3093922651933702,0.0017953321364452316,0.8591152437306282,0.6290309894604373,0.8591152437306282,-0.7487410548635038,0.5864978902953586,1.112,0.43823038397328884,4.139272271016311,0.5224450811843362,-0.4672003557927507,0.4672003557927507,-0.6438419117647058,-0.515125,-0.05001665,-2023025.0,3103825.0
2,0.4345,0.0419,0.044500000000000005,0.0821,0.13389164,1.2515187e-07,7.467401e-06,0.4461,0.43710000000000004,0.1854,0.0908,0.042,0.1285,0.3527,0.4117,-0.3861682242990654,-0.32419354838709685,-0.028901734104046266,0.8240973971452561,0.772362533742558,0.8240973971452561,-0.6821525358110725,0.5420219244823387,1.0620525059665873,0.48975188781014023,3.3813229571984436,0.5082159624413146,-0.4018390062913373,0.4018390062913373,-0.5661271865293444,-0.6574,-0.06202595,-2023025.0,3105245.0
2,0.37020000000000003,0.036500000000000005,0.0374,0.060700000000000004,0.13695943,1.0590553e-07,1.0139832e-05,0.399,0.4032,0.1558,0.0734,0.036500000000000005,0.10360000000000001,0.3034,0.3634,-0.4392609699769053,-0.24897119341563784,-0.012178619756427577,0.8205065158593556,0.6793000687705357,0.8205065158593556,-0.7182640983987003,0.6161449752883031,1.0246575342465754,0.47111681643132225,3.5733590733590734,0.47894361170592437,-0.4076045627376426,0.4076045627376426,-0.5752657004830918,-0.5815000000000001,-0.05745842999999998,-2023015.0,3106665.0
2,0.39990000000000003,0.023,0.0253,0.0483,0.099557504,6.645918e-08,4.7071053e-06,0.4313,0.41090000000000004,0.1802,0.0766,0.025400000000000002,0.0978,0.3224,0.39380000000000004,-0.5772428884026257,-0.3548387096774194,0.0019723865877712596,0.8912272404823834,0.7245113674294404,0.8912272404823834,-0.784471218206158,0.5238095238095237,1.1,0.42508324084350724,4.088957055214724,0.6192052980132451,-0.3787278055507671,0.3787278055507671,-0.6204268292682926,-0.7049500000000001,-0.08649177000000002,-2023005.0,3108085.0
2,0.3985,0.0297,0.0333,0.057,0.06779018,1.00183485e-07,4.2027636e-06,0.41540000000000005,0.3899,0.1461,0.0625,0.030000000000000002,0.1005,0.3059,0.3804,-0.4387001477104875,-0.314878892733564,-0.05213270142180095,0.8612797758056983,0.7283997136289989,0.8612797758056983,-0.7497255762897914,0.5842105263157895,1.1212121212121213,0.4277891854893908,3.9651741293532337,0.543778801843318,-0.46345941975762034,0.46345941975762034,-0.6480916030534352,-0.625475,-0.05737454999999996,-2023005.0,3109505.0
3,0.4889,0.042300000000000004,0.048600000000000004,0.0845,0.10200602,2.2270083e-07,4.744487e-06,0.5203,0.4328,0.2195,0.1066,0.0415,0.1366,0.397,0.48510000000000003,-0.4440789473684211,-0.3328075709779179,-0.07880133185349612,0.8407379518072289,0.8561529531272675,0.8407379518072289,-0.7052668294384373,0.5751479289940828,1.1489361702127658,0.4856492027334852,3.5790629575402635,0.5271101173840134,-0.38029361942405415,0.38029361942405415,-0.5661421911421911,-0.7760999999999999,-0.08772516,-2021615.0,3103815.0
3,0.318,0.054700000000000006,0.044700000000000004,0.07830000000000001,0.15117659,3.3583342e-07,9.185315e-06,0.3396,0.3385,0.2051,0.1063,0.038900000000000004,0.1328,0.2651,0.3048,-0.44742413549753,-0.1774436090225564,-0.069377990430622,0.7064663268044002,0.5647049849345894,0.7064663268044002,-0.6048448145344436,0.5708812260536398,0.8171846435100548,0.5182837640175524,2.394578313253012,0.41653333333333337,-0.21582871343911297,0.21582871343911297,-0.38514416650754246,-0.517625,-0.061622769999999986,-2021605.0,3105235.0
3,0.3673,0.034,0.0297,0.0668,0.0737721,7.852316e-08,4.773117e-06,0.3799,0.3682,0.1733,0.0775,0.0245,0.11560000000000001,0.2942,0.3482,-0.44356518117451066,-0.32539682539682535,-0.0959409594095941,0.8305507101918765,0.6557042749619962,0.8305507101918765,-0.6922368117945173,0.4446107784431138,0.8735294117647059,0.447201384881708,3.1773356401384083,0.5454545454545454,-0.3588605253422124,0.3588605253422124,-0.5614552605703048,-0.5948249999999999,-0.059788879999999975,-2021595.0,3106655.0
2,0.3115,0.041,0.038700000000000005,0.0543,0.092804484,3.4723877e-07,6.2451186e-06,0.3301,0.3544,0.1683,0.08120000000000001,0.0258,0.0869,0.2401,0.29410000000000003,-0.5121293800539083,-0.13955928646379853,-0.20000000000000007,0.7673758865248228,0.582166107713553,0.7673758865248228,-0.7031164570803717,0.7127071823204421,0.9439024390243903,0.4824717765894237,3.58457997698504,0.35887412040656763,-0.29845769070446015,0.29845769070446015,-0.4826418289585097,-0.52495,-0.07108191,-2021585.0,3108075.0
2,0.3552,0.0247,0.031900000000000005,0.0531,0.11334401,9.6619125e-08,6.1781207e-06,0.4499,0.42210000000000003,0.17120000000000002,0.0697,0.0286,0.1042,0.3311,0.4103,-0.52652697280428,-0.36503856041131105,-0.05454545454545461,0.8699657804685443,0.6829094648578097,0.8699657804685443,-0.739897134459956,0.60075329566855,1.2914979757085023,0.40712616822429903,3.4088291746641075,0.6167571761055081,-0.3495440729483283,0.3495440729483283,-0.6078920041536865,-0.6075249999999999,-0.07038817999999998,-2021585.0,3109495.0
2,0.30670000000000003,0.0245,0.027800000000000002,0.046200000000000005,0.14710361,8.4424016e-08,1.0609022e-05,0.2993,0.2967,0.1184,0.0512,0.0229,0.0731,0.22160000000000002,0.27040000000000003,-0.4386391251518833,-0.3069306930693069,-0.09664694280078898,0.8520531400966183,0.5960889816896884,0.8520531400966183,-0.738169453102862,0.6017316017316017,1.1346938775510205,0.43243243243243246,4.19562243502052,0.4979508196721312,-0.4429545989179017,0.4429545989179017,-0.6309117503656754,-0.48155000000000003,-0.048189590000000025,-2024385.0,3116605.0
2,0.2589,0.0408,0.0463,0.0599,0.10982588,8.0543754e-07,9.8033e-06,0.262,0.28800000000000003,0.117,0.060700000000000004,0.0352,0.08070000000000001,0.1952,0.23500000000000001,-0.3227812323346524,-0.18967229394240315,-0.1361963190184049,0.7277277277277278,0.524406589130529,0.7277277277277278,-0.624215809284818,0.7729549248747913,1.1348039215686274,0.5188034188034188,3.20817843866171,0.32839506172839505,-0.3774940143655228,0.3774940143655228,-0.5008605851979345,-0.3526249999999999,-0.03135631999999999,-2024375.0,3118025.0
2,0.34690000000000004,0.0337,0.042300000000000004,0.060000000000000005,0.14699574,4.1519402e-07,1.0288107e-05,0.343,0.37320000000000003,0.129,0.055400000000000005,0.040100000000000004,0.08650000000000001,0.24400000000000002,0.3103,-0.3650793650793651,-0.28068303094983993,-0.026699029126213598,0.8229111928533893,0.6766651783902261,0.8229111928533893,-0.7050872450233473,0.7050000000000001,1.255192878338279,0.4294573643410853,4.010404624277457,0.4392678868552413,-0.4578693002731667,0.4578693002731667,-0.6274304829604851,-0.5077,-0.044207819999999995,-2024365.0,3119445.0
2,0.3602,0.028900000000000002,0.0324,0.0528,0.08231952,1.3480782e-07,6.1530322e-06,0.3493,0.3407,0.1383,0.0579,0.027700000000000002,0.0877,0.25520000000000004,0.3166,-0.4474097331240189,-0.29253365973072215,-0.0782029950083194,0.8514520688768955,0.6753448008678135,0.8514520688768955,-0.7443099273607747,0.6136363636363636,1.121107266435986,0.41865509761388287,4.1071835803876855,0.5042881646655231,-0.44513540621865594,0.44513540621865594,-0.6378806841885691,-0.5688750000000001,-0.05480393999999999,-2022965.0,3116595.0
2,0.30720000000000003,0.026500000000000003,0.030600000000000002,0.0482,0.12021085,8.507967e-08,1.1478093e-05,0.3224,0.3044,0.1216,0.051800000000000006,0.0316,0.0809,0.2336,0.2903,-0.4322732626619552,-0.2904953145917001,0.016077170418006444,0.8411747078213964,0.5995795261583245,0.8411747078213964,-0.7287563308947664,0.6348547717842324,1.1547169811320754,0.4259868421052632,3.7972805933250933,0.5065176908752328,-0.43283582089552247,0.43283582089552247,-0.6236481614996396,-0.47914999999999996,-0.045176610000000006,-2022955.0,3118015.0
2,0.2811,0.0292,0.0354,0.0519,0.19214316,2.6883185e-07,1.7681648e-05,0.3236,0.3417,0.12810000000000002,0.058100000000000006,0.0424,0.0873,0.2378,0.2921,-0.4233333333333334,-0.279901356350185,0.08997429305912595,0.8117950370609088,0.565628149143433,0.8117950370609088,-0.6882882882882883,0.6820809248554913,1.2123287671232876,0.453551912568306,3.2199312714776633,0.4987124463519313,-0.37390029325513197,0.37390029325513197,-0.5676077265973255,-0.434125,-0.04222322,-2022945.0,3119435.0
2,0.3453,0.030100000000000002,0.035,0.055400000000000005,0.07943363,1.4261006e-07,6.101606e-06,0.3604,0.3406,0.1317,0.0562,0.0364,0.0946,0.2665,0.3265,-0.40780331373597006,-0.295906432748538,0.019607843137254877,0.8396377197655833,0.6594506886180148,0.8396377197655833,-0.7234839031694534,0.631768953068592,1.1627906976744187,0.42672741078208043,3.650105708245243,0.5172413793103449,-0.4477987421383648,0.4477987421383648,-0.6300900128589799,-0.52795,-0.04428654999999999,-2021545.0,3116595.0
2,0.2884,0.0207,0.024,0.038700000000000005,0.068745375,9.1201066e-08,5.9679596e-06,0.3145,0.329,0.12040000000000001,0.0528,0.024900000000000002,0.07490000000000001,0.22690000000000002,0.27790000000000004,-0.5135135135135134,-0.3030303030303031,0.018404907975460155,0.8660627628599159,0.5681486289144897,0.8660627628599159,-0.7633751146438398,0.6201550387596898,1.1594202898550725,0.43853820598006643,3.8504672897196257,0.5669456066945607,-0.410958904109589,0.410958904109589,-0.6190722985229333,-0.47924999999999995,-0.05250821999999998,-2021535.0,3118015.0
2,0.21660000000000001,0.0341,0.0427,0.0505,0.19635762,1.0775566e-06,1.5451224e-05,0.2746,0.3189,0.11800000000000001,0.0604,0.044700000000000004,0.0766,0.20020000000000002,0.2464,-0.40059347181008903,-0.19385342789598112,0.02288329519450803,0.7279617072197846,0.4608746991234843,0.7279617072197846,-0.6218644702358668,0.8455445544554455,1.2521994134897363,0.511864406779661,2.8276762402088775,0.38392050587172544,-0.29468021518230725,0.29468021518230725,-0.4657998869417751,-0.31785,-0.03597716000000002,-2021535.0,3119425.0
2,0.38420000000000004,0.0359,0.044000000000000004,0.0654,0.15664996,1.6211867e-07,1.0948655e-05,0.3881,0.3579,0.15510000000000002,0.06760000000000001,0.0439,0.10200000000000001,0.2939,0.3534,-0.4068027210884354,-0.2912142152023692,-0.0011376564277588493,0.8290883123065937,0.7282608695652174,0.8290883123065937,-0.7090747330960854,0.6727828746177371,1.2256267409470754,0.43584784010315925,3.7666666666666666,0.4793328498912255,-0.4248099388095679,0.4248099388095679,-0.61068271581719,-0.5845500000000001,-0.05318324999999998,-2020125.0,3116585.0
3,0.4254,0.0442,0.040100000000000004,0.0777,0.09214422,1.4673769e-07,5.030894e-06,0.4519,0.3986,0.22260000000000002,0.1063,0.0383,0.1476,0.3519,0.4184,-0.4825174825174826,-0.2748154224774405,-0.022959183673469427,0.81175468483816,0.7333884951613482,0.81175468483816,-0.6911150864639237,0.5160875160875161,0.9072398190045249,0.4775381850853549,2.882113821138211,0.5391032325338895,-0.31296296296296294,0.31296296296296294,-0.5113636363636362,-0.7110749999999999,-0.07727545999999998,-2021625.0,3100985.0
3,0.27890000000000004,0.054400000000000004,0.043500000000000004,0.0708,0.10805298,2.378732e-07,6.660792e-06,0.3143,0.33530000000000004,0.2121,0.116,0.0378,0.1308,0.2514,0.2846,-0.4994697773064687,-0.13099041533546324,-0.0701107011070111,0.6735673567356736,0.5025995856299599,0.6735673567356736,-0.5950814984272235,0.614406779661017,0.7996323529411765,0.5469118340405469,2.1322629969418965,0.41252699784017277,-0.13604887983706726,0.13604887983706726,-0.30844155844155846,-0.487,-0.06860538999999999,-2021615.0,3102395.0
3,0.35750000000000004,0.0252,0.024900000000000002,0.0601,0.04694161,5.7190654e-08,3.3206231e-06,0.3543,0.368,0.1371,0.056600000000000004,0.0206,0.0988,0.26830000000000004,0.323,-0.3904665314401623,-0.4091441969519343,-0.09450549450549454,0.868304154690358,0.6570218238208707,0.868304154690358,-0.7121647509578545,0.41430948419301167,0.9880952380952381,0.412837345003647,3.618421052631579,0.5935483870967742,-0.4456126162555601,0.4456126162555601,-0.6475657044377422,-0.5526,-0.0469633,-2020215.0,3098135.0
2,0.4082,0.0287,0.0268,0.0517,0.09103124,1.8545687e-07,5.104116e-06,0.3951,0.3753,0.17550000000000002,0.0779,0.027700000000000002,0.09680000000000001,0.2992,0.3619,-0.5448943661971831,-0.28606965174129356,0.016513761467889933,0.8686198214694438,0.71900826446281,0.8686198214694438,-0.7751685148945422,0.5183752417794971,0.9337979094076655,0.4438746438746438,4.21694214876033,0.5426294820717132,-0.39866369710467703,0.39866369710467703,-0.6063515509601183,-0.700025,-0.08161902999999998,-2020215.0,3099555.0
2,0.34700000000000003,0.0247,0.0263,0.0506,0.090395875,6.7239995e-08,6.0715265e-06,0.3733,0.37510000000000004,0.16240000000000002,0.068,0.0279,0.09570000000000001,0.276,0.3361,-0.5248826291079812,-0.3439575033200531,0.029520295202952043,0.8670971213344095,0.649331638352787,0.8670971213344095,-0.745472837022133,0.5197628458498024,1.0647773279352226,0.4187192118226601,3.625914315569488,0.5897009966777409,-0.3623871221044366,0.3623871221044366,-0.6021459227467811,-0.5943,-0.06815292,-2020205.0,3100975.0
3,0.3169,0.024300000000000002,0.0257,0.048400000000000006,0.06114309,7.992089e-08,3.999712e-06,0.34740000000000004,0.36160000000000003,0.15030000000000002,0.0661,0.0316,0.09330000000000001,0.26430000000000003,0.31620000000000004,-0.5128334172118773,-0.3314993122420908,0.1029668411867365,0.8575615474794842,0.6047088468049923,0.8575615474794842,-0.735012318642212,0.53099173553719,1.0576131687242798,0.4397870924817032,3.3965702036441585,0.5867346938775511,-0.3565924657534246,0.3565924657534246,-0.582448036951501,-0.5375750000000001,-0.059606050000000015,-2020195.0,3102395.0
3,0.39430000000000004,0.02,0.0198,0.0438,0.059738908,5.7181715e-08,3.6169972e-06,0.4273,0.402,0.1613,0.0645,0.025900000000000003,0.09960000000000001,0.3201,0.39390000000000003,-0.5728912725499756,-0.3730407523510972,0.13347921225382933,0.9034516051170649,0.7070947430077611,0.9034516051170649,-0.8000456516776991,0.452054794520548,0.9900000000000001,0.39987600743955365,3.958835341365462,0.6655518394648829,-0.4193664506839453,0.4193664506839453,-0.6610509426393902,-0.6879750000000002,-0.07328990999999999,-2018795.0,3098125.0
3,0.4279,0.07100000000000001,0.054200000000000005,0.1097,0.16029294,1.8119812e-07,7.466953e-06,0.4756,0.4334,0.2519,0.12340000000000001,0.0424,0.19,0.3875,0.4364,-0.39325221238938046,-0.21416712783619254,-0.12215320910973089,0.7153738224093005,0.6900303993367417,0.7153738224093005,-0.5918898809523809,0.49407474931631723,0.7633802816901408,0.48987693529178244,2.252105263157895,0.4559386973180076,-0.2588996763754045,0.2588996763754045,-0.4252771618625277,-0.6603999999999998,-0.05554024000000003,-2018795.0,3099545.0
3,0.3306,0.048600000000000004,0.0438,0.078,0.11779437,2.8445422e-07,8.190797e-06,0.35400000000000004,0.3768,0.1874,0.09340000000000001,0.043500000000000004,0.1296,0.2805,0.322,-0.41220798794272795,-0.23222748815165875,-0.003436426116838427,0.7436708860759494,0.6012986009121125,0.7436708860759494,-0.6182085168869309,0.5615384615384615,0.9012345679012345,0.4983991462113127,2.550925925925926,0.4545454545454545,-0.27644787644787644,0.27644787644787644,-0.4500387296669249,-0.51485,-0.05157222000000001,-2018785.0,3100965.0
3,0.4067,0.0324,0.0357,0.0632,0.09122834,2.6007294e-07,6.037987e-06,0.40490000000000004,0.371,0.1751,0.0819,0.0392,0.1124,0.3088,0.3718,-0.46957616449853123,-0.3221757322175733,0.04672897196261677,0.852425415622865,0.7382532718341023,0.852425415622865,-0.7310065971483295,0.564873417721519,1.101851851851852,0.4677327241576242,3.618327402135231,0.5524861878453039,-0.3980749398418701,0.3980749398418701,-0.5893659062331598,-0.658525,-0.06904695000000002,-2018775.0,3102385.0
2,0.2859,0.030600000000000002,0.0356,0.0507,0.09328795,2.3644566e-07,6.768317e-06,0.34900000000000003,0.3528,0.1433,0.0668,0.040400000000000005,0.09340000000000001,0.2576,0.3174,-0.47731958762886606,-0.2472324723247232,0.06315789473684216,0.8066350710900473,0.5689397089397089,0.8066350710900473,-0.6987522281639929,0.7021696252465482,1.1633986928104574,0.46615491974877876,3.0610278372591,0.5064516129032258,-0.33224603914259077,0.33224603914259077,-0.5349725471472906,-0.46475,-0.05124478999999998,-2021575.0,3110915.0
2,0.28650000000000003,0.025400000000000002,0.0327,0.046400000000000004,0.1062369,2.5408565e-07,9.43064e-06,0.2869,0.3199,0.1053,0.0449,0.0362,0.0718,0.2091,0.2554,-0.3882663150955834,-0.2924791086350975,0.0507982583454282,0.8371272843860214,0.578770996523269,0.8371272843860214,-0.7212376088915591,0.7047413793103448,1.2874015748031495,0.4264007597340931,3.9902506963788302,0.47736625514403286,-0.4624808575803982,0.4624808575803982,-0.6390243902439025,-0.42777500000000007,-0.03653012,-2021565.0,3112335.0
2,0.2912,0.020900000000000002,0.0238,0.0392,0.05434718,6.504059e-08,4.4541434e-06,0.32370000000000004,0.3401,0.1121,0.0459,0.0257,0.0721,0.2225,0.2863,-0.4818241903502975,-0.3044925124792013,0.03838383838383836,0.8660685677667412,0.5711170341652532,0.8660685677667412,-0.7627118644067796,0.6071428571428572,1.138755980861244,0.40945584299732385,4.038834951456311,0.5505376344086022,-0.4440862881229854,0.4440862881229854,-0.6500785751702461,-0.47167499999999996,-0.048635600000000015,-2021565.0,3113755.0
2,0.3266,0.0296,0.035300000000000005,0.0517,0.09198494,1.6832351e-07,8.051203e-06,0.3371,0.3467,0.13490000000000002,0.059800000000000006,0.0292,0.0862,0.2474,0.3057,-0.4458735262593784,-0.27183271832718325,-0.09457364341085278,0.8338012352610892,0.6348783734721046,0.8338012352610892,-0.726671953476077,0.6827852998065764,1.1925675675675678,0.44329132690882134,3.788863109048724,0.48877374784110533,-0.41538461538461535,0.41538461538461535,-0.603811212054066,-0.51275,-0.051548750000000004,-2021555.0,3115175.0
2,0.384,0.030600000000000002,0.0374,0.058100000000000006,0.13718559,7.936358e-08,7.207003e-06,0.4117,0.38980000000000004,0.1618,0.0689,0.0371,0.1009,0.31020000000000003,0.3748,-0.4715779899954524,-0.31003382187147693,-0.004026845637583914,0.8523878437047756,0.7220884158185068,0.8523878437047756,-0.7371635376611627,0.6437177280550774,1.2222222222222223,0.4258343634116193,3.8057482656095143,0.5346007604562738,-0.4071088310736533,0.4071088310736533,-0.6179688999808024,-0.618825,-0.06324685999999999,-2020155.0,3110905.0
2,0.34800000000000003,0.0304,0.033800000000000004,0.0567,0.08602501,1.2640356e-07,6.830975e-06,0.3398,0.3151,0.1335,0.0565,0.0281,0.0906,0.2556,0.3108,-0.4037854889589906,-0.3019517795637199,-0.0920840064620356,0.839323467230444,0.6575299553606392,0.839323467230444,-0.7197924388435878,0.5961199294532629,1.111842105263158,0.4232209737827715,3.841059602649007,0.4975206611570248,-0.4454828660436137,0.4454828660436137,-0.6291871132920845,-0.532575,-0.04640522999999999,-2020145.0,3112325.0
2,0.2974,0.023,0.027100000000000003,0.041600000000000005,0.06589769,7.195472e-08,5.9998183e-06,0.30410000000000004,0.323,0.1272,0.0531,0.0244,0.0734,0.22080000000000002,0.2728,-0.5071090047393365,-0.2879256965944273,-0.05242718446601943,0.8564294631710361,0.5847502333319806,0.8564294631710361,-0.7545722713864306,0.6514423076923077,1.1782608695652175,0.41745283018867924,4.051771117166212,0.5228215767634855,-0.400847856806406,0.400847856806406,-0.6200698951572641,-0.492525,-0.0544462,-2020145.0,3113745.0
2,0.32,0.0246,0.0303,0.0502,0.077279136,1.04165075e-07,6.3985094e-06,0.3282,0.3396,0.1293,0.0546,0.026600000000000002,0.0818,0.2437,0.29500000000000004,-0.44066852367688025,-0.3422459893048128,-0.06502636203866428,0.8572257690075449,0.6251461281090015,0.8572257690075449,-0.7287952458130739,0.603585657370518,1.2317073170731707,0.4222737819025522,3.9119804400977998,0.5375939849624061,-0.42443801468951703,0.42443801468951703,-0.6311990686845169,-0.5045,-0.050233459999999994,-2020135.0,3115165.0
2,0.3674,0.0328,0.0322,0.058100000000000006,0.08031323,6.774664e-08,5.3673525e-06,0.40540000000000004,0.40230000000000005,0.16390000000000002,0.07,0.0304,0.0955,0.2923,0.368,-0.47657657657657654,-0.27832783278327833,-0.028753993610223634,0.8360819590204898,0.6696151810690254,0.8360819590204898,-0.7269095182138661,0.5542168674698794,0.9817073170731706,0.42708968883465526,3.8471204188481676,0.48869836321122373,-0.3830227743271221,0.3830227743271221,-0.5907643312101911,-0.6020000000000001,-0.06829283,-2018735.0,3110905.0
2,0.38,0.0361,0.041,0.06380000000000001,0.124973156,1.799494e-07,8.444603e-06,0.3921,0.3694,0.138,0.0616,0.0379,0.1048,0.2889,0.35910000000000003,-0.36769078295341917,-0.2772772772772773,-0.03929024081115334,0.8264840182648401,0.7089442246528586,0.8264840182648401,-0.7124831004957187,0.6426332288401253,1.1357340720221607,0.4463768115942029,3.6259541984732824,0.4875798438608943,-0.46718146718146714,0.46718146718146714,-0.6232889917100444,-0.5611,-0.04348387999999999,-2018725.0,3112315.0
3,0.2998,0.029900000000000003,0.030100000000000002,0.0541,0.06831695,1.3000965e-07,4.710806e-06,0.332,0.37260000000000004,0.1589,0.06960000000000001,0.035500000000000004,0.0949,0.2523,0.2997,-0.492018779342723,-0.28809523809523807,0.08231707317073172,0.818622990597513,0.5740954964298537,0.818622990597513,-0.6942639163605538,0.55637707948244,1.0066889632107023,0.4380113278791693,3.159114857744995,0.5208333333333334,-0.30717244386309134,0.30717244386309134,-0.536562645551933,-0.5053000000000001,-0.05817954,-2020195.0,3103815.0
3,0.3561,0.0455,0.038400000000000004,0.0698,0.103997946,2.5737285e-07,5.859919e-06,0.39380000000000004,0.3694,0.21450000000000002,0.1022,0.029500000000000002,0.1321,0.3089,0.3573,-0.5089693985226874,-0.21075455333911536,-0.1310751104565538,0.7734063745019921,0.6298933711132654,0.7734063745019921,-0.6722235266494482,0.5501432664756447,0.8439560439560441,0.4764568764568764,2.6956850870552613,0.48761261261261263,-0.24815983175604628,0.24815983175604628,-0.4551825894503873,-0.61745,-0.07476124,-2020185.0,3105235.0
3,0.3672,0.044500000000000005,0.0402,0.08510000000000001,0.08498988,9.912252e-08,4.475813e-06,0.41400000000000003,0.4224,0.1859,0.0862,0.039,0.1509,0.33530000000000004,0.38,-0.37195571955719553,-0.3132716049382716,-0.015151515151515148,0.7838231722127764,0.6554363322578225,0.7838231722127764,-0.6237010833517577,0.472385428907168,0.9033707865168539,0.4636901559978483,2.433399602385686,0.5445240532241555,-0.3277888266136323,0.3277888266136323,-0.5142166883478908,-0.55515,-0.03945507,-2020175.0,3106655.0
3,0.2995,0.0352,0.039900000000000005,0.060200000000000004,0.0692388,1.5568435e-07,5.221332e-06,0.3049,0.3435,0.14980000000000002,0.06960000000000001,0.038900000000000004,0.0872,0.2295,0.2787,-0.4266666666666667,-0.26205450733752617,-0.012690355329949249,0.7896623842246787,0.5890049114697264,0.7896623842246787,-0.6652766194050597,0.6627906976744187,1.1335227272727273,0.46461949265687585,3.4346330275229358,0.4248366013071895,-0.33318495437346973,0.33318495437346973,-0.5281404772624944,-0.46615000000000006,-0.0530129,-2020175.0,3108065.0
2,0.4693,0.0367,0.042100000000000005,0.069,0.09406877,1.6219019e-07,5.7258426e-06,0.44110000000000005,0.4087,0.15940000000000001,0.06720000000000001,0.0357,0.10540000000000001,0.3345,0.4097,-0.3957968476357268,-0.30558183538315986,-0.0822622107969152,0.8549407114624505,0.8273339399454048,0.8549407114624505,-0.7436373769273639,0.610144927536232,1.1471389645776566,0.4215809284818068,4.452561669829222,0.4834623504574244,-0.492921902338158,0.492921902338158,-0.662278563302454,-0.71165,-0.06108160000000001,-2020165.0,3109485.0
3,0.3262,0.0621,0.0495,0.0785,0.17315188,8.7289806e-07,1.0177412e-05,0.33380000000000004,0.3466,0.20600000000000002,0.1105,0.0449,0.12610000000000002,0.2591,0.3015,-0.44815465729349735,-0.11664295874822189,-0.04872881355932203,0.6801442183878444,0.5675115814846898,0.6801442183878444,-0.6120583148010872,0.6305732484076434,0.7971014492753623,0.5364077669902912,2.586835844567803,0.34006376195536664,-0.22585494175122128,0.22585494175122128,-0.3704176545686667,-0.524925,-0.06519456,-2018775.0,3103805.0
3,0.3174,0.059300000000000005,0.046700000000000005,0.0796,0.12409028,6.77225e-07,8.1549515e-06,0.3284,0.32830000000000004,0.2227,0.1211,0.0342,0.1287,0.2571,0.2952,-0.47337082368508104,-0.14614830813534913,-0.1545117428924599,0.685160605256172,0.554971843229147,0.685160605256172,-0.5989924433249371,0.5866834170854272,0.7875210792580102,0.5437808711270767,2.466200466200466,0.36914893617021277,-0.1753379003888169,0.1753379003888169,-0.33737373737373744,-0.534175,-0.07698763999999997,-2018765.0,3105225.0
3,0.375,0.0427,0.038900000000000004,0.0782,0.09167096,1.6675591e-07,5.2613873e-06,0.4127,0.3925,0.2031,0.0965,0.033800000000000004,0.1529,0.33390000000000003,0.37870000000000004,-0.4440099537859936,-0.293631100082713,-0.07015130674002751,0.7955470433325352,0.6680353876591139,0.7955470433325352,-0.6548984995586937,0.49744245524296676,0.9110070257611241,0.4751354012801576,2.4525833878351864,0.5633946830265849,-0.2973533990659055,0.2973533990659055,-0.496655216054963,-0.6086250000000002,-0.05480043999999998,-2018755.0,3106645.0
1,0.458,0.0325,0.0359,0.0683,0.088296875,1.1640489e-07,5.37695e-06,0.45530000000000004,0.41540000000000005,0.1899,0.0849,0.031400000000000004,0.1165,0.3523,0.4233,-0.47095274980635177,-0.3551587301587301,-0.0668647845468053,0.8674821610601426,0.8039747064137308,0.8674821610601426,-0.7404522135664071,0.5256222547584187,1.1046153846153846,0.4470774091627172,3.9313304721030042,0.5637583892617449,-0.41379842568297576,0.41379842568297576,-0.6159005398331425,-0.743975,-0.07874038,-2018755.0,3108065.0
2,0.33790000000000003,0.0391,0.0419,0.0613,0.12942548,2.9030443e-07,8.032554e-06,0.3771,0.4098,0.1817,0.0843,0.0386,0.10110000000000001,0.28300000000000003,0.3427,-0.4954732510288066,-0.22111553784860555,-0.04099378881987574,0.7925729442970821,0.6402940592092192,0.7925729442970821,-0.6928857715430861,0.6835236541598695,1.0716112531969308,0.46395156851953767,3.3422354104846685,0.442225392296719,-0.3006158583525789,0.3006158583525789,-0.5095389507154212,-0.5631750000000002,-0.07085846,-2018745.0,3109485.0
2,0.398,0.029500000000000002,0.035,0.0587,0.087526105,1.685202e-07,5.040711e-06,0.38820000000000005,0.34490000000000004,0.1358,0.057,0.030600000000000002,0.09340000000000001,0.28290000000000004,0.3509,-0.39640102827763496,-0.3310657596371882,-0.06707317073170734,0.8619883040935672,0.7356190476190477,0.8619883040935672,-0.7429384716444056,0.596252129471891,1.1864406779661016,0.41973490427098675,4.261241970021413,0.5199349064279903,-0.4911952041963281,0.4911952041963281,-0.6669874879692012,-0.6047000000000001,-0.05252677999999998,-2018725.0,3113735.0
2,0.3322,0.0328,0.0385,0.0557,0.06596139,1.7504989e-07,5.3798517e-06,0.3204,0.3256,0.1262,0.0574,0.0302,0.08460000000000001,0.23450000000000001,0.28500000000000003,-0.3875755909840572,-0.25875706214689265,-0.12081513828238717,0.8202739726027397,0.6431767788752267,0.8202739726027397,-0.7128125805620004,0.6912028725314183,1.1737804878048779,0.45483359746434227,3.9267139479905433,0.44122657580919933,-0.44938917975567183,0.44938917975567183,-0.6085918854415274,-0.49550000000000005,-0.044818900000000016,-2018715.0,3115155.0
2,0.39980000000000004,0.024200000000000003,0.028900000000000002,0.049,0.07204279,6.341636e-08,4.524098e-06,0.4183,0.39830000000000004,0.1519,0.061500000000000006,0.0296,0.08710000000000001,0.2988,0.3794,-0.5121951219512195,-0.33879781420765026,0.011965811965811953,0.8858490566037736,0.7342744212309429,0.8858490566037736,-0.7816399286987523,0.5897959183673469,1.1942148760330578,0.4048716260697828,4.590126291618829,0.5651392632524709,-0.4493384085553743,0.4493384085553743,-0.6667962674961119,-0.6607750000000001,-0.07230097999999999,-2017315.0,3110895.0
2,0.3302,0.022600000000000002,0.0251,0.045700000000000005,0.06163501,7.15971e-08,4.5491474e-06,0.3568,0.3594,0.13190000000000002,0.054700000000000006,0.0223,0.0799,0.2548,0.3189,-0.48536036036036034,-0.3382137628111274,-0.05907172995780592,0.8718820861678004,0.6284685530898987,0.8718820861678004,-0.756850226123969,0.549234135667396,1.1106194690265485,0.41470811220621684,4.132665832290363,0.5590243902439024,-0.4291278943951525,0.4291278943951525,-0.6426259824318078,-0.540125,-0.058481350000000015,-2017315.0,3112315.0
2,0.35400000000000004,0.0334,0.0409,0.0661,0.11143777,2.3896695e-07,9.676762e-06,0.318,0.3169,0.1268,0.056,0.031900000000000005,0.0902,0.23620000000000002,0.28500000000000003,-0.31467081389320883,-0.3286432160804021,-0.12362637362637353,0.8275684047496129,0.6825632188514408,0.8275684047496129,-0.685313020709355,0.6187594553706505,1.2245508982035929,0.44164037854889593,3.9246119733924614,0.4595469255663431,-0.4725457570715475,0.4725457570715475,-0.63080735081561,-0.50105,-0.038972799999999995,-2017305.0,3113735.0
2,0.3619,0.026600000000000002,0.029500000000000002,0.0517,0.070942625,8.1855056e-08,5.016907e-06,0.33630000000000004,0.3083,0.13,0.0529,0.0221,0.08710000000000001,0.2439,0.3023,-0.4309301045679692,-0.32056194125159637,-0.14341085271317827,0.863063063063063,0.6753701211305517,0.863063063063063,-0.7499999999999999,0.5705996131528046,1.1090225563909775,0.40692307692307694,4.154994259471871,0.5321020228671944,-0.47143728400081314,0.47143728400081314,-0.6623486939902314,-0.5658749999999999,-0.05060892,-2017295.0,3115145.0
2,0.25730000000000003,0.0184,0.0253,0.0386,0.07584071,1.1701584e-07,6.201229e-06,0.32170000000000004,0.3493,0.1139,0.046400000000000004,0.0304,0.07390000000000001,0.23800000000000002,0.2914,-0.49377049180327875,-0.35438596491228075,0.09156193895870737,0.8665215814290895,0.5304554522687721,0.8665215814290895,-0.7391010476512335,0.655440414507772,1.375,0.4073748902546093,3.4817320703653585,0.6013001083423619,-0.3863146551724138,0.3863146551724138,-0.6269430051813472,-0.4234,-0.04397155,-2015895.0,3110885.0
2,0.3346,0.0323,0.0412,0.0611,0.10662356,3.4626424e-07,7.99073e-06,0.3507,0.3679,0.13970000000000002,0.0655,0.0397,0.0918,0.2644,0.3246,-0.3914342629482072,-0.30835117773019266,-0.018541409147095195,0.8239302262196784,0.6595046744300476,0.8239302262196784,-0.6911801870103614,0.67430441898527,1.2755417956656345,0.4688618468146027,3.644880174291939,0.4794520547945205,-0.41092135779042793,0.41092135779042793,-0.5869932432432433,-0.501125,-0.04897462,-2015895.0,3112305.0
2,0.3791,0.0396,0.0417,0.06810000000000001,0.11446218,1.1246204e-07,6.78668e-06,0.4116,0.38830000000000003,0.16140000000000002,0.07540000000000001,0.0358,0.1194,0.3163,0.3795,-0.40653594771241824,-0.2646239554317549,-0.07612903225806456,0.8108430857415809,0.6964607538632617,0.8108430857415809,-0.695438282647585,0.6123348017621145,1.053030303030303,0.46716232961586124,3.175041876046901,0.5018867924528302,-0.4027752081406105,0.4027752081406105,-0.5707353490108248,-0.57995,-0.04962424000000001,-2015885.0,3113725.0
2,0.3175,0.0332,0.0413,0.056400000000000006,0.13477957,2.8233526e-07,9.465816e-06,0.3395,0.35550000000000004,0.1359,0.0645,0.038400000000000004,0.0878,0.2529,0.3108,-0.4134165366614664,-0.25892857142857145,-0.03638644918444165,0.8106643855146849,0.6301420937072787,0.8106643855146849,-0.6983150575020058,0.7322695035460993,1.243975903614458,0.4746136865342164,3.6161731207289294,0.45123966942148763,-0.40052933392148216,0.40052933392148216,-0.571960569550931,-0.48167499999999996,-0.048745319999999974,-2015875.0,3115145.0
2,0.34990000000000004,0.0403,0.0426,0.0644,0.08844429,2.0365118e-07,6.4331693e-06,0.38530000000000003,0.3793,0.15380000000000002,0.0721,0.039400000000000004,0.11280000000000001,0.2928,0.34750000000000003,-0.40971585701191576,-0.23018147086914992,-0.03902439024390237,0.7934392619169657,0.6559110202798302,0.7934392619169657,-0.6891141684769491,0.6614906832298136,1.0570719602977667,0.46879063719115727,3.101950354609929,0.4735467015022861,-0.3893190391105817,0.3893190391105817,-0.5547633194692019,-0.5339250000000001,-0.04587034999999997,-2020115.0,3118005.0
2,0.35600000000000004,0.049800000000000004,0.053700000000000005,0.07350000000000001,0.13169684,5.939543e-07,1.120281e-05,0.34440000000000004,0.3453,0.1459,0.07540000000000001,0.0461,0.1067,0.2641,0.3161,-0.32999088422971734,-0.19221411192214113,-0.07615230460921846,0.7545588960078856,0.6710594624815304,0.7545588960078856,-0.6577415599534342,0.7306122448979592,1.0783132530120483,0.516792323509253,3.336457357075914,0.3635782747603834,-0.4186092847180714,0.4186092847180714,-0.53187511684427,-0.49654999999999994,-0.03908399999999997,-2020115.0,3119425.0
2,0.31980000000000003,0.0238,0.0287,0.0465,0.060113158,9.9539754e-08,5.4273796e-06,0.3234,0.3093,0.1177,0.0487,0.026600000000000002,0.0796,0.23550000000000001,0.2916,-0.43361753958587085,-0.32290184921763865,-0.03797468354430376,0.861466821885914,0.6218783821702009,0.861466821885914,-0.7461097461097462,0.6172043010752688,1.2058823529411764,0.4137638062871708,4.017587939698493,0.5396518375241779,-0.4619428571428572,0.4619428571428572,-0.6555819477434679,-0.49912499999999993,-0.04532556,-2018705.0,3116575.0
2,0.33990000000000004,0.0415,0.0459,0.06670000000000001,0.13809271,2.2453366e-07,7.3789306e-06,0.3609,0.371,0.16490000000000002,0.08360000000000001,0.040100000000000004,0.1061,0.2741,0.329,-0.424006908462867,-0.23290203327171907,-0.06744186046511627,0.7823807026743578,0.6493793435905677,0.7823807026743578,-0.6719134284308902,0.6881559220389805,1.106024096385542,0.5069739235900546,3.2035815268614516,0.4376693766937669,-0.3466719492868463,0.3466719492868463,-0.5102759835584264,-0.5236500000000001,-0.05723905,-2018695.0,3117995.0
2,0.3075,0.028800000000000003,0.0323,0.0494,0.16915578,2.2152065e-07,1.239767e-05,0.335,0.34800000000000003,0.1353,0.062,0.035300000000000005,0.0858,0.2479,0.3049,-0.46507850568489445,-0.2634271099744245,0.0443786982248521,0.8287243532560215,0.5976737611566577,0.8287243532560215,-0.7231717567946203,0.6538461538461539,1.1215277777777777,0.4582409460458241,3.5839160839160837,0.4973821989528795,-0.3888888888888889,0.3888888888888889,-0.5782628889921041,-0.49289999999999995,-0.05215641,-2018695.0,3119415.0
2,0.3501,0.0303,0.0357,0.057100000000000005,0.115134105,1.5064478e-07,9.33374e-06,0.375,0.37720000000000004,0.1484,0.0636,0.0349,0.0965,0.27790000000000004,0.33990000000000004,-0.44428223844282233,-0.30663615560640733,-0.011331444759206829,0.8406940063091483,0.6683937823834198,0.8406940063091483,-0.7195481335952849,0.6252189141856392,1.1782178217821784,0.4285714285714286,3.6279792746113992,0.5220820189274449,-0.4046138415245737,0.4046138415245737,-0.6085053158223891,-0.5534000000000001,-0.05452292999999999,-2018685.0,3120835.0
2,0.23650000000000002,0.022000000000000002,0.0269,0.0381,0.08281911,1.5492736e-07,6.806256e-06,0.2844,0.3018,0.108,0.046,0.0291,0.07390000000000001,0.2054,0.2525,-0.47843942505133463,-0.26788685524126454,0.03928571428571429,0.8297872340425533,0.48789372187700886,0.8297872340425533,-0.7225054624908959,0.7060367454068242,1.2227272727272727,0.42592592592592593,3.2002706359945874,0.5411887382690301,-0.3730043541364296,0.3730043541364296,-0.5896197948098975,-0.3831000000000001,-0.03788229999999998,-2017285.0,3116565.0
2,0.3372,0.016900000000000002,0.0201,0.0412,0.06317403,5.7089327e-08,4.940774e-06,0.3634,0.3398,0.1403,0.054200000000000005,0.0181,0.0845,0.2707,0.3285,-0.5460055096418733,-0.4182444061962134,-0.052356020942408335,0.9045467382095452,0.6414566913848663,0.9045467382095452,-0.7822410147991543,0.4878640776699029,1.1893491124260354,0.3863150392017106,3.990532544378698,0.6666666666666667,-0.4123560209424083,0.4123560209424083,-0.6680672268907564,-0.5796000000000001,-0.06243854,-2017285.0,3117985.0
2,0.325,0.020200000000000003,0.024300000000000002,0.0441,0.06015705,5.504489e-08,4.130202e-06,0.34240000000000004,0.33640000000000003,0.14070000000000002,0.056600000000000004,0.0193,0.07690000000000001,0.24830000000000002,0.308,-0.5227272727272728,-0.3716951788491446,-0.11467889908256883,0.8829663962920047,0.6268444163139365,0.8829663962920047,-0.761040368463831,0.5510204081632654,1.202970297029703,0.40227434257285,4.226267880364109,0.583934088568486,-0.39574833583852265,0.39574833583852265,-0.6395212391457403,-0.54985,-0.06467325,-2017275.0,3119405.0
2,0.3138,0.021,0.031100000000000003,0.0443,0.07843571,7.979572e-08,5.458322e-06,0.3446,0.33290000000000003,0.1442,0.058600000000000006,0.027700000000000002,0.0777,0.25520000000000004,0.31570000000000004,-0.5299734748010609,-0.3568147013782542,-0.05782312925170068,0.8745519713261648,0.6327959885624301,0.8745519713261648,-0.7525830773526948,0.7020316027088037,1.480952380952381,0.4063800277392511,4.038610038610039,0.5744680851063829,-0.37030567685589527,0.37030567685589527,-0.6249705535924618,-0.5305,-0.06347020999999997,-2017265.0,3120825.0
3,0.5493,0.030600000000000002,0.034,0.0631,0.15068153,1.275301e-07,6.516258e-06,0.5603,0.4505,0.2028,0.085,0.030600000000000002,0.1211,0.42610000000000003,0.5258,-0.5253854832643851,-0.3468516542155816,-0.05263157894736842,0.8944645628556649,0.9084850125177618,0.8944645628556649,-0.7939255388634879,0.5388272583201268,1.1111111111111112,0.4191321499013807,4.535920726672172,0.5965721819380355,-0.46071001196649386,0.46071001196649386,-0.669194448418944,-0.91515,-0.09574373,-2018665.0,3123675.0
2,0.2953,0.09570000000000001,0.0557,0.0794,0.12553763,1.8328427e-07,8.345034e-06,0.3639,0.3728,0.198,0.0942,0.0403,0.1446,0.2887,0.339,-0.4275414563806778,0.09308966304968594,-0.16041666666666662,0.5104859335038363,0.4426037540898915,0.5104859335038363,-0.5761942887643448,0.7015113350125944,0.5820271682340648,0.47575757575757577,2.0421853388658366,0.2034956304619226,-0.19724305696330832,0.19724305696330832,-0.29783693843594006,-0.46220000000000006,-0.029517849999999998,-2018665.0,3125095.0
2,0.27740000000000004,0.0207,0.027200000000000002,0.0403,0.11304487,1.5445947e-07,8.381764e-06,0.3024,0.3432,0.1273,0.0546,0.0244,0.0658,0.21530000000000002,0.2717,-0.5190930787589498,-0.3213114754098361,-0.05426356589147287,0.8611204293861121,0.5617902471609887,0.8611204293861121,-0.7463015423355367,0.674937965260546,1.3140096618357489,0.4289080911233307,4.215805471124621,0.5213872832369942,-0.37089201877934275,0.37089201877934275,-0.6035798894445907,-0.46545000000000003,-0.05931142000000001,-2017255.0,3122245.0
2,0.325,0.028200000000000003,0.0347,0.0526,0.05653892,1.3639033e-07,4.218874e-06,0.3482,0.367,0.1405,0.059500000000000004,0.0279,0.0859,0.25020000000000003,0.3154,-0.45520455722423614,-0.3019801980198019,-0.1086261980830671,0.840317100792752,0.635601118359739,0.840317100792752,-0.7213983050847459,0.6596958174904943,1.230496453900709,0.42348754448398573,3.783469150174622,0.5056967572304996,-0.3963480128893662,0.3963480128893662,-0.6079570853822084,-0.517175,-0.05518673999999999,-2017245.0,3123665.0
2,0.364,0.0352,0.0414,0.060000000000000005,0.14480232,1.3381242e-07,9.5187615e-06,0.3864,0.37520000000000003,0.16620000000000001,0.0758,0.0358,0.0971,0.2811,0.3448,-0.4694960212201592,-0.2605042016806723,-0.07253886010362696,0.8236472945891783,0.6917055428164782,0.8236472945891783,-0.7169811320754716,0.69,1.1761363636363635,0.45607701564380265,3.7487126673532436,0.46787603930461075,-0.3730667672576386,0.3730667672576386,-0.5701006971340047,-0.58495,-0.06738523000000002,-2017245.0,3125085.0
2,0.2972,0.0287,0.0363,0.051500000000000004,0.12740777,2.5357008e-07,1.0586415e-05,0.302,0.2798,0.1227,0.054400000000000004,0.032,0.0801,0.22460000000000002,0.2752,-0.40872560275545344,-0.28428927680798005,-0.06295754026354317,0.8238723534826634,0.5966670843252726,0.8238723534826634,-0.7046171494121022,0.7048543689320388,1.264808362369338,0.443357783211084,3.7103620474406993,0.4724264705882353,-0.41557513693736603,0.41557513693736603,-0.601056168987038,-0.45119999999999993,-0.04269887,-2015835.0,3122235.0
2,0.2858,0.0502,0.057800000000000004,0.07390000000000001,0.111006394,5.904108e-07,9.691587e-06,0.3038,0.30660000000000004,0.15380000000000002,0.0786,0.051000000000000004,0.10540000000000001,0.23340000000000002,0.2752,-0.3509003074220466,-0.19097502014504433,-0.0625,0.7011904761904761,0.575899436497616,0.7011904761904761,-0.5891020294690018,0.7821380243572394,1.151394422310757,0.5110533159947984,2.7115749525616697,0.35475578406169667,-0.30027297543221104,0.30027297543221104,-0.45469940728196445,-0.3972,-0.03658779999999999,-2015835.0,3123655.0
2,0.2906,0.0287,0.0341,0.0524,0.1199541,1.6128122e-07,1.0472162e-05,0.2989,0.3123,0.1326,0.0604,0.032,0.08420000000000001,0.22210000000000002,0.2705,-0.43351351351351347,-0.2922318125770654,-0.03177004538577909,0.8202317569683683,0.5781036411084878,0.8202317569683683,-0.6944606413994169,0.6507633587786259,1.1881533101045296,0.45550527903469085,3.4513064133016624,0.491585473870682,-0.37334593572778835,0.37334593572778835,-0.5693571773803769,-0.4546,-0.04734409999999999,-2015825.0,3125075.0
2,0.2846,0.024200000000000003,0.0292,0.0466,0.0523949,1.08271834e-07,5.000967e-06,0.2934,0.3109,0.1283,0.056100000000000004,0.0302,0.077,0.21730000000000002,0.264,-0.4671240708976558,-0.3163841807909604,0.01683501683501685,0.8432642487046632,0.567641228939544,0.8432642487046632,-0.7185990338164251,0.6266094420600858,1.2066115702479339,0.43725643024162125,3.6961038961038963,0.5217391304347826,-0.3785420198595302,0.3785420198595302,-0.5924892159350419,-0.4596250000000001,-0.05020044999999998,-2014415.0,3122225.0
2,0.2635,0.029500000000000002,0.0333,0.049,0.092422724,1.5598535e-07,9.522625e-06,0.2761,0.28850000000000003,0.13190000000000002,0.062400000000000004,0.0308,0.0763,0.1967,0.24550000000000002,-0.45826423438363745,-0.2484076433121019,-0.039001560062402525,0.7986348122866893,0.5284484568549235,0.7986348122866893,-0.6864000000000001,0.6795918367346939,1.1288135593220339,0.4730856709628506,3.4534731323722148,0.4423440453686201,-0.332827516439049,0.332827516439049,-0.5271417545665037,-0.42170000000000013,-0.05139765000000001,-2014415.0,3123645.0
2,0.35960000000000003,0.0256,0.0317,0.0499,0.10137653,7.638931e-08,8.180813e-06,0.387,0.3587,0.13620000000000002,0.0531,0.0296,0.0896,0.276,0.3512,-0.4637291778613649,-0.3218543046357616,-0.03425774877650893,0.8670820353063343,0.6847779215178956,0.8670820353063343,-0.7562881562881563,0.6352705410821643,1.23828125,0.3898678414096916,4.013392857142858,0.5555555555555556,-0.4505849132714804,0.4505849132714804,-0.6651063829787235,-0.573975,-0.054378510000000005,-2018655.0,3126505.0
2,0.3729,0.032,0.0393,0.0599,0.14225112,1.5711188e-07,9.030973e-06,0.42460000000000003,0.4007,0.1816,0.07490000000000001,0.0356,0.1039,0.31980000000000003,0.3884,-0.5039337474120082,-0.30359085963003263,-0.04939919893190924,0.8419362805631019,0.7087745541865135,0.8419362805631019,-0.7231977818853974,0.656093489148581,1.2281250000000001,0.41244493392070486,3.5890279114533206,0.52906548933039,-0.3449954914337241,0.3449954914337241,-0.5881333076478521,-0.623975,-0.07154588000000002,-2017235.0,3126505.0
2,0.4047,0.0507,0.0596,0.07980000000000001,0.22152482,3.5765765e-07,1.3705355e-05,0.4117,0.38430000000000003,0.1832,0.0858,0.0523,0.12100000000000001,0.309,0.38020000000000004,-0.3931558935361216,-0.22298850574712648,-0.06523681858802503,0.7773386034255598,0.7615896663760995,0.7773386034255598,-0.6705882352941175,0.7468671679197995,1.175542406311637,0.4683406113537118,3.3446280991735535,0.40943506115317413,-0.3767647559108692,0.3767647559108692,-0.5456058588548601,-0.6013000000000001,-0.05635143,-2015815.0,3126495.0
2,0.3553,0.030100000000000002,0.0341,0.054700000000000006,0.10562276,9.3990565e-08,7.279862e-06,0.3673,0.34890000000000004,0.1409,0.058,0.031100000000000003,0.09530000000000001,0.27340000000000003,0.33490000000000003,-0.4406952965235174,-0.29009433962264153,-0.046012269938650235,0.8437986507524649,0.6703511307268678,0.8437986507524649,-0.733170731707317,0.6234003656307129,1.132890365448505,0.411639460610362,3.7282266526757604,0.5199362041467305,-0.43208383716243454,0.43208383716243454,-0.6309947643979057,-0.5589500000000001,-0.05014114999999997,-2014395.0,3126485.0
2,0.3744,0.0324,0.0362,0.0637,0.105258875,8.766651e-08,6.8237528e-06,0.391,0.3638,0.1509,0.0623,0.030600000000000002,0.1095,0.2929,0.3513,-0.4063373718546132,-0.3257023933402706,-0.08383233532934133,0.84070796460177,0.6965235489092733,0.84070796460177,-0.7091988130563797,0.5682888540031397,1.117283950617284,0.41285619615639496,3.419178082191781,0.5433403805496829,-0.42547115933752144,0.42547115933752144,-0.6251731644567583,-0.5769249999999999,-0.04776879999999998,-2015865.0,3116565.0
2,0.3846,0.036000000000000004,0.040400000000000005,0.0629,0.1423396,1.2006163e-07,6.784347e-06,0.4199,0.3553,0.1643,0.0742,0.036500000000000005,0.10890000000000001,0.31010000000000004,0.3806,-0.44630281690140844,-0.2719919110212335,-0.05071521456436931,0.8288159771754637,0.7132398273736128,0.8288159771754637,-0.7188826815642457,0.6422893481717012,1.1222222222222222,0.45161290322580644,3.5316804407713493,0.5031055900621118,-0.40134815084714887,0.40134815084714887,-0.5881913303437967,-0.60715,-0.06082949000000001,-2015865.0,3117985.0
2,0.3521,0.0375,0.0424,0.0639,0.07402241,1.8534064e-07,5.4235e-06,0.36260000000000003,0.3272,0.1471,0.0668,0.0354,0.0981,0.26980000000000004,0.32980000000000004,-0.3943127962085308,-0.2603550295857988,-0.08997429305912595,0.8074948665297742,0.6693272972758321,0.8074948665297742,-0.6927884615384615,0.6635367762128326,1.1306666666666667,0.45411284840244726,3.5891946992864425,0.4469026548672567,-0.41065705128205127,0.41065705128205127,-0.5817963111467522,-0.5299499999999999,-0.04943332999999999,-2015855.0,3119395.0
2,0.28140000000000004,0.025500000000000002,0.031,0.045200000000000004,0.111213244,2.1689533e-07,6.5011327e-06,0.376,0.3534,0.1529,0.06520000000000001,0.033,0.09340000000000001,0.2851,0.34500000000000003,-0.5436648157496214,-0.2786421499292786,0.03125000000000003,0.8338220918866079,0.5641068308511524,0.8338220918866079,-0.7232088181261481,0.6858407079646017,1.2156862745098038,0.42642249836494445,3.012847965738758,0.5710681244743483,-0.29587842505180756,0.29587842505180756,-0.5499875961299926,-0.4911500000000001,-0.058062630000000004,-2015845.0,3120815.0
2,0.3052,0.025,0.031100000000000003,0.048,0.09771419,1.0303557e-07,7.74926e-06,0.3411,0.33680000000000004,0.1264,0.0536,0.029900000000000003,0.08610000000000001,0.253,0.309,-0.4495412844036698,-0.31506849315068486,-0.019672131147540975,0.8485766202301634,0.6039526985555874,0.8485766202301634,-0.7281993204983014,0.6479166666666667,1.244,0.4240506329113924,3.5447154471544713,0.54995499549955,-0.41427247451343835,0.41427247451343835,-0.6211135213304411,-0.4829000000000001,-0.045707590000000006,-2014455.0,3116555.0
2,0.3614,0.0417,0.0477,0.0689,0.19414899,4.174262e-07,1.290903e-05,0.4006,0.44070000000000004,0.1743,0.0835,0.0455,0.11280000000000001,0.299,0.36100000000000004,-0.43338815789473684,-0.24593128390596747,-0.02360515021459228,0.793103448275862,0.6873230450213343,0.793103448275862,-0.6797583081570996,0.6923076923076923,1.143884892086331,0.4790590935169248,3.203900709219858,0.4601941747572815,-0.34926264700392007,0.34926264700392007,-0.5313494291596482,-0.5627250000000001,-0.06000542000000002,-2014445.0,3117975.0
2,0.325,0.0302,0.0342,0.0524,0.09282939,1.930654e-07,8.232237e-06,0.3321,0.3282,0.13390000000000002,0.061000000000000006,0.0341,0.084,0.2417,0.30720000000000003,-0.43746645195920564,-0.2687651331719128,-0.0014641288433382557,0.829954954954955,0.6259902376570377,0.829954954954955,-0.7223105458399576,0.6526717557251909,1.1324503311258278,0.45556385362210605,3.869047619047619,0.47110332749562167,-0.4164305949008498,0.4164305949008498,-0.5950266429840142,-0.5079,-0.052391969999999996,-2014435.0,3119395.0
2,0.3628,0.031100000000000003,0.0316,0.056100000000000004,0.12355585,9.13918e-08,7.936628e-06,0.3855,0.36100000000000004,0.1625,0.06910000000000001,0.029300000000000003,0.0946,0.2766,0.35050000000000003,-0.4867337602927721,-0.286697247706422,-0.03776683087027914,0.842091901497842,0.6674032307223408,0.842091901497842,-0.7321556457388398,0.5632798573975045,1.0160771704180065,0.42523076923076925,3.8350951374207187,0.5051710421638822,-0.38130592042642303,0.38130592042642303,-0.594824100283057,-0.5988249999999999,-0.06795936999999999,-2014425.0,3120805.0
2,0.4702,0.0424,0.0495,0.0789,0.13670607,2.1676719e-07,6.830698e-06,0.4489,0.4148,0.1824,0.0838,0.0436,0.1179,0.3468,0.4148,-0.39609644087256035,-0.3009068425391591,-0.06337271750805588,0.834568864611783,0.837255698821443,0.834568864611783,-0.7126206519759606,0.6273764258555133,1.1674528301886793,0.45942982456140347,3.988125530110263,0.47099189020586407,-0.4410052099295127,0.4410052099295127,-0.6092274345873975,-0.7112,-0.06653216,-2013035.0,3116545.0
2,0.3753,0.07880000000000001,0.08070000000000001,0.10300000000000001,0.21101016,9.953081e-07,1.331328e-05,0.4133,0.41290000000000004,0.20450000000000002,0.1222,0.06670000000000001,0.1481,0.3175,0.3733,-0.3300813008130082,-0.1331133113311331,-0.09497964721845316,0.6529398810834617,0.6915154684797039,0.6529398810834617,-0.5693079657118962,0.7834951456310679,1.0241116751269035,0.5975550122249389,2.534098582039163,0.30542089026002645,-0.2945843394273887,0.2945843394273887,-0.3881278538812785,-0.5009500000000002,-0.04880192,-2013025.0,3117965.0
2,0.3629,0.0424,0.0465,0.0704,0.14163564,2.4997593e-07,1.0353864e-05,0.3956,0.37460000000000004,0.17550000000000002,0.0813,0.0408,0.11330000000000001,0.2989,0.36360000000000003,-0.42740951606344046,-0.24822695035460993,-0.06529209621993123,0.7907722674562053,0.6817626423869774,0.7907722674562053,-0.6750519270713131,0.6605113636363636,1.096698113207547,0.4632478632478632,3.2030008826125327,0.45536287732819536,-0.34806835066864783,0.34806835066864783,-0.5359219658600637,-0.5647749999999999,-0.058270109999999986,-2014405.0,3125065.0
2,0.3264,0.0371,0.0451,0.059800000000000006,0.10602386,3.0621587e-07,7.5079156e-06,0.35800000000000004,0.3659,0.1542,0.07,0.0516,0.096,0.2602,0.322,-0.44112149532710276,-0.23426212590299278,0.06721820062047568,0.7958734525447042,0.6433202560396449,0.7958734525447042,-0.6903158984981874,0.7541806020066889,1.215633423180593,0.4539559014267186,3.4000000000000004,0.4425244177310293,-0.3583021223470662,0.3583021223470662,-0.5524446301713332,-0.5088000000000001,-0.05368432999999999,-2013005.0,3122225.0
2,0.2926,0.0369,0.0459,0.0594,0.07623984,4.2695999e-07,5.650985e-06,0.3221,0.381,0.1419,0.0685,0.0472,0.0915,0.2459,0.2927,-0.40983606557377045,-0.2336448598130841,0.013963480128893615,0.7760242792109258,0.5938020944646292,0.7760242792109258,-0.6625,0.7727272727272728,1.2439024390243902,0.4827343199436223,3.1978142076502736,0.425233644859813,-0.34683544303797476,0.34683544303797476,-0.5251182698806038,-0.440225,-0.044829819999999986,-2012995.0,3123635.0
2,0.3069,0.031400000000000004,0.0349,0.0526,0.098816015,2.557367e-07,8.417646e-06,0.3251,0.3266,0.1451,0.06770000000000001,0.035300000000000005,0.0888,0.24070000000000003,0.29510000000000003,-0.4678806272129489,-0.2523809523809523,0.005698005698005762,0.8143659473839788,0.5965303392647237,0.8143659473839788,-0.7073713490959668,0.6634980988593155,1.111464968152866,0.46657477601654035,3.456081081081081,0.4775374376039933,-0.3579646017699115,0.3579646017699115,-0.5504649580403719,-0.4946750000000001,-0.055264500000000015,-2012985.0,3125055.0
2,0.4354,0.037700000000000004,0.0425,0.0741,0.0922059,1.07327104e-07,4.6270557e-06,0.44730000000000003,0.3931,0.19590000000000002,0.08750000000000001,0.028800000000000003,0.1134,0.3295,0.4046,-0.45111111111111113,-0.3255813953488371,-0.19214586255259467,0.8406256605368844,0.7825148006106416,0.8406256605368844,-0.7091265947006868,0.5735492577597842,1.1273209549071617,0.44665645737621235,3.8395061728395063,0.5009927200529449,-0.3793758910185332,0.3793758910185332,-0.5848118056707015,-0.697325,-0.08052836999999999,-2011585.0,3122215.0
2,0.2929,0.0257,0.0325,0.0465,0.10800678,1.1388659e-07,7.6617525e-06,0.339,0.38330000000000003,0.159,0.06860000000000001,0.034300000000000004,0.0833,0.24930000000000002,0.3065,-0.5474452554744526,-0.28808864265927975,0.026946107784431184,0.8386691776522285,0.5871525325134002,0.8386691776522285,-0.7259870359457867,0.6989247311827957,1.264591439688716,0.4314465408805032,3.516206482593037,0.5284403669724771,-0.29630449214427973,0.29630449214427973,-0.5506314033833691,-0.5119499999999999,-0.06779443,-2011575.0,3123635.0
1,0.42800000000000005,0.0342,0.0396,0.0743,0.15244436,7.3152776e-08,7.966111e-06,0.4536,0.42500000000000004,0.1862,0.08410000000000001,0.0334,0.12990000000000002,0.3559,0.4223,-0.4295585412667946,-0.3695852534562212,-0.08493150684931511,0.8520121159671138,0.7751833557850623,0.8520121159671138,-0.7041608600437984,0.5329744279946165,1.1578947368421053,0.45166487647690656,3.2948421862971515,0.583180987202925,-0.393682839465972,0.393682839465972,-0.5961768219832736,-0.6749250000000001,-0.0637114,-2011565.0,3125045.0
2,0.325,0.0506,0.06420000000000001,0.07350000000000001,0.16280644,1.00151e-06,9.930155e-06,0.3294,0.3754,0.15510000000000002,0.083,0.0543,0.09570000000000001,0.2519,0.3014,-0.3569553805774278,-0.1845286059629332,-0.0835443037974684,0.7305644302449416,0.6641966698631331,0.7305644302449416,-0.631116687578419,0.873469387755102,1.2687747035573125,0.5351386202450032,3.3960292580982236,0.30827067669172936,-0.35388460737346383,0.35388460737346383,-0.4889058913542464,-0.45145,-0.047783820000000025,-2010165.0,3122205.0
2,0.3025,0.0221,0.0256,0.042100000000000005,0.08886804,6.875098e-08,7.169315e-06,0.3259,0.331,0.1326,0.055400000000000005,0.0268,0.07740000000000001,0.23770000000000002,0.29460000000000003,-0.5180309101316543,-0.31152647975077885,0.02290076335877862,0.8638324091189156,0.5905800016088809,0.8638324091189156,-0.7556587347649447,0.6080760095011876,1.1583710407239818,0.41779788838612375,3.9082687338501287,0.5557788944723618,-0.39048494598942773,0.39048494598942773,-0.6178500986193294,-0.5079499999999999,-0.05711034999999999,-2010155.0,3123625.0
2,0.3452,0.032100000000000004,0.0395,0.0591,0.07973905,1.4168023e-07,5.643543e-06,0.3841,0.3683,0.1678,0.0752,0.040400000000000005,0.10160000000000001,0.2842,0.3493,-0.47906566769501985,-0.2960526315789473,0.011264080100125218,0.829843625761993,0.6692440900487293,0.829843625761993,-0.707642839475637,0.6683587140439933,1.2305295950155761,0.44815256257449343,3.3976377952755903,0.5198204936424832,-0.34580896686159845,0.34580896686159845,-0.5638211382113821,-0.56345,-0.06422101,-2010145.0,3125045.0
2,0.4112,0.048600000000000004,0.059000000000000004,0.07980000000000001,0.10768918,5.7442185e-07,6.26318e-06,0.39640000000000003,0.3526,0.16690000000000002,0.0791,0.045200000000000004,0.1086,0.2944,0.35750000000000004,-0.3530603972436157,-0.2429906542056075,-0.13243761996161227,0.7886037407568509,0.7771165595493137,0.7886037407568509,-0.674949083503055,0.7393483709273182,1.213991769547325,0.47393648891551826,3.7863720073664826,0.38167938931297707,-0.4225912471890676,0.4225912471890676,-0.5728382672687741,-0.588875,-0.05412903000000002,-2013015.0,3119385.0
2,0.38980000000000004,0.0606,0.0722,0.08650000000000001,0.2169947,1.3432681e-06,1.6626755e-05,0.401,0.3748,0.1832,0.09580000000000001,0.0753,0.12090000000000001,0.3065,0.3619,-0.3585465331850204,-0.17607070020394294,0.021016949152542406,0.7309058614564832,0.754105124185164,0.7309058614564832,-0.6367835397858492,0.8346820809248554,1.1914191419141913,0.5229257641921398,3.2241521918941274,0.33223140495867776,-0.3605584642233857,0.3605584642233857,-0.4941785252263906,-0.5471000000000001,-0.05153186999999999,-2013005.0,3120805.0
2,0.22840000000000002,0.0207,0.0227,0.0357,0.06477198,1.375854e-07,7.2573043e-06,0.2497,0.2778,0.101,0.0436,0.0235,0.0684,0.187,0.21910000000000002,-0.4776883686905632,-0.2659574468085107,0.017316017316017285,0.8338016860698515,0.46542901848014545,0.8338016860698515,-0.7296478606588414,0.6358543417366946,1.0966183574879227,0.4316831683168317,3.339181286549708,0.5353535353535355,-0.3867638129933212,0.3867638129933212,-0.592263792010146,-0.37125,-0.03566968000000001,-2011615.0,3116535.0
2,0.4955,0.0645,0.07740000000000001,0.098,0.2858425,4.6190618e-07,1.685601e-05,0.515,0.46080000000000004,0.19540000000000002,0.09970000000000001,0.061700000000000005,0.1458,0.384,0.47700000000000004,-0.33197000681663263,-0.20615384615384616,-0.11286843997124375,0.7696428571428571,0.9018817204301075,0.7696428571428571,-0.6697556866048862,0.789795918367347,1.2000000000000002,0.5102354145342887,3.3984910836762685,0.3865905848787447,-0.4343609784339267,0.4343609784339267,-0.5544702211368877,-0.689025,-0.05494996,-2011605.0,3117955.0
2,0.28750000000000003,0.0264,0.034300000000000004,0.0475,0.16132647,2.1554231e-07,1.1790494e-05,0.2901,0.3185,0.1174,0.0521,0.029,0.0716,0.20980000000000001,0.2604,-0.4238932686476653,-0.28552097428958056,-0.08372827804107429,0.8317935648295637,0.5824675051529047,0.8317935648295637,-0.7164179104477613,0.7221052631578948,1.2992424242424243,0.4437819420783646,4.015363128491621,0.46122448979591835,-0.42010372931588047,0.42010372931588047,-0.6077941543842118,-0.4412750000000001,-0.04564968999999999,-2011595.0,3119375.0
2,0.3411,0.0296,0.0335,0.0517,0.084923714,1.9066036e-07,5.295461e-06,0.37370000000000003,0.3613,0.1574,0.0675,0.0366,0.0921,0.27040000000000003,0.33540000000000003,-0.5054997608799618,-0.27183271832718325,0.04422253922967188,0.840302131103318,0.6494536273620262,0.840302131103318,-0.7367617107942973,0.6479690522243714,1.1317567567567568,0.42884371029224905,3.703583061889251,0.5135579293344289,-0.3685055165496489,0.3685055165496489,-0.5882976468094128,-0.5681250000000002,-0.06473661,-2011595.0,3120795.0
2,0.30560000000000004,0.0396,0.0434,0.0616,0.11536762,3.281802e-07,9.628426e-06,0.3154,0.3178,0.1282,0.06380000000000001,0.0376,0.1003,0.2421,0.2838,-0.35089567966280294,-0.21739130434782605,-0.07160493827160493,0.7705677867902664,0.5948920095261558,0.7705677867902664,-0.664488017429194,0.7045454545454546,1.0959595959595958,0.4976599063962559,3.046859421734796,0.43388134381701216,-0.408944213923467,0.408944213923467,-0.5428824049513705,-0.43735,-0.032135270000000014,-2010195.0,3116535.0
2,0.26130000000000003,0.0274,0.031100000000000003,0.046400000000000004,0.118873216,1.4776587e-07,1.0770866e-05,0.28340000000000004,0.2859,0.116,0.051000000000000004,0.0285,0.0814,0.21080000000000002,0.2544,-0.4285714285714285,-0.25745257452574527,-0.04362416107382553,0.8101835815725668,0.5248438089647366,0.8101835815725668,-0.6984075398115047,0.6702586206896551,1.135036496350365,0.4396551724137931,3.2100737100737105,0.49632352941176466,-0.3851046912271403,0.3851046912271403,-0.5771305285868393,-0.4061,-0.03656842999999999,-2010185.0,3117945.0
2,0.4612,0.0494,0.0528,0.0872,0.16738494,5.0575136e-07,8.212989e-06,0.45220000000000005,0.375,0.19970000000000002,0.0995,0.054900000000000004,0.1385,0.3546,0.4121,-0.39212269083304285,-0.2767203513909224,0.019498607242339875,0.8065021543282413,0.8105170387779084,0.8065021543282413,-0.6819839533187454,0.6055045871559633,1.0688259109311742,0.49824737105658484,3.3299638989169673,0.4741883980840873,-0.3956725677106974,0.3956725677106974,-0.5507618041936944,-0.695675,-0.06446170000000002,-2010175.0,3119365.0
2,0.36910000000000004,0.0461,0.051300000000000005,0.068,0.12509589,4.2037368e-07,8.373145e-06,0.3922,0.3503,0.165,0.08030000000000001,0.040600000000000004,0.1019,0.29100000000000004,0.35950000000000004,-0.41630901287553645,-0.19193689745836987,-0.11643090315560392,0.7779383429672448,0.6952297870653079,0.7779383429672448,-0.6888583848089682,0.7544117647058823,1.1127982646420824,0.4866666666666667,3.6221786064769383,0.377027027027027,-0.3821381763714661,0.3821381763714661,-0.5376737381126555,-0.559775,-0.05948269000000002,-2010175.0,3120785.0
2,0.458,0.037200000000000004,0.0441,0.07440000000000001,0.110785924,9.3472e-08,6.1859914e-06,0.4918,0.4617,0.20570000000000002,0.09090000000000001,0.041,0.12760000000000002,0.3783,0.4575,-0.46876115672973945,-0.33333333333333337,-0.036427732079905975,0.8497576736672051,0.8203191528749677,0.8497576736672051,-0.7205108940646131,0.5927419354838709,1.1854838709677418,0.4419056878949927,3.589341692789968,0.5485436893203883,-0.38014163025463305,0.38014163025463305,-0.5934623928911457,-0.7427250000000001,-0.07924713,-2012975.0,3126475.0
1,0.4314,0.045000000000000005,0.051500000000000004,0.08610000000000001,0.11727761,2.0887255e-07,5.9007702e-06,0.4519,0.4524,0.21150000000000002,0.1012,0.049,0.1345,0.35200000000000004,0.4168,-0.4213709677419355,-0.3135011441647597,-0.024875621890547286,0.8110831234256928,0.785841919172718,0.8110831234256928,-0.6672463768115942,0.5981416957026713,1.1444444444444444,0.4784869976359338,3.207434944237918,0.4986072423398328,-0.34204386374241713,0.34204386374241713,-0.5352090287712605,-0.6723,-0.07245723999999998,-2011555.0,3126465.0
2,0.4515,0.0465,0.0492,0.0792,0.10378752,1.4365017e-07,5.422053e-06,0.47140000000000004,0.47600000000000003,0.22290000000000001,0.09970000000000001,0.039400000000000004,0.12990000000000002,0.3536,0.43160000000000004,-0.47567030784508435,-0.26014319809069214,-0.11060948081264102,0.8132530120481928,0.7948953360264416,0.8132530120481928,-0.7015262860373092,0.6212121212121212,1.0580645161290323,0.44728577837595335,3.4757505773672053,0.4727891156462586,-0.3389679715302491,0.3389679715302491,-0.5479981449992272,-0.7394750000000001,-0.08520295,-2010135.0,3126455.0
1,0.46140000000000003,0.029400000000000003,0.0367,0.0693,0.13933007,9.118914e-08,6.9850375e-06,0.4786,0.4198,0.1991,0.08850000000000001,0.0303,0.11710000000000001,0.3685,0.44420000000000004,-0.4836065573770492,-0.4042553191489361,-0.09552238805970154,0.880195599022005,0.82499724780742,0.880195599022005,-0.7388355002826454,0.5295815295815296,1.248299319727891,0.44450025113008546,3.9402220324508965,0.5986348122866894,-0.3971233913701741,0.3971233913701741,-0.6172077922077922,-0.7586750000000002,-0.08609202999999999,-2008725.0,3126455.0
2,0.3407,0.041600000000000005,0.0456,0.068,0.17130658,3.3471582e-07,1.2267168e-05,0.37160000000000004,0.3699,0.1477,0.0702,0.0407,0.11080000000000001,0.2827,0.3407,-0.3694946685210941,-0.2408759124087591,-0.056778679026651235,0.7823698665969133,0.6490026435952897,0.7823698665969133,-0.6672375825789088,0.6705882352941176,1.096153846153846,0.4752877454299255,3.0749097472924185,0.45406824146981634,-0.3951678951678952,0.3951678951678952,-0.5510941577996386,-0.49945000000000006,-0.04022991999999996,-2008765.0,3117945.0
2,0.2871,0.031100000000000003,0.035300000000000005,0.052000000000000005,0.085026465,2.2039413e-07,8.510493e-06,0.3149,0.2975,0.1217,0.059000000000000004,0.0368,0.09050000000000001,0.2371,0.2861,-0.4012665515256188,-0.25150421179302046,0.020804438280166357,0.8045254556882463,0.5679722072873156,0.8045254556882463,-0.6933058094957241,0.6788461538461539,1.135048231511254,0.48479868529170095,3.1723756906077347,0.48848684210526316,-0.40459882583170254,0.40459882583170254,-0.5631515151515151,-0.43315000000000003,-0.03757134999999999,-2008765.0,3119355.0
2,0.3534,0.0345,0.037000000000000005,0.055900000000000005,0.11436816,1.5739202e-07,8.612687e-06,0.36100000000000004,0.35350000000000004,0.1477,0.0704,0.0359,0.0908,0.27080000000000004,0.32980000000000004,-0.4508840864440078,-0.23672566371681417,-0.015089163237311435,0.8221191028615621,0.6617819003819472,0.8221191028615621,-0.7268507207427315,0.6618962432915921,1.0724637681159421,0.47664184157075157,3.8920704845814975,0.44932162809257775,-0.4104969068050289,0.4104969068050289,-0.5764183323238441,-0.5572999999999999,-0.05916566999999999,-2008755.0,3120775.0
2,0.3093,0.0397,0.0458,0.06380000000000001,0.09734167,4.0104388e-07,8.371272e-06,0.3457,0.3699,0.1477,0.0708,0.0339,0.1009,0.2591,0.31320000000000003,-0.3966903073286051,-0.2328502415458938,-0.14930991217063994,0.7724928366762177,0.6092607973421927,0.7724928366762177,-0.6580005360493164,0.7178683385579936,1.1536523929471032,0.47935003385240355,3.065411298315164,0.43527738264580373,-0.3536105032822757,0.3536105032822757,-0.5253436426116839,-0.4624999999999999,-0.04509594,-2007355.0,3117935.0
2,0.3315,0.043300000000000005,0.048100000000000004,0.0674,0.15085606,2.8054714e-07,9.194813e-06,0.3521,0.3584,0.1468,0.0732,0.0434,0.1076,0.2691,0.32030000000000003,-0.3706816059757237,-0.21770551038843716,-0.05136612021857927,0.7689434364994664,0.6382918207305677,0.7689434364994664,-0.6620706944096264,0.7136498516320475,1.1108545034642032,0.4986376021798365,3.0808550185873607,0.4261100066269052,-0.38615931423792593,0.38615931423792593,-0.5303366256803065,-0.48255000000000015,-0.04078922999999998,-2007345.0,3119355.0
2,0.27740000000000004,0.0375,0.0507,0.0594,0.20572285,1.4570504e-06,2.0401223e-05,0.24750000000000003,0.3245,0.0975,0.0489,0.0489,0.07,0.1778,0.218,-0.24282982791586996,-0.22600619195046442,-0.018072289156626536,0.7618291521117816,0.5845920777079714,0.7618291521117816,-0.6472684085510689,0.8535353535353536,1.352,0.5015384615384615,3.962857142857143,0.3023255813953489,-0.47986129634569225,0.47986129634569225,-0.5831121833534378,-0.350925,-0.02402099,-2007335.0,3120775.0
2,0.3235,0.027700000000000002,0.0324,0.055,0.060745135,7.014275e-08,4.4497096e-06,0.33890000000000003,0.3498,0.132,0.056600000000000004,0.036000000000000004,0.095,0.25830000000000003,0.3058,-0.41176470588235303,-0.3301088270858525,0.05263157894736851,0.842255125284738,0.6264939440121922,0.842255125284738,-0.7093791281373845,0.5890909090909091,1.1696750902527073,0.42878787878787883,3.405263157894737,0.5484922575387123,-0.42041712403951703,0.42041712403951703,-0.6169922762380734,-0.49920000000000003,-0.04203383000000001,-2005935.0,3117925.0
2,0.0439,0.0512,0.05,0.0538,0.13253544,4.3123214e-06,4.87703e-05,0.041,0.0651,0.0429,0.0346,0.0412,0.0511,0.0436,0.0436,0.11271975180972077,-0.024761904761904742,-0.09649122807017546,-0.07676130389064144,0.059983608236860976,-0.07676130389064144,0.1013306038894575,0.929368029739777,0.9765625,0.8065268065268065,0.8590998043052838,-0.0009775171065493926,-0.01152073732718895,0.01152073732718895,-0.045075125208681184,0.06294999999999999,0.027266930000000012,-2005925.0,3119345.0
2,0.3804,0.0367,0.0396,0.0631,0.097802095,1.5442372e-07,6.73155e-06,0.3917,0.38480000000000003,0.1648,0.0796,0.0386,0.1063,0.2968,0.3559,-0.44624835454146555,-0.26452905811623245,-0.01278772378516625,0.8240230160632941,0.7013654495243942,0.8240230160632941,-0.715445321307779,0.6275752773375595,1.0790190735694822,0.4830097087378641,3.5785512699905926,0.4867132867132866,-0.3954512105649303,0.3954512105649303,-0.5662875256386352,-0.60055,-0.06271,-2005915.0,3120765.0
2,0.3135,0.027,0.0298,0.0516,0.060926415,6.9111586e-08,4.6339183e-06,0.32180000000000003,0.29610000000000003,0.1279,0.0565,0.025500000000000002,0.0874,0.23770000000000002,0.2891,-0.42506963788300833,-0.3129770992366412,-0.07775768535262202,0.8414096916299558,0.6044329073482427,0.8414096916299558,-0.7173377156943305,0.5775193798449613,1.1037037037037036,0.44175136825645034,3.5869565217391304,0.527972027972028,-0.42048028998640685,0.42048028998640685,-0.6087160262417993,-0.48917499999999997,-0.04619087999999999,-2004515.0,3117915.0
2,0.343,0.0257,0.0304,0.0499,0.08331909,6.495714e-08,5.0610015e-06,0.3966,0.3811,0.16160000000000002,0.0668,0.024300000000000002,0.0932,0.2916,0.3628,-0.5281323877068559,-0.3201058201058201,-0.1115173674588665,0.860591266612422,0.6553734635991175,0.860591266612422,-0.7459913463985747,0.6092184368737475,1.1828793774319066,0.4133663366336633,3.680257510729614,0.567703952901598,-0.35949266745937375,0.35949266745937375,-0.6029190813479288,-0.5850500000000001,-0.06880631,-2008745.0,3122195.0
2,0.3048,0.042800000000000005,0.046900000000000004,0.0599,0.086764194,2.6272534e-07,6.332514e-06,0.3401,0.34950000000000003,0.15990000000000001,0.0792,0.043300000000000005,0.0988,0.2511,0.30760000000000004,-0.4549590536851683,-0.16650438169425505,-0.03991130820399112,0.7537399309551208,0.5944538579162706,0.7537399309551208,-0.6715108308198519,0.7829716193656094,1.0957943925233644,0.49530956848030017,3.08502024291498,0.39548022598870053,-0.3118140735958683,0.3118140735958683,-0.4849060586869327,-0.4805999999999999,-0.0552123,-2008735.0,3123615.0
2,0.2897,0.025500000000000002,0.0318,0.0522,0.13971867,1.851499e-07,1.1872678e-05,0.3175,0.3174,0.13140000000000002,0.0584,0.0328,0.0815,0.2359,0.2866,-0.4313725490196079,-0.3436293436293436,0.015479876160990724,0.8381979695431471,0.5802607540275703,0.8381979695431471,-0.6946475577654284,0.6091954022988506,1.2470588235294118,0.44444444444444436,3.554601226993865,0.5233644859813084,-0.3759202089764901,0.3759202089764901,-0.5860878145041934,-0.4547500000000001,-0.049073929999999995,-2008725.0,3125035.0
2,0.34740000000000004,0.029400000000000003,0.0342,0.0574,0.11231849,8.556842e-08,7.1759396e-06,0.3385,0.3432,0.1668,0.0721,0.0335,0.0925,0.2539,0.30110000000000003,-0.487957181088314,-0.32258064516129026,-0.010339734121122587,0.8439490445859874,0.6621163102659197,0.8439490445859874,-0.7164031620553359,0.5958188153310104,1.163265306122449,0.43225419664268583,3.7556756756756764,0.5176374077112386,-0.3512252042007002,0.3512252042007002,-0.5797971434485613,-0.5755750000000001,-0.0673833,-2007325.0,3122185.0
2,0.35900000000000004,0.0363,0.0438,0.06330000000000001,0.10499315,1.7502903e-07,7.786815e-06,0.38420000000000004,0.36260000000000003,0.1647,0.0737,0.037000000000000005,0.0949,0.27940000000000004,0.3481,-0.4447368421052631,-0.2710843373493977,-0.08415841584158407,0.8163420187199596,0.6898982616358248,0.8163420187199596,-0.7002131186360406,0.6919431279620852,1.2066115702479339,0.44748026715239825,3.782929399367756,0.4466463414634147,-0.37101393927821275,0.37101393927821275,-0.5709828393135726,-0.565075,-0.06462066999999999,-2007315.0,3123605.0
2,0.44680000000000003,0.036000000000000004,0.0378,0.06520000000000001,0.10329642,1.2061e-07,5.207047e-06,0.4581,0.4324,0.2194,0.0985,0.0327,0.11120000000000001,0.3371,0.4217,-0.5418130709768095,-0.2885375494071146,-0.07234042553191489,0.8508699254349629,0.7837308779815847,0.8508699254349629,-0.7453125,0.5797546012269938,1.0499999999999998,0.44895168641750227,4.017985611510792,0.5108695652173914,-0.3413389372560793,0.3413389372560793,-0.5654983039896625,-0.7738750000000001,-0.10218162,-2007315.0,3125025.0
2,0.39480000000000004,0.0582,0.062400000000000004,0.08510000000000001,0.10229452,3.2961367e-07,6.1335413e-06,0.4343,0.4138,0.185,0.1004,0.049100000000000005,0.1381,0.33890000000000003,0.4025,-0.36986301369863006,-0.1877180739706909,-0.1192825112107623,0.743046357615894,0.7278996865203762,0.743046357615894,-0.6453427797457804,0.7332549941245593,1.0721649484536082,0.5427027027027027,2.858797972483708,0.4070300560366785,-0.3618489134184202,0.3618489134184202,-0.4848976940565118,-0.5694500000000001,-0.050475599999999995,-2005905.0,3122185.0
2,0.3825,0.030600000000000002,0.0379,0.0636,0.08130677,9.7241994e-08,4.9509727e-06,0.3946,0.3514,0.17600000000000002,0.0756,0.0309,0.10260000000000001,0.2982,0.3587,-0.4691151919866444,-0.3503184713375796,-0.10174418604651167,0.8518518518518517,0.7221203728985451,0.8518518518518517,-0.7148621385339611,0.5959119496855346,1.238562091503268,0.4295454545454545,3.7280701754385963,0.5405405405405406,-0.36974037600716203,0.36974037600716203,-0.5966578047854159,-0.62195,-0.0698222,-2005905.0,3123595.0
2,0.3463,0.0337,0.0413,0.0585,0.12101992,1.7684698e-07,7.152301e-06,0.3678,0.3579,0.16,0.0751,0.0371,0.0941,0.2768,0.3372,-0.46453089244851264,-0.26898047722342733,-0.0535714285714286,0.8226315789473684,0.6716851664984864,0.8226315789473684,-0.7109683794466404,0.705982905982906,1.225519287833828,0.469375,3.680127523910733,0.47261345852895154,-0.36796365791032987,0.36796365791032987,-0.5616438356164384,-0.553125,-0.06345044999999999,-2005895.0,3125015.0
2,0.3428,0.0611,0.0659,0.0806,0.12712,5.570739e-07,8.174263e-06,0.37360000000000004,0.3831,0.17470000000000002,0.0937,0.057100000000000005,0.1197,0.2821,0.3397,-0.3685859772816295,-0.1376146788990826,-0.07154471544715443,0.6974498638276801,0.654980866559684,0.6974498638276801,-0.6192725555030704,0.8176178660049628,1.0785597381342062,0.5363480251860332,2.863826232247285,0.3241150442477876,-0.32483091787439605,0.32483091787439605,-0.4505767524401065,-0.48542500000000005,-0.04683883999999998,-2004495.0,3122175.0
2,0.38580000000000003,0.029400000000000003,0.031100000000000003,0.0589,0.15101688,1.314491e-07,9.448952e-06,0.40690000000000004,0.35860000000000003,0.1701,0.0713,0.027,0.1063,0.305,0.3698,-0.485589519650655,-0.33408833522083803,-0.07056798623063688,0.8583815028901735,0.7036382106174048,0.8583815028901735,-0.7351023161682033,0.5280135823429541,1.0578231292517006,0.4191651969429747,3.629350893697084,0.5666912306558585,-0.3880194279546681,0.3880194279546681,-0.6108964451313755,-0.6376750000000001,-0.06696272,-2007305.0,3126445.0
2,0.2796,0.0398,0.0512,0.0614,0.17707726,5.243987e-07,1.3286881e-05,0.3365,0.34940000000000004,0.1647,0.08070000000000001,0.0492,0.1008,0.2501,0.3014,-0.45687748783724014,-0.2134387351778656,-0.01992031872509962,0.7507827175954915,0.5811001410437237,0.7507827175954915,-0.6398826979472141,0.8338762214983714,1.2864321608040201,0.4899817850637523,2.7738095238095237,0.43385490753911804,-0.25860904794058065,0.25860904794058065,-0.4659871482384224,-0.44157499999999994,-0.05408162000000001,-2005885.0,3126435.0
2,0.3927,0.042300000000000004,0.0509,0.06770000000000001,0.17875598,3.2497346e-07,9.4086145e-06,0.4078,0.3765,0.1721,0.0844,0.049600000000000005,0.1063,0.29660000000000003,0.37160000000000004,-0.43536280233527935,-0.23090909090909092,-0.012935323383084533,0.8055172413793104,0.7427950187784147,0.8055172413793104,-0.7059079061685489,0.7518463810930575,1.2033096926713946,0.49041255084253343,3.694261523988711,0.4306864064602961,-0.39058073654390935,0.39058073654390935,-0.5556724530948622,-0.60595,-0.06636039999999999,-2004465.0,3126425.0
3,0.33680000000000004,0.0358,0.0329,0.0606,0.10796345,4.8789974e-07,7.1641593e-06,0.343,0.32170000000000004,0.1937,0.0998,0.046,0.11270000000000001,0.2665,0.309,-0.5233975619347228,-0.2572614107883818,0.16603295310519647,0.807836822329576,0.6178487948806376,0.807836822329576,-0.6950176144942125,0.5429042904290429,0.9189944134078212,0.5152297367062467,2.9884649511978707,0.5178451178451179,-0.2697455230914232,0.2697455230914232,-0.46328913516722736,-0.5864000000000001,-0.07768733999999997,-2017355.0,3103795.0
3,0.39230000000000004,0.0297,0.0281,0.0655,0.07091564,8.132457e-08,4.209311e-06,0.3904,0.36210000000000003,0.1754,0.0784,0.0256,0.112,0.2933,0.3538,-0.45620589456205896,-0.37605042016806717,-0.046554934823091226,0.8592417061611375,0.6994300422871853,0.8592417061611375,-0.7138488422892093,0.42900763358778626,0.9461279461279462,0.4469783352337514,3.5026785714285715,0.5808045165843331,-0.38206799365862254,0.38206799365862254,-0.5909176915799432,-0.6401000000000001,-0.06848271,-2017345.0,3105215.0
3,0.5106,0.042100000000000005,0.0455,0.08460000000000001,0.10706657,1.2505055e-07,4.91434e-06,0.5459,0.4763,0.234,0.10880000000000001,0.042300000000000004,0.1468,0.40800000000000003,0.5034000000000001,-0.4689265536723164,-0.3354380426203631,-0.03644646924829151,0.8476569567577347,0.8681036604662612,0.8476569567577347,-0.7157258064516129,0.5378250591016548,1.0807600950118763,0.46495726495726497,3.4782016348773843,0.5542615140285866,-0.37147461724415803,0.37147461724415803,-0.5731258840169731,-0.8327000000000001,-0.09365262999999999,-2017335.0,3106635.0
3,0.3864,0.0368,0.033100000000000004,0.0709,0.059699267,7.4309106e-08,3.8447893e-06,0.3995,0.3765,0.1719,0.07690000000000001,0.029,0.1206,0.3106,0.3632,-0.41598023064250406,-0.3166202414113278,-0.06602254428341389,0.8260869565217391,0.6837631995290483,0.8260869565217391,-0.6899190903127049,0.4668547249647391,0.8994565217391306,0.4473531122745783,3.2039800995024876,0.5324015247776367,-0.38420204191295004,0.38420204191295004,-0.5735183795948987,-0.6078749999999999,-0.05547910000000001,-2017335.0,3108055.0
2,0.5978,0.041100000000000005,0.052000000000000005,0.0809,0.12668525,2.0109117e-07,6.3967195e-06,0.5257000000000001,0.432,0.19440000000000002,0.0854,0.039900000000000005,0.109,0.38670000000000004,0.4703,-0.4122775154377044,-0.32622950819672125,-0.13166485310119694,0.871341367976209,0.9993124312431242,0.871341367976209,-0.7616030646824813,0.642768850432633,1.2652068126520681,0.4393004115226337,5.48440366972477,0.4523650899400399,-0.5092148447361777,0.5092148447361777,-0.6740950663403324,-0.9127,-0.09221812,-2017325.0,3109475.0
3,0.39230000000000004,0.0379,0.0344,0.0664,0.111465216,2.0285248e-07,6.4761234e-06,0.4228,0.38620000000000004,0.2116,0.09620000000000001,0.0359,0.1368,0.3301,0.38270000000000004,-0.5223021582733812,-0.2732502396931927,0.021337126600284514,0.8238028823802883,0.6924065506352355,0.8238028823802883,-0.710486156529322,0.5180722891566265,0.9076517150395778,0.4546313799621928,2.8676900584795324,0.5661133371493989,-0.29922172545123366,0.29922172545123366,-0.5217546362339516,-0.6814000000000001,-0.07518186,-2015935.0,3103795.0
3,0.3205,0.0456,0.038900000000000004,0.0663,0.11176056,3.5368203e-07,6.933593e-06,0.37220000000000003,0.35900000000000004,0.2124,0.10880000000000001,0.036000000000000004,0.11800000000000001,0.2761,0.3398,-0.5242195909580194,-0.1849865951742627,-0.038718291054739645,0.7508877355913686,0.5802203708680462,0.7508877355913686,-0.6571871768355738,0.5867269984917044,0.8530701754385965,0.512241054613936,2.7161016949152543,0.44254278728606355,-0.20285231750797522,0.20285231750797522,-0.3989879330478785,-0.5675,-0.08416938999999998,-2015925.0,3105215.0
3,0.3282,0.08560000000000001,0.0567,0.09140000000000001,0.1146539,6.129801e-07,6.420225e-06,0.3584,0.3244,0.30820000000000003,0.1753,0.041100000000000005,0.1656,0.2817,0.3181,-0.5425425425425425,-0.032768361581920896,-0.1595092024539877,0.5862735621072982,0.5187956655253962,0.5862735621072982,-0.5643469971401335,0.6203501094091903,0.6623831775700934,0.5687865022712524,1.9818840579710144,0.3184713375796178,-0.03142677561282206,0.03142677561282206,-0.19200991018891297,-0.6255750000000001,-0.11103694000000003,-2015925.0,3106625.0
3,0.33080000000000004,0.06280000000000001,0.048100000000000004,0.0816,0.06571861,1.4300942e-07,4.17914e-06,0.3554,0.33530000000000004,0.2087,0.10540000000000001,0.038,0.1288,0.2768,0.31920000000000004,-0.437822941784361,-0.13019390581717447,-0.11730545876887345,0.6808943089430893,0.5673980027471509,0.6808943089430893,-0.6042677012609118,0.5894607843137255,0.7659235668789809,0.5050311451844753,2.56832298136646,0.34446764091858034,-0.22632066728452274,0.22632066728452274,-0.3851215499908609,-0.5308000000000002,-0.06249442999999999,-2015915.0,3108045.0
3,0.30770000000000003,0.0809,0.0555,0.0902,0.07980771,2.3098289e-07,5.4628536e-06,0.33440000000000003,0.34,0.22130000000000002,0.1178,0.0328,0.1517,0.2669,0.2992,-0.42086677367576253,-0.054354178842782014,-0.2570781426953567,0.5836335563561503,0.49994552783527624,0.5836335563561503,-0.5466197537069616,0.6152993348115299,0.6860321384425216,0.5323090826931767,2.0283454185893213,0.30438521066208085,-0.16332703213610586,0.16332703213610586,-0.29275671827727356,-0.4830500000000001,-0.050392990000000026,-2015905.0,3109465.0
3,0.3113,0.0626,0.047400000000000005,0.0784,0.104329415,6.0585137e-07,7.130101e-06,0.3401,0.3185,0.2743,0.16060000000000002,0.0472,0.15560000000000002,0.2731,0.3042,-0.5554295435214063,-0.11205673758865244,-0.0021141649048626397,0.6651511099224392,0.5375168995042813,0.6651511099224392,-0.5976392096484475,0.604591836734694,0.757188498402556,0.5854903390448415,2.0006426735218508,0.4262144821264895,-0.06318306010928967,0.06318306010928967,-0.2328578793607149,-0.5948500000000001,-0.10317179000000001,-2017375.0,3098125.0
2,0.3492,0.0178,0.019200000000000002,0.040400000000000005,0.060195092,3.7315488e-08,4.4437315e-06,0.38870000000000005,0.3677,0.1545,0.06430000000000001,0.0205,0.0882,0.281,0.3496,-0.5854284248332478,-0.3883161512027492,0.03274559193954658,0.9029972752043598,0.6518292682926828,0.9029972752043598,-0.7926078028747434,0.4752475247524752,1.0786516853932586,0.41618122977346284,3.9591836734693877,0.6641509433962265,-0.38653960690887434,0.38653960690887434,-0.6355160932297447,-0.6192750000000001,-0.07488977999999999,-2017375.0,3099545.0
3,0.3153,0.0431,0.0364,0.06430000000000001,0.1093838,4.4209955e-07,6.6574585e-06,0.3277,0.3304,0.2255,0.12010000000000001,0.0374,0.1213,0.2554,0.2948,-0.5562456866804694,-0.19739292364990696,0.013550135501355025,0.759486607142857,0.5727957567837652,0.759486607142857,-0.661222339304531,0.5660964230171073,0.8445475638051044,0.5325942350332594,2.599340478153339,0.4756690997566911,-0.1660502958579882,0.1660502958579882,-0.3660905030102932,-0.5840250000000001,-0.09190607999999999,-2017365.0,3100965.0
3,0.3453,0.0359,0.0349,0.06910000000000001,0.07654579,1.0681748e-07,4.577836e-06,0.3678,0.3739,0.185,0.08700000000000001,0.0366,0.1318,0.2898,0.3311,-0.45611963793781973,-0.31619047619047624,0.023776223776223775,0.8116474291710389,0.6369375264636821,0.8116474291710389,-0.6665057915057915,0.5050651230101302,0.9721448467966574,0.4702702702702703,2.619878603945372,0.5718545020870601,-0.30228172732415615,0.30228172732415615,-0.511429139336116,-0.5660499999999999,-0.05572587,-2017355.0,3102375.0
3,0.269,0.07300000000000001,0.048100000000000004,0.0791,0.085037485,5.654037e-07,6.1027954e-06,0.2919,0.3014,0.2582,0.1514,0.0397,0.1443,0.2354,0.261,-0.5309813222650459,-0.040105193951347755,-0.09567198177676542,0.5730994152046783,0.4453110492107708,0.5730994152046783,-0.5455328928468831,0.6080910240202276,0.6589041095890411,0.5863671572424478,1.864171864171864,0.3281178094799816,-0.02048558421851296,0.02048558421851296,-0.17119113573407205,-0.5070999999999999,-0.08953658999999997,-2015965.0,3098115.0
3,0.3264,0.0472,0.0402,0.0666,0.15160005,4.9371124e-07,9.220344e-06,0.3579,0.3548,0.2257,0.1173,0.0381,0.1275,0.2802,0.3244,-0.5443037974683544,-0.17047451669595787,-0.026819923371647476,0.747323340471092,0.5877226511734577,0.747323340471092,-0.6610687022900764,0.6036036036036035,0.8516949152542374,0.5197164377492246,2.56,0.45964510589582147,-0.18239449375113206,0.18239449375113206,-0.38053097345132747,-0.592125,-0.08634647999999996,-2015955.0,3099535.0
3,0.30010000000000003,0.0539,0.044000000000000004,0.0697,0.13309903,9.193003e-07,8.835604e-06,0.3321,0.3075,0.2363,0.1273,0.0366,0.1292,0.25930000000000003,0.2974,-0.5444444444444445,-0.12783171521035594,-0.0918114143920596,0.6954802259887006,0.538345574023966,0.6954802259887006,-0.6230394808004328,0.6312769010043042,0.8163265306122449,0.5387219636055861,2.3227554179566563,0.4112506826870563,-0.1189410887397465,0.1189410887397465,-0.3101085094231868,-0.5545249999999999,-0.08918329,-2015945.0,3100955.0
3,0.2757,0.0376,0.0317,0.0627,0.084049754,1.4825463e-07,5.572619e-06,0.332,0.3265,0.2087,0.1008,0.0329,0.1305,0.26330000000000003,0.29660000000000003,-0.5379513633014001,-0.2502492522432702,0.018575851393188854,0.7599744653686562,0.5157294923034309,0.7599744653686562,-0.6294326241134751,0.5055821371610845,0.8430851063829786,0.48298993770963106,2.1126436781609192,0.5526472337894112,-0.13831544178364988,0.13831544178364988,-0.3790937640197398,-0.51295,-0.06878463999999998,-2015945.0,3102375.0
2,0.2985,0.045200000000000004,0.037000000000000005,0.0597,0.1240048,6.732434e-07,8.64129e-06,0.3407,0.3909,0.2016,0.10200000000000001,0.0357,0.1073,0.26230000000000003,0.305,-0.5430539609644087,-0.13822688274547185,-0.017881705639614887,0.736979924352633,0.5425243770314192,0.736979924352633,-0.6666666666666667,0.6197654941373535,0.8185840707964602,0.5059523809523809,2.7819198508853678,0.4072131147540983,-0.1937612477504499,0.1937612477504499,-0.39009736896623165,-0.5384,-0.07962849999999999,-2014545.0,3098115.0
3,0.44970000000000004,0.0284,0.0315,0.0611,0.083816186,1.4850497e-07,3.755245e-06,0.46440000000000003,0.4595,0.2059,0.0952,0.033100000000000004,0.11120000000000001,0.3544,0.4294,-0.5423220973782771,-0.3653631284916201,0.024767801857585203,0.8811964024262707,0.7918849586299095,0.8811964024262707,-0.7607674236491778,0.5155482815057283,1.1091549295774648,0.4623603691112191,4.044064748201439,0.5931232091690545,-0.37187309334960345,0.37187309334960345,-0.5912698412698412,-0.77535,-0.09788702999999999,-2014535.0,3099525.0
2,0.3477,0.029500000000000002,0.030100000000000002,0.0551,0.059482,8.546114e-08,3.2932226e-06,0.4162,0.41450000000000004,0.1792,0.0777,0.0274,0.1034,0.311,0.37670000000000003,-0.5296628254374732,-0.30260047281323876,-0.04695652173913045,0.8435843054082713,0.6464836983717619,0.8435843054082713,-0.7264150943396227,0.5462794918330308,1.0203389830508474,0.43359375000000006,3.362669245647969,0.5560571858540255,-0.3197950275194534,0.3197950275194534,-0.5579381443298969,-0.603075,-0.07431452999999998,-2014515.0,3103785.0
3,0.31370000000000003,0.0671,0.048400000000000006,0.0779,0.09935308,3.8886068e-07,6.0840493e-06,0.3438,0.3442,0.29100000000000004,0.16060000000000002,0.0354,0.1341,0.26330000000000003,0.3043,-0.5776633233938738,-0.07448275862068958,-0.1551312649164678,0.6475840336134454,0.5299268454888051,0.6475840336134454,-0.6021450459652707,0.6213093709884469,0.7213114754098361,0.5518900343642612,2.3392990305741987,0.33300198807157055,-0.03753927567388787,0.03753927567388787,-0.2278738555442523,-0.62375,-0.12277413000000001,-2014505.0,3105205.0
3,0.36610000000000004,0.0313,0.032600000000000004,0.058300000000000005,0.10452994,8.9028475e-08,5.469302e-06,0.3991,0.39780000000000004,0.1694,0.0762,0.031400000000000004,0.1119,0.3064,0.36660000000000004,-0.4879227053140096,-0.3013392857142857,-0.018749999999999996,0.8424760946149975,0.6750801893997251,0.8424760946149975,-0.7252591894439208,0.5591766723842195,1.0415335463258786,0.4498229043683589,3.2716711349419128,0.5628491620111732,-0.3673202614379085,0.3673202614379085,-0.5752666930067166,-0.6058500000000001,-0.06268978,-2014505.0,3106625.0
3,0.33430000000000004,0.0224,0.0213,0.0488,0.03898962,5.0127504e-08,2.8049262e-06,0.3516,0.3516,0.152,0.0625,0.0218,0.09730000000000001,0.2723,0.31980000000000003,-0.5139442231075696,-0.37078651685393266,0.01160092807424595,0.8744042612839923,0.6213759119905268,0.8744042612839923,-0.7452362307491517,0.43647540983606553,0.9508928571428571,0.4111842105263158,3.4357656731757453,0.6257309941520468,-0.3748714785112071,0.3748714785112071,-0.614528944381385,-0.5705250000000002,-0.05875706999999999,-2014495.0,3108045.0
3,0.3135,0.0729,0.0511,0.0892,0.059600107,1.3267993e-07,3.7267334e-06,0.35850000000000004,0.35400000000000004,0.2257,0.11410000000000001,0.0322,0.15410000000000001,0.29100000000000004,0.323,-0.43347094315655765,-0.1005552128315854,-0.226890756302521,0.6226708074534161,0.5197601725587687,0.6226708074534161,-0.5569903153712441,0.5728699551569506,0.7009602194787379,0.5055383252104564,2.034393251135626,0.35770925110132157,-0.16283382789317505,0.16283382789317505,-0.32197244379985496,-0.5061749999999999,-0.052710290000000014,-2014485.0,3109465.0
2,0.3264,0.036500000000000005,0.0324,0.0545,0.09527745,1.4379025e-07,5.4032116e-06,0.3925,0.4182,0.2121,0.10940000000000001,0.0325,0.1068,0.31020000000000003,0.36510000000000004,-0.5911477869467368,-0.19780219780219777,0.0015408320493066697,0.798842656379168,0.5985104422604424,0.798842656379168,-0.7138356524022054,0.5944954128440366,0.8876712328767121,0.5157944365865158,3.056179775280899,0.4905792044661549,-0.2122562674094708,0.2122562674094708,-0.42183475331880316,-0.61175,-0.09611706999999999,-2013095.0,3103775.0
3,0.3144,0.0328,0.0322,0.0567,0.11304065,1.7158389e-07,7.535742e-06,0.36510000000000004,0.3514,0.163,0.07540000000000001,0.0302,0.10550000000000001,0.2776,0.3296,-0.48384160218479744,-0.2670391061452514,-0.03205128205128203,0.8110599078341014,0.593210994723163,0.8110599078341014,-0.694421988682296,0.5679012345679012,0.9817073170731706,0.46257668711656447,2.9800947867298575,0.5256688358640638,-0.31713447842480097,0.31713447842480097,-0.5241864555848724,-0.5233000000000001,-0.05821793,-2013085.0,3105195.0
3,0.4292,0.033600000000000005,0.0327,0.0567,0.082126744,1.6667246e-07,4.5963625e-06,0.40700000000000003,0.39480000000000004,0.1827,0.08120000000000001,0.030100000000000002,0.0922,0.2948,0.3708,-0.5263157894736842,-0.25581395348837205,-0.041401273885350295,0.8547968885047537,0.7501714120746272,0.8547968885047537,-0.7666186458118955,0.5767195767195767,0.9732142857142856,0.4444444444444445,4.655097613882863,0.4658187599364069,-0.40284360189573465,0.40284360189573465,-0.6018727241199932,-0.7231000000000001,-0.08891529999999999,-2013085.0,3106615.0
3,0.41650000000000004,0.0264,0.027800000000000002,0.0504,0.11409043,1.2236833e-07,5.95976e-06,0.4156,0.42750000000000005,0.1519,0.06420000000000001,0.0267,0.0863,0.2967,0.3766,-0.5017301038062284,-0.3125,-0.02018348623853211,0.880785730413186,0.7427180913348946,0.880785730413186,-0.7841079460269865,0.5515873015873016,1.0530303030303032,0.4226464779460171,4.826187717265354,0.5314995563442769,-0.46551724137931044,0.46551724137931044,-0.6612450925406618,-0.68275,-0.07476855,-2013075.0,3108035.0
2,0.3476,0.0195,0.0224,0.044500000000000005,0.06016483,7.08878e-08,3.8725707e-06,0.4123,0.4048,0.1587,0.0651,0.023200000000000002,0.099,0.3085,0.3794,-0.5620078740157479,-0.39062500000000006,0.01754385964912285,0.8937619177335875,0.6551750732685485,0.8937619177335875,-0.7730170874776844,0.5033707865168539,1.1487179487179486,0.41020793950850665,3.511111111111111,0.670886075949367,-0.37309895318980846,0.37309895318980846,-0.6278046634403871,-0.6095249999999999,-0.06841098000000001,-2013065.0,3109455.0
2,0.37260000000000004,0.0269,0.0252,0.0442,0.114436276,1.4718175e-07,6.8473946e-06,0.3894,0.3735,0.17300000000000001,0.0755,0.0233,0.08310000000000001,0.2836,0.3547,-0.5930018416206263,-0.2433192686357244,-0.03917525773195874,0.865331664580726,0.6725650557620818,0.865331664580726,-0.7879078694817658,0.5701357466063348,0.9368029739776952,0.43641618497109824,4.483754512635379,0.5109090909090909,-0.3658357771260997,0.3658357771260997,-0.590563774490204,-0.6638250000000001,-0.08814707999999999,-2014525.0,3100945.0
3,0.3682,0.027100000000000003,0.0252,0.0459,0.081237376,1.089245e-07,5.1641387e-06,0.39940000000000003,0.3985,0.17420000000000002,0.0746,0.0251,0.09240000000000001,0.2972,0.3604,-0.5829168559745571,-0.25753424657534246,-0.001988071570576529,0.8628889451049835,0.665822030108809,0.8628889451049835,-0.7783144168075344,0.5490196078431372,0.9298892988929889,0.4282433983926521,3.984848484848485,0.5464435146443515,-0.35766961651917406,0.35766961651917406,-0.5891739042617653,-0.655,-0.08171719000000001,-2014525.0,3102365.0
3,0.31570000000000004,0.056600000000000004,0.044500000000000005,0.07390000000000001,0.099775724,3.8881896e-07,6.2022564e-06,0.3249,0.32220000000000004,0.2237,0.117,0.0366,0.11410000000000001,0.25420000000000004,0.2919,-0.5033602150537634,-0.13256704980842915,-0.09741060419235516,0.6959441310770885,0.5543868941772919,0.6959441310770885,-0.6206365503080081,0.6021650879566982,0.7862190812720848,0.5230219043361645,2.766871165644172,0.33684827182190974,-0.17055988134964778,0.17055988134964778,-0.3495691270138629,-0.5506000000000001,-0.08516462000000001,-2013125.0,3098105.0
2,0.3864,0.0246,0.0219,0.0424,0.10072859,2.5071202e-07,6.1842234e-06,0.35150000000000003,0.376,0.1635,0.0732,0.0244,0.0776,0.25980000000000003,0.3216,-0.588149587178242,-0.26567164179104474,0.0539956803455724,0.8802919708029197,0.6872787004927907,0.8802919708029197,-0.8022388059701493,0.5165094339622641,0.8902439024390244,0.4477064220183486,4.979381443298969,0.5185909980430529,-0.40534642662302234,0.40534642662302234,-0.6135151155898044,-0.6786500000000001,-0.0866236,-2013115.0,3099525.0
5,0.3874,0.057600000000000005,0.0446,0.0707,0.15895644,5.4314137e-07,8.364647e-06,0.3784,0.3387,0.2132,0.1206,0.033600000000000005,0.1192,0.2929,0.3504,-0.5019373018668546,-0.10210444271239279,-0.1406649616368286,0.741123595505618,0.6513407222023596,0.741123595505618,-0.6913337699192317,0.6308345120226309,0.7743055555555555,0.5656660412757973,3.25,0.3484162895927601,-0.29004329004329005,0.29004329004329005,-0.415929203539823,-0.6494,-0.08887422999999998,-2013105.0,3100945.0
2,0.432,0.0403,0.035500000000000004,0.0684,0.11800653,2.5736094e-07,5.9962526e-06,0.4101,0.4026,0.228,0.1143,0.0347,0.11280000000000001,0.3214,0.3753,-0.5384615384615385,-0.25850965961361544,-0.011396011396011424,0.8293457548168537,0.7386593726688219,0.8293457548168537,-0.7266187050359713,0.5190058479532164,0.8808933002481389,0.5013157894736842,3.829787234042553,0.4735467015022861,-0.3090909090909091,0.3090909090909091,-0.5029737984246905,-0.754925,-0.10594666,-2013105.0,3102355.0
3,0.28150000000000003,0.0671,0.050300000000000004,0.08030000000000001,0.108670175,5.094975e-07,7.1284976e-06,0.3035,0.3204,0.26,0.159,0.044700000000000004,0.13770000000000002,0.24130000000000001,0.2711,-0.5280634734058183,-0.08955223880597016,-0.05894736842105264,0.615031554790591,0.48716379079465894,0.615031554790591,-0.5561083471531233,0.6264009962640099,0.7496274217585693,0.6115384615384615,2.0442992011619463,0.3447265625,-0.039704524469067436,0.039704524469067436,-0.18946047678795483,-0.5214500000000002,-0.10067497999999994,-2011705.0,3098095.0
3,0.3019,0.031400000000000004,0.0279,0.0517,0.08319596,1.6511679e-07,5.5791606e-06,0.373,0.37610000000000005,0.192,0.0935,0.0268,0.1046,0.28350000000000003,0.3372,-0.5757078375051293,-0.24428399518652222,-0.020109689213893972,0.8115811581158117,0.5646539947699153,0.8115811581158117,-0.7075791855203619,0.5396518375241779,0.8885350318471337,0.48697916666666663,2.8862332695984705,0.5382352941176469,-0.222514679084835,0.222514679084835,-0.4506267868924565,-0.560325,-0.08253260999999998,-2011695.0,3099515.0
3,0.2805,0.0368,0.0316,0.0548,0.102107465,2.3078918e-07,7.146671e-06,0.30660000000000004,0.3423,0.1839,0.0893,0.0269,0.092,0.2277,0.2771,-0.5408462505236697,-0.19650655021834063,-0.08034188034188039,0.7680428616451308,0.5255477339239104,0.7680428616451308,-0.6731285416045332,0.5766423357664234,0.8586956521739132,0.4855899945622621,3.048913043478261,0.42857142857142855,-0.2080103359173127,0.2080103359173127,-0.4244637151985396,-0.5056750000000001,-0.07725138000000001,-2011695.0,3100935.0
1,0.2953,0.0264,0.0238,0.0438,0.14096247,3.620088e-07,9.9204535e-06,0.34240000000000004,0.37260000000000004,0.1759,0.0813,0.025400000000000002,0.0859,0.2523,0.3083,-0.6012744651797906,-0.24786324786324784,0.03252032520325204,0.83587193036991,0.5582261606022586,0.83587193036991,-0.7416691241521675,0.54337899543379,0.9015151515151516,0.46219442865264354,3.4377182770663564,0.5298308103294747,-0.25339558573853993,0.25339558573853993,-0.4953139643861294,-0.553175,-0.08295958999999997,-2011685.0,3102355.0
2,0.3628,0.0213,0.025900000000000003,0.046700000000000005,0.043932565,7.6138974e-08,2.6773448e-06,0.40090000000000003,0.3704,0.1461,0.057300000000000004,0.028800000000000003,0.0907,0.2934,0.36110000000000003,-0.5155601659751037,-0.37352941176470594,0.053016453382084085,0.8890913824524864,0.683225980637945,0.8890913824524864,-0.7719169719169718,0.5546038543897216,1.2159624413145542,0.3921971252566735,4.0,0.6196428571428572,-0.42582039693456475,0.42582039693456475,-0.6635994008131821,-0.6063749999999999,-0.06302357000000001,-2014485.0,3110875.0
2,0.365,0.031400000000000004,0.038400000000000004,0.056,0.12094212,1.628816e-07,7.3520077e-06,0.40850000000000003,0.3708,0.1453,0.0641,0.0376,0.1027,0.3043,0.3744,-0.44361649279682075,-0.28146453089244844,-0.01052631578947371,0.8415741675075682,0.6963015647226173,0.8415741675075682,-0.7339667458432304,0.6857142857142857,1.2229299363057324,0.4411562284927736,3.554040895813048,0.5316927665920955,-0.43053106016068976,0.43053106016068976,-0.6171577470434956,-0.571025,-0.051910159999999976,-2014475.0,3112295.0
2,0.3436,0.0247,0.0258,0.0455,0.09371615,1.3431907e-07,6.8054173e-06,0.3554,0.3619,0.127,0.056400000000000006,0.0256,0.0855,0.2589,0.3206,-0.4724637681159421,-0.2962962962962963,-0.0038910505836575638,0.8658702144990497,0.6426095663560041,0.8658702144990497,-0.7661269596504755,0.567032967032967,1.0445344129554657,0.4440944881889764,4.018713450292397,0.5517241379310345,-0.4602634934126647,0.4602634934126647,-0.6399556048834628,-0.55225,-0.05390408999999998,-2014465.0,3113715.0
2,0.36100000000000004,0.0229,0.025900000000000003,0.0488,0.092647724,6.260872e-08,5.8221217e-06,0.3375,0.3075,0.11380000000000001,0.0461,0.017,0.0787,0.2524,0.30610000000000004,-0.39975399753997537,-0.36122733612273367,-0.20745920745920746,0.8806980984631416,0.6744622934478397,0.8806980984631416,-0.7618350414836506,0.5307377049180328,1.1310043668122272,0.4050966608084358,4.587039390088946,0.5492125984251969,-0.5206402695871946,0.5206402695871946,-0.6973020399210353,-0.552775,-0.04635097000000001,-2014455.0,3115135.0
2,0.38470000000000004,0.0323,0.0412,0.065,0.10838435,2.2704899e-07,6.101612e-06,0.45230000000000004,0.4641,0.18630000000000002,0.0789,0.0431,0.10540000000000001,0.34650000000000003,0.41500000000000004,-0.4826900119379228,-0.33607399794450155,0.022538552787663094,0.8450839328537171,0.7321386372587634,0.8450839328537171,-0.710918390037803,0.6338461538461538,1.2755417956656345,0.4235104669887278,3.6499051233396584,0.5308641975308641,-0.3474605954465849,0.3474605954465849,-0.5859244088624094,-0.633075,-0.07375718,-2013065.0,3110875.0
2,0.30710000000000004,0.025,0.0327,0.046700000000000005,0.15753216,2.899587e-07,1.0519583e-05,0.2977,0.3386,0.125,0.0558,0.0373,0.07780000000000001,0.2165,0.2711,-0.4560279557367501,-0.30264993026499304,0.06571428571428571,0.849442938873833,0.6129058876923712,0.849442938873833,-0.7360090446579988,0.7002141327623126,1.3079999999999998,0.4464,3.9473007712082264,0.5136186770428016,-0.42143022448507295,0.42143022448507295,-0.6157869709938183,-0.48474999999999996,-0.04958066,-2013055.0,3112295.0
2,0.3534,0.0379,0.041800000000000004,0.062200000000000005,0.11749301,1.9135474e-07,7.1596114e-06,0.4017,0.3645,0.14020000000000002,0.064,0.0409,0.1097,0.2984,0.3635,-0.38537549407114624,-0.24275724275724275,-0.010882708585247945,0.8062867365192947,0.6672453247060679,0.8062867365192947,-0.7006737247353225,0.6720257234726689,1.1029023746701847,0.45649072753209696,3.2215132178669097,0.48644986449864497,-0.4319286871961101,0.4319286871961101,-0.5900221283443975,-0.5271,-0.04060014999999999,-2013045.0,3113705.0
2,0.4042,0.060000000000000005,0.0727,0.08710000000000001,0.22094433,7.546365e-07,1.19185115e-05,0.4171,0.4405,0.1787,0.09380000000000001,0.0816,0.12710000000000002,0.3146,0.3881,-0.3446200150489089,-0.18422841604350784,0.05767984445884644,0.7414907367514003,0.7797694737273883,0.7414907367514003,-0.6454304905353144,0.8346727898966704,1.2116666666666667,0.5249020705092334,3.1801730920535007,0.3586317477284875,-0.38685880940126954,0.38685880940126954,-0.512287934041541,-0.5604499999999999,-0.047127289999999974,-2013035.0,3115125.0
2,0.3846,0.0339,0.041,0.0669,0.15888304,2.2339225e-07,8.641752e-06,0.43660000000000004,0.4318,0.185,0.0799,0.0442,0.1232,0.3476,0.41290000000000004,-0.4688368400158793,-0.3273809523809524,0.037558685446009404,0.8379928315412187,0.7244045294806716,0.8379928315412187,-0.7036544850498339,0.6128550074738416,1.2094395280235988,0.43189189189189187,3.1217532467532467,0.5684277530235519,-0.35042134831460675,0.35042134831460675,-0.5780496848350019,-0.626175,-0.06096768999999999,-2011645.0,3110865.0
2,0.1355,0.015600000000000001,0.0257,0.027,0.13949938,1.5064954e-06,1.4918369e-05,0.218,0.3754,0.08750000000000001,0.0415,0.0339,0.055400000000000005,0.163,0.1968,-0.5283842794759827,-0.2676056338028169,0.13758389261744966,0.7935142289874255,0.3118155063443817,0.7935142289874255,-0.6676923076923077,0.9518518518518518,1.6474358974358974,0.47428571428571425,2.4458483754512637,0.5605633802816901,-0.21524663677130043,0.21524663677130043,-0.4768666972056802,-0.230925,-0.030209069999999994,-2011635.0,3112285.0
3,0.2985,0.038700000000000005,0.0281,0.051300000000000005,0.10257674,2.5022328e-07,7.161195e-06,0.3255,0.33180000000000004,0.1738,0.08070000000000001,0.0241,0.09050000000000001,0.24650000000000002,0.2927,-0.5442025766326076,-0.13999999999999999,-0.07662835249042146,0.7704626334519572,0.5360430319330278,0.7704626334519572,-0.706689536878216,0.5477582846003898,0.7260981912144702,0.4643268124280783,3.2983425414364635,0.40092879256965946,-0.2640271014185898,0.2640271014185898,-0.46457399103139013,-0.531925,-0.07166486,-2011675.0,3103775.0
3,0.2942,0.0685,0.0492,0.08020000000000001,0.09056299,2.9003618e-07,6.004599e-06,0.323,0.32880000000000004,0.251,0.1486,0.0344,0.13720000000000002,0.25520000000000004,0.2897,-0.5157004830917875,-0.07868190988567587,-0.1770334928229665,0.6222773642128481,0.49917676994461907,0.6222773642128481,-0.5715811965811967,0.6134663341645885,0.7182481751824817,0.5920318725099601,2.1443148688046647,0.3339815264948955,-0.07923697725605285,0.07923697725605285,-0.22533452274754687,-0.53095,-0.09369052999999994,-2011675.0,3105195.0
2,0.4062,0.0222,0.0235,0.043300000000000005,0.07994453,1.4509558e-07,4.1525072e-06,0.42750000000000005,0.432,0.17,0.07060000000000001,0.023,0.0844,0.3129,0.3935,-0.5939990623534928,-0.3221374045801527,-0.01075268817204302,0.896358543417367,0.7286798958295125,0.896358543417367,-0.80734149054505,0.5427251732101616,1.0585585585585584,0.41529411764705887,4.812796208530806,0.5834896810506567,-0.4099271086428323,0.4099271086428323,-0.6447846889952152,-0.7149,-0.08940967999999999,-2011665.0,3106605.0
3,0.4307,0.0269,0.0304,0.0604,0.09833002,1.2475252e-07,4.990692e-06,0.4051,0.42650000000000005,0.1821,0.08170000000000001,0.0296,0.0978,0.30920000000000003,0.37420000000000003,-0.5018556701030927,-0.3837342497136312,-0.013333333333333312,0.88243006993007,0.7696283263690346,0.88243006993007,-0.7540215841987375,0.5033112582781457,1.1301115241635689,0.4486545853926414,4.4038854805725975,0.5685645549318363,-0.40567885117493474,0.40567885117493474,-0.6187467087941022,-0.717375,-0.08522944,-2011655.0,3108025.0
3,0.2737,0.0323,0.0286,0.0487,0.11146483,3.2519102e-07,9.674328e-06,0.30760000000000004,0.3183,0.1768,0.0833,0.0284,0.09630000000000001,0.23800000000000002,0.2766,-0.5680709534368071,-0.2024691358024691,-0.0035087719298245402,0.7888888888888889,0.5203112529928172,0.7888888888888889,-0.6978908188585607,0.5872689938398358,0.8854489164086686,0.4711538461538461,2.842159916926272,0.49766718506998436,-0.21509433962264146,0.21509433962264146,-0.4467575975113663,-0.5045750000000001,-0.07030379,-2011655.0,3109445.0
3,0.2968,0.032600000000000004,0.027700000000000002,0.0495,0.114789195,1.9033253e-07,7.593864e-06,0.34600000000000003,0.3679,0.1713,0.0796,0.025400000000000002,0.09960000000000001,0.2634,0.3134,-0.5516304347826088,-0.20584652862362968,-0.04331450094161958,0.8020643594414085,0.5522126649281905,0.8020643594414085,-0.7141207045913948,0.5595959595959596,0.8496932515337423,0.46468184471687096,2.979919678714859,0.5068078668683812,-0.2681051057466353,0.2681051057466353,-0.4861460957178841,-0.5308,-0.06795081,-2010255.0,3103765.0
2,0.4171,0.0417,0.0415,0.06330000000000001,0.11775632,3.0001698e-07,6.5508066e-06,0.4541,0.4147,0.22360000000000002,0.109,0.0361,0.11520000000000001,0.34900000000000003,0.4198,-0.5587312652492157,-0.20571428571428577,-0.06958762886597941,0.8182214472537053,0.7382102429851407,0.8182214472537053,-0.7364696086594504,0.6556082148499209,0.9952038369304557,0.4874776386404293,3.6206597222222223,0.4684512428298279,-0.30201342281879195,0.30201342281879195,-0.5053339898243887,-0.7340500000000001,-0.10111817999999997,-2010255.0,3105185.0
3,0.31670000000000004,0.028300000000000002,0.0275,0.0495,0.11194886,1.7908215e-07,6.857407e-06,0.3699,0.3536,0.1918,0.0898,0.0281,0.11230000000000001,0.2853,0.33290000000000003,-0.5897223373394114,-0.27249357326478146,0.010791366906474817,0.8359420289855073,0.5963288420230424,0.8359420289855073,-0.7296559257236483,0.5555555555555556,0.9717314487632508,0.46819603753910327,2.820124666073019,0.5974395448079659,-0.24562438544739434,0.24562438544739434,-0.48907635734371624,-0.5890500000000001,-0.07836085999999996,-2010245.0,3106605.0
3,0.44010000000000005,0.0298,0.0296,0.0553,0.11866938,2.1255612e-07,6.2940417e-06,0.436,0.4161,0.1912,0.0863,0.0297,0.1047,0.3321,0.4031,-0.55131845841785,-0.299647473560517,0.0016863406408094332,0.873164503085763,0.7663039587658387,0.873164503085763,-0.7767460637868389,0.5352622061482821,0.9932885906040269,0.4513598326359832,4.203438395415473,0.5568773234200742,-0.3942658007286552,0.3942658007286552,-0.6036189825879139,-0.7575250000000002,-0.09039214,-2010235.0,3108025.0
3,0.35200000000000004,0.0511,0.044000000000000004,0.077,0.11488624,3.1765103e-07,7.0271853e-06,0.3539,0.3426,0.2291,0.1188,0.0383,0.1336,0.2776,0.3179,-0.4968964390721987,-0.20218579234972678,-0.06925880923450793,0.7464648970478791,0.6238898088213157,0.7464648970478791,-0.641025641025641,0.5714285714285715,0.8610567514677104,0.5185508511567002,2.634730538922156,0.44667027612344334,-0.21149543968335918,0.21149543968335918,-0.39954055486835127,-0.60545,-0.08256798999999998,-2010235.0,3109435.0
2,0.3763,0.0245,0.028900000000000002,0.0495,0.09235551,7.137954e-08,5.6327876e-06,0.39580000000000004,0.4055,0.1355,0.0565,0.028800000000000003,0.0966,0.2938,0.3624,-0.4648648648648649,-0.33783783783783783,-0.0017331022530329184,0.8777445109780438,0.7012743484749915,0.8777445109780438,-0.7674964772193519,0.5838383838383838,1.1795918367346938,0.4169741697416974,3.8954451345755694,0.5953757225433525,-0.4704962876123486,0.4704962876123486,-0.6668037844508432,-0.6009249999999999,-0.05329718,-2011625.0,3113705.0
2,0.2864,0.028800000000000003,0.032600000000000004,0.0502,0.07014859,1.8600821e-07,5.0265794e-06,0.31930000000000003,0.3148,0.11670000000000001,0.049300000000000004,0.034,0.0936,0.2441,0.29150000000000004,-0.3984421809466746,-0.2708860759493671,0.021021021021020995,0.817258883248731,0.5657363958178974,0.817258883248731,-0.7017231134878193,0.6494023904382471,1.1319444444444444,0.42245072836332476,3.0598290598290596,0.5294117647058822,-0.4209873480525923,0.4209873480525923,-0.6066481994459834,-0.43422499999999997,-0.02981669000000001,-2011625.0,3115115.0
2,0.3886,0.0244,0.0273,0.052500000000000005,0.07139371,8.144975e-08,4.4755225e-06,0.4017,0.3502,0.1531,0.0599,0.0307,0.09730000000000001,0.3017,0.3642,-0.4892996108949417,-0.36540962288686607,0.05862068965517241,0.8818401937046005,0.7119714339409886,0.8818401937046005,-0.7619587395148493,0.52,1.1188524590163935,0.3912475506205094,3.993833504624871,0.5990139687756779,-0.4347424773860069,0.4347424773860069,-0.6629348260695722,-0.6390250000000002,-0.061992119999999984,-2010225.0,3110855.0
2,0.3597,0.027800000000000002,0.031100000000000003,0.050800000000000005,0.074764684,9.8529455e-08,5.14904e-06,0.3874,0.3441,0.1331,0.055900000000000005,0.0308,0.09630000000000001,0.2876,0.3493,-0.4475258292550298,-0.2926208651399491,-0.004846526655896634,0.8565161290322582,0.6738449642373865,0.8565161290322582,-0.7524969549330085,0.6122047244094488,1.118705035971223,0.419984973703982,3.7352024922118376,0.5519742143432715,-0.4598214285714286,0.4598214285714286,-0.6472075869336144,-0.5671250000000001,-0.048683950000000004,-2010215.0,3112275.0
2,0.34640000000000004,0.028900000000000002,0.0371,0.0563,0.10668965,1.1799931e-07,7.5479857e-06,0.3598,0.3654,0.1448,0.0641,0.0286,0.0897,0.272,0.3299,-0.4400795624067628,-0.32159624413145543,-0.1293759512937595,0.8459898747668533,0.674237847851476,0.8459898747668533,-0.7203873851502358,0.6589698046181172,1.2837370242214532,0.4426795580110497,3.8617614269788185,0.5126475548060708,-0.41042345276872966,0.41042345276872966,-0.609653725078699,-0.5429250000000001,-0.05621085999999998,-2010215.0,3113695.0
2,0.3446,0.033600000000000005,0.0375,0.06420000000000001,0.14552306,1.796484e-07,8.264708e-06,0.3518,0.36960000000000004,0.1403,0.0636,0.0341,0.1005,0.26930000000000004,0.3181,-0.37212713936430314,-0.31288343558282206,-0.04748603351955308,0.8223162347964039,0.6544922724218349,0.8223162347964039,-0.6859099804305282,0.5841121495327102,1.1160714285714284,0.4533143264433357,3.4288557213930346,0.49888143176733785,-0.4213239843266653,0.4213239843266653,-0.594408512413937,-0.5134499999999999,-0.04343671999999998,-2010205.0,3115115.0
3,0.3773,0.057800000000000004,0.0482,0.0878,0.062187906,1.10659e-07,3.584355e-06,0.40080000000000005,0.3644,0.21180000000000002,0.1008,0.0425,0.14930000000000002,0.3183,0.36150000000000004,-0.41388518024032045,-0.20604395604395603,-0.0628445424476295,0.7343139508159043,0.6498238661382651,0.7343139508159043,-0.6224467856374973,0.5489749430523918,0.833910034602076,0.4759206798866855,2.527126590756865,0.441815548044423,-0.2809370225768121,0.2809370225768121,-0.4569423043999315,-0.5907500000000001,-0.05417002,-2008805.0,3110845.0
3,0.3392,0.0322,0.0357,0.0645,0.0520784,9.800792e-08,3.6336392e-06,0.3745,0.3708,0.1366,0.0577,0.0323,0.10980000000000001,0.2887,0.34,-0.3585280954748881,-0.3340227507755946,-0.05,0.8266020463112547,0.6450796663108369,0.8266020463112547,-0.6804557839980183,0.5534883720930233,1.108695652173913,0.4224011713030747,3.089253187613843,0.5464788732394366,-0.42580916351408155,0.42580916351408155,-0.6131669535283993,-0.5023249999999999,-0.03446238,-2008795.0,3112265.0
2,0.2746,0.0426,0.049100000000000005,0.061900000000000004,0.1715415,5.3195953e-07,1.51814575e-05,0.3033,0.33590000000000003,0.1361,0.0695,0.0456,0.08990000000000001,0.2291,0.27840000000000004,-0.37474747474747466,-0.18468899521531104,-0.03695881731784586,0.7313997477931904,0.5541546538147081,0.7313997477931904,-0.6320950965824665,0.7932148626817448,1.1525821596244132,0.5106539309331375,3.0545050055617353,0.3569811320754717,-0.3372291210129048,0.3372291210129048,-0.48554382744378155,-0.394825,-0.03934648999999999,-2008795.0,3113685.0
2,0.2664,0.024900000000000002,0.0297,0.0466,0.08934939,1.4501214e-07,8.662994e-06,0.2707,0.2738,0.10830000000000001,0.0488,0.0275,0.07050000000000001,0.19540000000000002,0.2398,-0.39832149774047776,-0.3034965034965035,-0.03846153846153847,0.8290422245108137,0.5373622228741461,0.8290422245108137,-0.7022364217252396,0.6373390557939914,1.1927710843373494,0.4506001846722068,3.7787234042553193,0.47798742138364775,-0.42193755004003203,0.42193755004003203,-0.6014061654948621,-0.40365000000000006,-0.03970805000000001,-2008785.0,3115105.0
3,0.3694,0.031200000000000002,0.0359,0.0587,0.08549548,1.6272962e-07,4.8773386e-06,0.45180000000000003,0.4242,0.2038,0.0932,0.037200000000000004,0.1236,0.3506,0.4202,-0.5527619047619048,-0.30589543937708563,0.0177838577291382,0.8442336495257114,0.6931292966170816,0.8442336495257114,-0.7257650081756598,0.6115843270868825,1.1506410256410255,0.4573110893032385,2.988673139158576,0.5968992248062015,-0.2889043963712491,0.2889043963712491,-0.5303001699074947,-0.6538500000000002,-0.08059533,-2010285.0,3098095.0
3,0.3385,0.024200000000000003,0.0246,0.046200000000000005,0.1125705,9.517073e-08,7.417011e-06,0.37160000000000004,0.37060000000000004,0.16340000000000002,0.0703,0.027200000000000002,0.0863,0.2752,0.3362,-0.5591603053435115,-0.3125,0.050193050193050225,0.8665563826854149,0.6327355295566504,0.8665563826854149,-0.7598128411749414,0.5324675324675324,1.0165289256198347,0.43023255813953487,3.9223638470451916,0.5619909502262443,-0.34887427774457064,0.34887427774457064,-0.5869755244755246,-0.595175,-0.07567036999999999,-2010275.0,3099505.0
3,0.3463,0.036000000000000004,0.031900000000000005,0.0585,0.08329262,2.68057e-07,6.163462e-06,0.3231,0.3235,0.15610000000000002,0.0746,0.0325,0.0959,0.2469,0.29000000000000004,-0.4547996272134204,-0.23809523809523808,0.009316770186335345,0.8116662307088675,0.6271493896678131,0.8116662307088675,-0.7109683794466404,0.5452991452991454,0.8861111111111112,0.4778987828315182,3.611053180396246,0.45413191811978765,-0.3785828025477707,0.3785828025477707,-0.5474631751227494,-0.5568,-0.059416409999999996,-2010275.0,3100925.0
3,0.4113,0.022600000000000002,0.0221,0.0422,0.071321815,5.8495996e-08,3.9321903e-06,0.40080000000000005,0.3655,0.17750000000000002,0.078,0.022500000000000003,0.0826,0.2926,0.36510000000000004,-0.615839781520255,-0.30246913580246915,0.008968609865470876,0.8958285319197972,0.7281251131303624,0.8958285319197972,-0.8138919514884233,0.523696682464455,0.9778761061946902,0.43943661971830983,4.9794188861985464,0.5703422053231939,-0.39707880434782605,0.39707880434782605,-0.6232209737827715,-0.7361,-0.09746308,-2010265.0,3102345.0
3,0.2722,0.047,0.0303,0.062,0.044332445,6.921887e-08,2.996824e-06,0.3063,0.308,0.21330000000000002,0.1076,0.0245,0.1315,0.2477,0.276,-0.5495822738830368,-0.13761467889908258,-0.10583941605839416,0.705513784461153,0.4774106032631221,0.705513784461153,-0.6289646918013165,0.48870967741935484,0.6446808510638298,0.5044538209095171,2.0699619771863116,0.47338935574229696,-0.12131822863027801,0.12131822863027801,-0.32356158389849043,-0.51605,-0.07027608,-2008865.0,3098085.0
3,0.3108,0.0385,0.032,0.059300000000000005,0.09832163,1.3948679e-07,6.4995525e-06,0.3432,0.3416,0.1908,0.0917,0.0275,0.11270000000000001,0.26080000000000003,0.3058,-0.5257896841263495,-0.21267893660531703,-0.07563025210084034,0.7795591182364731,0.5672914426179136,0.7795591182364731,-0.6795460686300999,0.5396290050590219,0.8311688311688312,0.4806079664570231,2.7577639751552794,0.49074074074074087,-0.23923444976076558,0.23923444976076558,-0.44947145877378436,-0.5492250000000001,-0.07154458999999999,-2008865.0,3099505.0
3,0.3745,0.0252,0.0223,0.0468,0.09058794,1.4451741e-07,5.331597e-06,0.3698,0.32730000000000004,0.1802,0.0823,0.028900000000000002,0.0971,0.2822,0.3365,-0.5876651982378854,-0.3,0.12890625000000003,0.8739054290718038,0.670654054253009,0.8739054290718038,-0.777830524566817,0.47649572649572647,0.8849206349206349,0.4567147613762486,3.8568486096807413,0.5878986099754702,-0.350279430322697,0.350279430322697,-0.5736664683720009,-0.672175,-0.08492699999999999,-2008855.0,3100925.0
3,0.3452,0.0235,0.0224,0.0477,0.105500534,7.6329705e-08,7.0038577e-06,0.38830000000000003,0.3783,0.1784,0.0767,0.0198,0.0976,0.2827,0.35200000000000004,-0.5780628040689961,-0.3398876404494382,-0.061611374407582895,0.8725250881475454,0.6368532847822789,0.8725250881475454,-0.7571901247136675,0.469601677148847,0.9531914893617022,0.42993273542600896,3.5368852459016393,0.6118909991742361,-0.31856378915202443,0.31856378915202443,-0.5716117999144933,-0.6245750000000001,-0.08177872,-2008845.0,3102335.0
2,0.39590000000000003,0.025,0.0258,0.0488,0.07688669,1.18583436e-07,5.2972696e-06,0.402,0.3723,0.1829,0.08120000000000001,0.022600000000000002,0.0989,0.2974,0.3687,-0.578765645230902,-0.3224932249322493,-0.0661157024793388,0.881206937514849,0.7133614315291334,0.881206937514849,-0.780526197436474,0.5286885245901639,1.032,0.4439584472389284,4.003033367037411,0.5964487489911218,-0.3680027643400139,0.3680027643400139,-0.5976510702784618,-0.7001,-0.08799578000000001,-2007445.0,3098075.0
2,0.45790000000000003,0.0262,0.0281,0.056900000000000006,0.05744437,3.148317e-08,2.7527042e-06,0.4647,0.45730000000000004,0.18710000000000002,0.082,0.0261,0.10550000000000001,0.3423,0.4254,-0.5336065573770492,-0.36943441636582436,-0.03690036900369001,0.8917579012600703,0.7964894791184535,0.8917579012600703,-0.778943278943279,0.49384885764499115,1.0725190839694656,0.4382683057188669,4.340284360189573,0.6021260440394837,-0.4198449612403101,0.4198449612403101,-0.6358128576236957,-0.7766500000000001,-0.09100823000000001,-2007445.0,3099495.0
1,0.41040000000000004,0.0216,0.0239,0.044700000000000004,0.09175498,8.822679e-08,5.5919386e-06,0.4409,0.39980000000000004,0.1837,0.0816,0.025400000000000002,0.08940000000000001,0.3264,0.41000000000000003,-0.6085814360770578,-0.3484162895927602,0.030425963488843837,0.9,0.7381223589932023,0.9,-0.8035596572181938,0.5346756152125279,1.1064814814814814,0.44420250408274364,4.590604026845638,0.6108108108108107,-0.3815855916512372,0.3815855916512372,-0.6159999999999999,-0.7351000000000001,-0.09841751999999998,-2008845.0,3103755.0
2,0.3327,0.0291,0.026000000000000002,0.052000000000000005,0.07080027,1.3679862e-07,3.743758e-06,0.43,0.37620000000000003,0.2084,0.09240000000000001,0.025900000000000003,0.1169,0.3366,0.39430000000000004,-0.6006144393241166,-0.28236744759556104,-0.0019267822736030711,0.8391376451077943,0.6116360588280119,0.8391376451077943,-0.7296594749155186,0.5,0.8934707903780069,0.4433781190019194,2.846022241231822,0.6013698630136985,-0.22971724265385324,0.22971724265385324,-0.49396084964598086,-0.63255,-0.08610307,-2008835.0,3105175.0
3,0.3417,0.034800000000000005,0.0296,0.0538,0.12221987,3.8683115e-07,7.630179e-06,0.3967,0.3482,0.2084,0.0975,0.0273,0.1078,0.30210000000000004,0.36000000000000004,-0.5896262395118231,-0.2144469525959367,-0.04042179261862917,0.8151394422310757,0.6168234851336093,0.8151394422310757,-0.7279393173198482,0.550185873605948,0.8505747126436781,0.4678502879078695,3.1697588126159553,0.511921458625526,-0.24231957825849845,0.24231957825849845,-0.4745830023828435,-0.636675,-0.09179028,-2008825.0,3106595.0
3,0.2848,0.0534,0.0432,0.0741,0.11439499,3.0507445e-07,7.0852284e-06,0.3322,0.3647,0.2379,0.1302,0.0473,0.1411,0.2641,0.2989,-0.525,-0.16235294117647056,0.045303867403314914,0.6842105263157895,0.5140493287542929,0.6842105263157895,-0.5870716076901644,0.5829959514170041,0.8089887640449438,0.5472887767969735,2.0184266477675408,0.45089974293059126,-0.08972642050889612,0.08972642050889612,-0.2822517591868647,-0.52305,-0.08161813000000001,-2008825.0,3108015.0
3,0.35950000000000004,0.0777,0.0541,0.09870000000000001,0.08890728,2.9361544e-07,5.2881533e-06,0.40080000000000005,0.3793,0.254,0.12890000000000001,0.0374,0.1807,0.3226,0.3598,-0.44031755032605613,-0.11904761904761907,-0.1825136612021858,0.6445562671546203,0.5782245853727245,0.6445562671546203,-0.5691837625491052,0.5481256332320161,0.6962676962676962,0.50748031496063,1.989485334809076,0.3986068111455108,-0.17196414017929915,0.17196414017929915,-0.33376330216059336,-0.587175,-0.058787160000000005,-2008815.0,3109435.0
3,0.3206,0.0563,0.0431,0.07980000000000001,0.07732368,1.8147826e-07,5.250933e-06,0.3644,0.40280000000000005,0.19920000000000002,0.0985,0.0369,0.13540000000000002,0.2883,0.3304,-0.4279569892473118,-0.1726671565025717,-0.07749999999999996,0.7012470151233748,0.5581395348837209,0.7012470151233748,-0.6013986013986014,0.5401002506265663,0.7655417406749555,0.49447791164658633,2.367799113737075,0.41262389149713097,-0.2335513659099653,0.2335513659099653,-0.40289296046287376,-0.512475,-0.05337445000000003,-2007425.0,3103755.0
2,0.3028,0.0262,0.0303,0.0487,0.07644161,2.8686225e-07,5.4451357e-06,0.2457,0.3553,0.1409,0.0737,0.0386,0.0684,0.1716,0.2141,-0.4862869198312237,-0.30040053404539385,0.12046444121915822,0.8407294832826748,0.592820928817684,0.8407294832826748,-0.7229018492176386,0.6221765913757701,1.1564885496183206,0.5230660042583393,4.426900584795321,0.44608879492600423,-0.36488618435880105,0.36488618435880105,-0.5385681293302541,-0.49507499999999993,-0.06897063,-2007415.0,3105165.0
2,0.3907,0.0251,0.026600000000000002,0.0475,0.099225,1.6589462e-07,5.5459077e-06,0.40130000000000005,0.39540000000000003,0.1874,0.0828,0.0335,0.08950000000000001,0.2969,0.3725,-0.5955725840783314,-0.3085399449035813,0.11480865224625623,0.8792688792688792,0.7092338649575197,0.8792688792688792,-0.7832040164308536,0.56,1.0597609561752988,0.44183564567769473,4.3653631284916194,0.56195462478185,-0.3516692613734647,0.3516692613734647,-0.5891089108910891,-0.7011000000000001,-0.09476116999999999,-2007405.0,3106585.0
2,0.4829,0.031200000000000002,0.0351,0.06570000000000001,0.094122596,2.3661255e-07,4.7936865e-06,0.445,0.404,0.1852,0.0823,0.0303,0.1018,0.3299,0.40790000000000004,-0.47628537265842963,-0.3560371517027864,-0.07339449541284401,0.8786228360241198,0.8359455521199844,0.8786228360241198,-0.7604812249362013,0.5342465753424657,1.125,0.44438444924406045,4.743614931237721,0.5308270676691729,-0.44559197724891475,0.44559197724891475,-0.6405384006334125,-0.7822250000000001,-0.08812162999999998,-2007405.0,3108005.0
3,0.36960000000000004,0.048,0.0388,0.0751,0.073597685,1.7799138e-07,3.9740635e-06,0.40650000000000003,0.3803,0.21250000000000002,0.10540000000000001,0.0333,0.1467,0.3174,0.3665,-0.4777468706536857,-0.22014622258326563,-0.07628294036061024,0.7701149425287357,0.6410068783843115,0.7701149425287357,-0.6622442095794918,0.5166444740346205,0.8083333333333333,0.496,2.519427402862986,0.5069337442218799,-0.26988489950180383,0.26988489950180383,-0.4538981844072623,-0.6202500000000001,-0.06714864999999999,-2007395.0,3109425.0
2,0.2336,0.021,0.022600000000000002,0.0361,0.13929841,8.150935e-08,1.0769801e-05,0.273,0.28550000000000003,0.101,0.0425,0.0238,0.06910000000000001,0.201,0.24760000000000001,-0.4733770970094822,-0.2644483362521891,0.025862068965517234,0.8350353495679498,0.47306948995882697,0.8350353495679498,-0.7322951427512051,0.6260387811634349,1.0761904761904761,0.4207920792079208,3.3806078147612153,0.5338512763596004,-0.39629408248655107,0.39629408248655107,-0.6027525805442602,-0.378425,-0.036201479999999994,-2008775.0,3116525.0
2,0.3789,0.035300000000000005,0.038,0.0648,0.08997031,1.188755e-07,5.660176e-06,0.3879,0.3664,0.1529,0.067,0.0417,0.1073,0.29550000000000004,0.3544,-0.4046853468075334,-0.29470529470529466,0.046424090338770416,0.8295509415741188,0.6984376196676112,0.8295509415741188,-0.7079107505070995,0.5864197530864198,1.0764872521246458,0.4381948986265533,3.531220876048462,0.5049088359046284,-0.42497179390748396,0.42497179390748396,-0.6059322033898304,-0.5809500000000001,-0.04978739999999998,-2007385.0,3110845.0
2,0.3416,0.0252,0.0304,0.047,0.09268101,1.4827847e-07,6.811006e-06,0.3845,0.3728,0.1434,0.0636,0.0317,0.0889,0.2755,0.3492,-0.5063025210084033,-0.30193905817174516,0.02093397745571657,0.8625954198473282,0.6552814674256799,0.8625954198473282,-0.7581060216160577,0.6468085106382979,1.2063492063492063,0.4435146443514645,3.84251968503937,0.558282208588957,-0.408659793814433,0.408659793814433,-0.6145833333333334,-0.5637,-0.06280211,-2007385.0,3112265.0
2,0.2654,0.0322,0.0359,0.0509,0.081788905,1.4093519e-07,7.824931e-06,0.2972,0.3289,0.1306,0.062,0.0329,0.0824,0.21930000000000002,0.2671,-0.43911845730027543,-0.2250300842358604,-0.043604651162790733,0.7836021505376344,0.5307941312481608,0.7836021505376344,-0.6781536515965856,0.7053045186640472,1.1149068322981368,0.4747320061255743,3.2208737864077674,0.43804537521815007,-0.3404040404040405,0.3404040404040405,-0.5236409608091024,-0.4153500000000001,-0.045536819999999985,-2007375.0,3113675.0
2,0.3236,0.0334,0.0374,0.0562,0.08299153,2.2945403e-07,6.638379e-06,0.3156,0.3131,0.11800000000000001,0.0606,0.0346,0.0889,0.24050000000000002,0.2897,-0.3547646383467279,-0.2544642857142857,-0.03888888888888894,0.8128851540616248,0.6237233614796943,0.8128851540616248,-0.70405476566614,0.6654804270462634,1.1197604790419162,0.5135593220338983,3.6400449943757027,0.45380212591986924,-0.46557971014492755,0.46557971014492755,-0.586813186813187,-0.46935,-0.0383575,-2007365.0,3115095.0
2,0.2675,0.0584,0.0698,0.07880000000000001,0.19009814,1.3126373e-06,1.6489825e-05,0.26380000000000003,0.33130000000000004,0.1269,0.06960000000000001,0.06520000000000001,0.09860000000000001,0.2063,0.24300000000000002,-0.233835683033544,-0.14868804664723037,-0.03407407407407402,0.6416078551702976,0.5577028508771931,0.6416078551702976,-0.5449032630667051,0.8857868020304568,1.1952054794520548,0.5484633569739953,2.712981744421907,0.2560509554140128,-0.3564908722109533,0.3564908722109533,-0.4498173221577477,-0.3074,-0.014461540000000002,-2007355.0,3116515.0
2,0.30410000000000004,0.0195,0.0246,0.0403,0.1416605,2.5171636e-07,1.141652e-05,0.31370000000000003,0.35350000000000004,0.11750000000000001,0.049300000000000004,0.031400000000000004,0.0716,0.2235,0.2735,-0.4892268694550064,-0.34782608695652173,0.12142857142857148,0.8794808405438812,0.599021510593563,0.8794808405438812,-0.7659698025551684,0.6104218362282878,1.2615384615384615,0.4195744680851064,4.247206703910615,0.5718990120746432,-0.4425996204933587,0.4425996204933587,-0.6538364779874213,-0.494725,-0.052154980000000004,-2005975.0,3110835.0
2,0.24000000000000002,0.0287,0.032,0.0475,0.05863642,9.670257e-08,5.6423655e-06,0.2869,0.3179,0.13290000000000002,0.0606,0.032600000000000004,0.0888,0.2169,0.2587,-0.47339246119733935,-0.24671916010498687,0.009287925696594477,0.7863788611834761,0.4873741682306774,0.7863788611834761,-0.6695652173913043,0.6736842105263158,1.1149825783972125,0.455981941309255,2.7027027027027026,0.5114893617021277,-0.28720836685438456,0.28720836685438456,-0.5056739551619154,-0.39345,-0.041731529999999996,-2005965.0,3112255.0
2,0.3121,0.025900000000000003,0.0281,0.049800000000000004,0.053636108,5.963743e-08,4.348758e-06,0.3195,0.2997,0.1275,0.0563,0.0246,0.0869,0.2434,0.28950000000000004,-0.4382402707275803,-0.3157199471598415,-0.06641366223908918,0.8467455621301776,0.6002387109608116,0.8467455621301776,-0.7247858524454268,0.5642570281124497,1.0849420849420848,0.4415686274509804,3.591484464902186,0.5407801418439716,-0.41992720655141036,0.41992720655141036,-0.6107954545454546,-0.492725,-0.04609464,-2005955.0,3113675.0
2,0.224,0.0181,0.023100000000000002,0.0333,0.041383173,5.7795642e-08,4.0936493e-06,0.2467,0.266,0.0925,0.0374,0.0219,0.060200000000000004,0.17750000000000002,0.21810000000000002,-0.47058823529411764,-0.29571984435797666,-0.026666666666666738,0.8504750103263115,0.46741708716090924,0.8504750103263115,-0.7411581811115429,0.6936936936936937,1.276243093922652,0.40432432432432436,3.7209302325581395,0.5376756066411238,-0.41548183254344395,0.41548183254344395,-0.6331791143423661,-0.35905,-0.03513688999999999,-2005945.0,3115095.0
2,0.3971,0.026600000000000002,0.0285,0.0655,0.07268571,6.2656405e-08,3.819491e-06,0.4138,0.4242,0.1766,0.07740000000000001,0.027100000000000003,0.10640000000000001,0.3181,0.38270000000000004,-0.45890128046261874,-0.4223669923995657,-0.025179856115107885,0.874439461883408,0.7194236568747906,0.874439461883408,-0.7168179853004756,0.4351145038167939,1.0714285714285714,0.4382785956964893,3.7321428571428568,0.6000000000000001,-0.3843472198012899,0.3843472198012899,-0.607250755287009,-0.6489499999999999,-0.07239251000000002,-2007435.0,3100915.0
3,0.3094,0.0692,0.0475,0.0823,0.10326621,2.3357867e-07,6.5772406e-06,0.3381,0.34940000000000004,0.225,0.11950000000000001,0.0361,0.1459,0.26080000000000003,0.2958,-0.4643670680117149,-0.08646864686468647,-0.13636363636363635,0.6344426835710513,0.5147074944275953,0.6344426835710513,-0.5797804442175135,0.5771567436208992,0.6864161849710982,0.5311111111111111,2.1206305688827967,0.3565783356578336,-0.15793413173652696,0.15793413173652696,-0.30828445747800587,-0.518475,-0.06409207,-2007425.0,3102335.0
2,0.3905,0.029900000000000003,0.0292,0.052500000000000005,0.0817624,1.388371e-07,5.104309e-06,0.4158,0.4312,0.18730000000000002,0.0823,0.0328,0.0913,0.28650000000000003,0.3673,-0.5621351125938283,-0.2742718446601942,0.0580645161290323,0.8577545195052332,0.7005329780146567,0.8577545195052332,-0.762979683972912,0.5561904761904761,0.9765886287625417,0.43940202883075274,4.27710843373494,0.5066006600660066,-0.35167878158532356,0.35167878158532356,-0.578116187253243,-0.6856750000000001,-0.09373562999999999,-2006035.0,3098075.0
2,0.23040000000000002,0.023,0.025400000000000002,0.038700000000000005,0.14485678,4.1202307e-07,1.3503524e-05,0.2706,0.3446,0.1164,0.053200000000000004,0.0303,0.0751,0.1995,0.2431,-0.5009671179883944,-0.2544570502431119,0.08797127468581685,0.8184688239936859,0.4694795823074965,0.8184688239936859,-0.7123745819397993,0.6563307493540051,1.1043478260869566,0.45704467353951894,3.067909454061252,0.5310907237512743,-0.32871972318339104,0.32871972318339104,-0.5409638554216868,-0.38475,-0.042749770000000006,-2006025.0,3099495.0
2,0.4022,0.027,0.0258,0.052500000000000005,0.082118824,9.3632934e-08,4.6919245e-06,0.3799,0.37270000000000003,0.18710000000000002,0.0845,0.023200000000000002,0.0951,0.2787,0.34290000000000004,-0.561769616026711,-0.3207547169811321,-0.05306122448979588,0.874184529356943,0.713868826147224,0.874184529356943,-0.7690785133054762,0.4914285714285714,0.9555555555555556,0.45163014430785675,4.229232386961093,0.5577395577395579,-0.3650093331070761,0.3650093331070761,-0.5866543095458758,-0.705775,-0.09188555000000001,-2006015.0,3100905.0
3,0.3808,0.026000000000000002,0.0251,0.057800000000000004,0.06397643,6.6295264e-08,4.474521e-06,0.38870000000000005,0.3924,0.1456,0.0614,0.0245,0.1023,0.2926,0.3529,-0.431661750245821,-0.3794749403341288,-0.012096774193548383,0.8721730580137659,0.6866634533387713,0.8721730580137659,-0.7364341085271318,0.4342560553633218,0.9653846153846153,0.4217032967032967,3.7223851417399807,0.5946999220576774,-0.4468085106382979,0.4468085106382979,-0.6456517332252178,-0.6046499999999999,-0.05468468,-2006015.0,3102325.0
2,0.385,0.027600000000000003,0.031200000000000002,0.0524,0.06323258,1.5420318e-07,3.9714514e-06,0.42750000000000005,0.3492,0.1491,0.0668,0.0279,0.0985,0.319,0.3932,-0.47990074441687347,-0.31,-0.055837563451776664,0.8662142510906446,0.7100865866626159,0.8662142510906446,-0.7604023776863283,0.5954198473282443,1.1304347826086956,0.4480214621059691,3.9086294416243654,0.5622521808088818,-0.4416775884665793,0.4416775884665793,-0.6302389345867606,-0.62225,-0.06320279999999999,-2004615.0,3098065.0
2,0.4687,0.040400000000000005,0.0455,0.0668,0.2960069,4.102051e-07,1.5061872e-05,0.5159,0.5196000000000001,0.22360000000000002,0.11,0.046700000000000005,0.1206,0.3997,0.4783,-0.5399449035812673,-0.24626865671641784,0.013015184381778813,0.8412885484187783,0.8258933459867869,0.8412885484187783,-0.750513538748833,0.6811377245508982,1.1262376237623761,0.49194991055456166,3.886401326699834,0.4981366459627329,-0.3540372670807453,0.3540372670807453,-0.547396930484502,-0.7984500000000001,-0.10277084,-2004605.0,3099485.0
3,0.4475,0.0351,0.0335,0.0618,0.09129216,4.3725965e-08,4.711327e-06,0.5087,0.4963,0.20090000000000002,0.0903,0.025900000000000003,0.12250000000000001,0.3851,0.4565,-0.5295013323182337,-0.2755417956656347,-0.12794612794612792,0.854537919602155,0.7702669083413299,0.854537919602155,-0.7573139603377185,0.5420711974110033,0.9544159544159545,0.4494773519163763,3.6530612244897958,0.5545685279187818,-0.38032078963602706,0.38032078963602706,-0.5864116094986807,-0.7620250000000002,-0.08681982000000005,-2004595.0,3100905.0
3,0.41100000000000003,0.028200000000000003,0.0274,0.0579,0.08098947,5.2922964e-08,5.0419017e-06,0.4335,0.3929,0.16440000000000002,0.0716,0.0233,0.1114,0.3305,0.3951,-0.4790823211875843,-0.3449477351916376,-0.08086785009861931,0.8715846994535519,0.7269222375791082,0.8715846994535519,-0.7530390275111964,0.4732297063903282,0.9716312056737588,0.43552311435523106,3.6894075403949733,0.5959885386819483,-0.4285714285714286,0.4285714285714286,-0.6291341508732813,-0.6730499999999999,-0.06572515999999998,-2004595.0,3102325.0
3,0.3375,0.053000000000000005,0.0454,0.0805,0.06658872,7.444918e-08,4.2615466e-06,0.3672,0.4057,0.21050000000000002,0.1014,0.04,0.1321,0.28650000000000003,0.3306,-0.4467353951890034,-0.20599250936329586,-0.06323185011709603,0.7285531370038413,0.6013307984790874,0.7285531370038413,-0.6148325358851674,0.5639751552795031,0.8566037735849056,0.4817102137767221,2.554882664647994,0.4273365748244192,-0.23175182481751824,0.23175182481751824,-0.4252745207519077,-0.55,-0.06364032,-2006005.0,3103745.0
3,0.2861,0.0844,0.053500000000000006,0.08660000000000001,0.094730854,2.4484396e-07,6.5110967e-06,0.317,0.3441,0.2419,0.1315,0.033100000000000004,0.1492,0.2503,0.2785,-0.4727549467275494,-0.012865497076023434,-0.23556581986143185,0.5443994601889338,0.4534411500449237,0.5443994601889338,-0.5352830694928897,0.6177829099307159,0.6338862559241707,0.5436130632492766,1.917560321715818,0.2773972602739726,-0.08371212121212124,0.08371212121212124,-0.2226822682268227,-0.48912500000000003,-0.06607530999999997,-2005995.0,3105165.0
3,0.40890000000000004,0.0374,0.0371,0.0784,0.09159639,9.559989e-08,5.1668862e-06,0.4243,0.4405,0.2034,0.0906,0.0329,0.13670000000000002,0.33630000000000004,0.3909,-0.44357700496806246,-0.35405872193436955,-0.060000000000000026,0.8323997311225634,0.7267997490867496,0.8323997311225634,-0.6782269649086804,0.47321428571428575,0.9919786096256684,0.44542772861356933,2.9912216532553035,0.5703618609994255,-0.3356197942185204,0.3356197942185204,-0.554006968641115,-0.6627000000000002,-0.06607684,-2005995.0,3106585.0
3,0.445,0.0437,0.0429,0.08220000000000001,0.079590455,9.0676544e-08,4.2549077e-06,0.47050000000000003,0.4484,0.2083,0.09630000000000001,0.0405,0.1532,0.3755,0.4354,-0.4340791738382099,-0.30579825258141385,-0.028776978417266178,0.821158174749335,0.7714461005449492,0.821158174749335,-0.6881638846737481,0.5218978102189781,0.9816933638443935,0.4623139702352377,2.9046997389033944,0.5561198577958354,-0.362314403796112,0.362314403796112,-0.5540691192865106,-0.7074750000000001,-0.06218146000000001,-2005985.0,3107995.0
3,0.3099,0.060000000000000005,0.047400000000000005,0.0813,0.09470072,2.0488201e-07,6.671679e-06,0.3311,0.36200000000000004,0.2272,0.11720000000000001,0.0424,0.1399,0.2629,0.2983,-0.4729335494327392,-0.1507430997876857,-0.05567928730512254,0.67558799675588,0.543784236153378,0.67558799675588,-0.584355828220859,0.5830258302583027,0.79,0.5158450704225352,2.215153681200858,0.3996998499249625,-0.15397505120089366,0.15397505120089366,-0.3369504209541628,-0.5257000000000001,-0.06836039999999997,-2005975.0,3109415.0
2,0.44730000000000003,0.0257,0.028300000000000002,0.0568,0.09829527,1.3148784e-07,4.196906e-06,0.4565,0.44870000000000004,0.2019,0.09390000000000001,0.0307,0.10060000000000001,0.3294,0.40180000000000005,-0.5608813297255509,-0.376969696969697,0.0406779661016949,0.8913319238900634,0.7864315278027714,0.8913319238900634,-0.7746478873239437,0.4982394366197183,1.1011673151750974,0.4650817236255573,4.4463220675944335,0.5930324623911322,-0.37800369685767105,0.37800369685767105,-0.5981182795698924,-0.780025,-0.10591842000000001,-2004585.0,3103735.0
3,0.3558,0.031,0.0296,0.056600000000000004,0.07046745,6.1002375e-08,3.8591006e-06,0.4012,0.4047,0.1728,0.0756,0.028300000000000002,0.1107,0.31070000000000003,0.3678,-0.5065387968613775,-0.29223744292237447,-0.022452504317789272,0.8397104446742502,0.6504773450522806,0.8397104446742502,-0.7255092143549953,0.5229681978798586,0.9548387096774194,0.4375,3.214092140921409,0.5624558927311222,-0.34619750283768447,0.34619750283768447,-0.5666666666666668,-0.6028999999999999,-0.06441619999999998,-2004575.0,3105155.0
3,0.3441,0.0352,0.0315,0.0594,0.13581963,1.313716e-07,9.190024e-06,0.3824,0.3835,0.19310000000000002,0.0917,0.0313,0.12010000000000001,0.2939,0.3411,-0.5295049504950495,-0.2558139534883721,-0.0031847133757961594,0.8143949380437648,0.6254880406353057,0.8143949380437648,-0.7055762081784387,0.5303030303030303,0.8948863636363635,0.4748834800621439,2.86511240632806,0.5466838377334191,-0.28108711839166045,0.28108711839166045,-0.4949253731343284,-0.602875,-0.07294468999999998,-2004575.0,3106575.0
2,0.3155,0.027700000000000002,0.031100000000000003,0.0492,0.12722057,1.9389987e-07,7.501742e-06,0.3826,0.3976,0.1532,0.0693,0.0334,0.0945,0.2847,0.3491,-0.5138339920948617,-0.27958387516254873,0.035658914728682115,0.8385780885780886,0.6095958989146542,0.8385780885780886,-0.7301891965999451,0.6321138211382115,1.1227436823104693,0.45234986945169714,3.3386243386243386,0.5466448445171849,-0.3462769362065287,0.3462769362065287,-0.5626690712353472,-0.5316249999999999,-0.06178763999999999,-2004565.0,3107995.0
2,0.2979,0.0287,0.0316,0.052700000000000004,0.105309784,1.6748011e-07,7.1692034e-06,0.3079,0.3639,0.1356,0.0597,0.037700000000000004,0.0915,0.2296,0.2826,-0.4402549123738715,-0.2948402948402949,0.08802308802308804,0.8242498469075321,0.5806909415294786,0.8242498469075321,-0.6993725042783798,0.5996204933586338,1.1010452961672474,0.44026548672566373,3.2557377049180327,0.5224625623960066,-0.3743944636678201,0.3743944636678201,-0.5769322804498683,-0.47197500000000003,-0.04500385000000002,-2004555.0,3109415.0
2,0.3567,0.0361,0.0359,0.0651,0.08181877,3.027439e-07,7.5319663e-06,0.2587,0.2664,0.1179,0.0575,0.030500000000000003,0.08370000000000001,0.2046,0.2391,-0.28852459016393445,-0.2865612648221344,-0.08132530120481925,0.8161914460285131,0.6561481538284575,0.8161914460285131,-0.6913229018492177,0.5514592933947773,0.9944598337950139,0.4877014418999152,4.261648745519713,0.3973288814691152,-0.5031605562579013,0.5031605562579013,-0.6149732620320855,-0.49887499999999996,-0.03619063,-2005945.0,3116505.0
2,0.2635,0.0223,0.0258,0.0422,0.060556,7.688403e-08,5.440835e-06,0.29100000000000004,0.2995,0.1107,0.0456,0.030600000000000002,0.07780000000000001,0.21830000000000002,0.2642,-0.44800523217789406,-0.3085271317829457,0.08510638297872343,0.8439468159552135,0.5287007808606081,0.8439468159552135,-0.7239123323519789,0.6113744075829384,1.15695067264574,0.4119241192411924,3.3868894601542414,0.5544455544455544,-0.40833778727952963,0.40833778727952963,-0.6198208286674132,-0.4186000000000001,-0.03682268000000001,-2004555.0,3110825.0
2,0.5174,0.0426,0.0553,0.08220000000000001,0.17886347,2.2823214e-07,7.789954e-06,0.5122,0.4112,0.1889,0.0884,0.0477,0.1311,0.3952,0.4728,-0.3935817041682036,-0.31730769230769235,-0.07378640776699032,0.847857142857143,0.9209644763482422,0.847857142857143,-0.7258172114743161,0.6727493917274938,1.2981220657276995,0.4679724722075172,3.946605644546148,0.5094991364421416,-0.46509981594223415,0.46509981594223415,-0.6276822509592156,-0.77655,-0.06866064,-2004545.0,3112245.0
2,0.3412,0.031100000000000003,0.0349,0.0553,0.07750918,1.4674663e-07,5.5553455e-06,0.35300000000000004,0.33190000000000003,0.1467,0.0639,0.034300000000000004,0.09190000000000001,0.2715,0.3252,-0.45247524752475243,-0.28009259259259256,-0.008670520231213818,0.8329304324469513,0.6491844713873859,0.8329304324469513,-0.7210592686002522,0.6311030741410488,1.1221864951768488,0.43558282208588955,3.712731229597388,0.4943089430894309,-0.39864726378356224,0.39864726378356224,-0.5966886011462535,-0.542725,-0.05394622999999996,-2004535.0,3113665.0
2,0.24330000000000002,0.0252,0.032,0.044500000000000005,0.050994575,1.9537806e-07,4.4267445e-06,0.2549,0.28350000000000003,0.1102,0.0497,0.0269,0.06960000000000001,0.1857,0.2265,-0.42469295410471886,-0.2769010043041607,-0.0865874363327674,0.8122905027932961,0.5050238198354267,0.8122905027932961,-0.6907574704656011,0.7191011235955056,1.2698412698412698,0.4509981851179673,3.4956896551724137,0.4683544303797469,-0.3765205091937765,0.3765205091937765,-0.5722444317532839,-0.3745750000000001,-0.038959530000000006,-2004535.0,3115085.0
2,0.2579,0.0332,0.0369,0.051500000000000004,0.1382885,4.70829e-07,9.898005e-06,0.29350000000000004,0.30860000000000004,0.1192,0.058300000000000005,0.038900000000000004,0.0867,0.2179,0.2664,-0.39660222612770935,-0.2160566706021252,0.026385224274406354,0.7718996908278941,0.5181090354555853,0.7718996908278941,-0.6670976082740789,0.7165048543689321,1.1114457831325302,0.4890939597315437,2.9746251441753175,0.44620517097581314,-0.36780694775921513,0.36780694775921513,-0.5262749158684961,-0.38542499999999996,-0.03463006999999999,-2004525.0,3116505.0
2,0.3478,0.029,0.0341,0.059800000000000006,0.08014974,9.8940724e-08,5.706721e-06,0.3617,0.3584,0.1428,0.059800000000000006,0.0292,0.10260000000000001,0.2793,0.3264,-0.4096742349457058,-0.34684684684684686,-0.07740916271721957,0.846072186836518,0.6638758342877452,0.846072186836518,-0.7065750736015701,0.5702341137123745,1.175862068965517,0.41876750700280113,3.389863547758284,0.5592705167173252,-0.41785568691398284,0.41785568691398284,-0.6226896112173359,-0.53735,-0.04489609,-2004505.0,3119335.0
2,0.3558,0.033600000000000005,0.0375,0.0616,0.10862246,1.1115968e-07,6.4759784e-06,0.391,0.3588,0.154,0.0678,0.0341,0.10260000000000001,0.2937,0.3517,-0.42857142857142855,-0.2941176470588235,-0.04748603351955308,0.8274268104776579,0.6706891823061553,0.8274268104776579,-0.7048394825107811,0.6087662337662337,1.1160714285714284,0.44025974025974024,3.467836257309941,0.5066079295154184,-0.3958415064731267,0.3958415064731267,-0.5900545785324439,-0.55625,-0.05396259999999997,-2004495.0,3120755.0
2,0.3926,0.0228,0.0264,0.0509,0.047825888,3.2827256e-08,2.7835729e-06,0.42410000000000003,0.3917,0.1636,0.0641,0.0238,0.0936,0.3103,0.388,-0.5254079254079254,-0.3812754409769335,-0.051792828685258925,0.8902262879152625,0.7200691001952833,0.8902262879152625,-0.7704622322435175,0.518664047151277,1.1578947368421053,0.3918092909535453,4.194444444444445,0.6082474226804123,-0.41172240201366417,0.41172240201366417,-0.6564538446333267,-0.664625,-0.07432963999999999,-2004485.0,3123595.0
2,0.34040000000000004,0.037000000000000005,0.0407,0.061500000000000006,0.07634211,2.524376e-07,5.064738e-06,0.39680000000000004,0.3748,0.18000000000000002,0.0826,0.0345,0.11080000000000001,0.2899,0.3602,-0.49068322981366463,-0.24873096446700507,-0.08244680851063825,0.8039215686274508,0.6474963210436305,0.8039215686274508,-0.6939537198308037,0.6617886178861788,1.0999999999999999,0.45888888888888885,3.072202166064982,0.49932341001353175,-0.30822444273635663,0.30822444273635663,-0.5222688236468944,-0.5655000000000001,-0.06709293000000002,-2004475.0,3125005.0
7,0.2131,0.1658,0.1263,0.15560000000000002,0.03704707,4.403889e-08,2.2413763e-06,0.23270000000000002,0.23,0.26230000000000003,0.21860000000000002,0.0922,0.19490000000000002,0.2136,0.22390000000000002,-0.25532424024886335,0.03173615432482883,-0.1560640732265446,0.12483504882554766,0.2910799984135169,0.12483504882554766,-0.1559533496067263,0.8116966580976862,0.7617611580217128,0.833396873808616,1.0933812211390457,0.08067646243415584,0.10349179638199414,-0.10349179638199414,0.062171870682508956,-0.1431500000000001,-0.028350120000000006,-2012855.0,3093795.0
7,0.16790000000000002,0.1379,0.12100000000000001,0.139,0.030516405,3.4302474e-08,2.5196255e-06,0.1807,0.1963,0.1825,0.14750000000000002,0.10600000000000001,0.16140000000000002,0.17370000000000002,0.1792,-0.13530326594090197,-0.003972553268327979,-0.06607929515418501,0.09810333551340754,0.2591009376723663,0.09810333551340754,-0.09416748126425546,0.8705035971223022,0.877447425670776,0.8082191780821919,1.0402726146220571,0.0785165385900435,0.04166666666666659,-0.04166666666666659,-0.006094375761797072,-0.02022500000000005,0.018519749999999974,-2012815.0,3093635.0
3,0.3246,0.0339,0.027,0.0568,0.061343033,1.1922121e-07,4.1000435e-06,0.37170000000000003,0.33680000000000004,0.1837,0.0901,0.030500000000000003,0.1107,0.2854,0.3408,-0.5276507276507277,-0.2524807056229328,0.060869565217391355,0.8108786610878662,0.5866465484722746,0.8108786610878662,-0.7021499737808075,0.4753521126760563,0.7964601769911505,0.4904735982580294,2.9322493224932247,0.5311203319502075,-0.2771985048199882,0.2771985048199882,-0.47855340622371745,-0.5709249999999999,-0.07310432,-2011735.0,3091005.0
2,0.31930000000000003,0.0275,0.0244,0.0459,0.06296513,2.1749734e-07,4.254704e-06,0.35050000000000003,0.3467,0.18660000000000002,0.0902,0.023700000000000002,0.0908,0.2612,0.3151,-0.6051612903225807,-0.2506811989100818,-0.014553014553014536,0.8414071510957323,0.592292323061554,0.8414071510957323,-0.7486308871851041,0.5315904139433552,0.8872727272727273,0.4833869239013933,3.5165198237885464,0.5350803043110736,-0.2623048033208144,0.2623048033208144,-0.4898136107498916,-0.5971500000000001,-0.0906402,-2011725.0,3092425.0
2,0.2757,0.057600000000000005,0.0426,0.0659,0.1280661,4.9948096e-07,7.659633e-06,0.2881,0.342,0.2233,0.1318,0.028300000000000002,0.10400000000000001,0.21830000000000002,0.2561,-0.5442600276625172,-0.06720647773279348,-0.20169252468265156,0.6543654365436543,0.4852127823014288,0.6543654365436543,-0.6141686182669789,0.6464339908952959,0.7395833333333333,0.5902373488580385,2.650961538461538,0.2871287128712871,-0.10501002004008017,0.10501002004008017,-0.25389009257435496,-0.5081999999999999,-0.09797344999999999,-2011725.0,3093845.0
2,0.3378,0.027700000000000002,0.027700000000000002,0.0441,0.09929283,1.06382366e-07,6.8447007e-06,0.3629,0.3649,0.16640000000000002,0.0751,0.0253,0.0787,0.2647,0.3326,-0.5809976247030879,-0.22841225626740944,-0.045283018867924574,0.8484268125854993,0.6301253616200577,0.8484268125854993,-0.7690494893951295,0.6281179138321996,1.0,0.4513221153846153,4.292249047013977,0.4793233082706767,-0.3399444664815549,0.3399444664815549,-0.5609651932521887,-0.599575,-0.08299408000000001,-2011715.0,3095265.0
3,0.2918,0.0489,0.0395,0.06420000000000001,0.13505596,6.616443e-07,9.547255e-06,0.3235,0.3245,0.1841,0.09340000000000001,0.0304,0.10400000000000001,0.2449,0.2921,-0.4828836085380588,-0.13527851458885948,-0.1301859799713877,0.7129439389492221,0.5280266883897747,0.7129439389492221,-0.6393258426966293,0.6152647975077881,0.8077709611451943,0.5073329712112983,2.8057692307692306,0.3603662524525834,-0.22630804790922462,0.22630804790922462,-0.3990709459459459,-0.49049999999999994,-0.06651789999999999,-2011715.0,3096675.0
1,0.3504,0.0448,0.0362,0.06570000000000001,0.1055005,1.0091841e-06,8.442443e-06,0.2585,0.2146,0.14850000000000002,0.0828,0.0736,0.0964,0.20370000000000002,0.23820000000000002,-0.3865546218487395,-0.18914027149321272,0.3406193078324225,0.7732793522267206,0.6167544705795059,0.7732793522267206,-0.6842105263157893,0.5509893455098934,0.8080357142857144,0.5575757575757575,3.6348547717842323,0.3654390934844193,-0.4046903187011424,0.4046903187011424,-0.5036950602878257,-0.5272,-0.049992760000000004,-2010315.0,3090995.0
5,0.3156,0.0775,0.0558,0.0839,0.115128525,8.033991e-07,7.64784e-06,0.29960000000000003,0.3264,0.1998,0.1297,0.0409,0.1231,0.2403,0.2767,-0.40853013746915756,-0.03965303593556384,-0.15408479834539815,0.6056982955990842,0.5223551868438441,0.6056982955990842,-0.5799749687108886,0.66507747318236,0.7200000000000001,0.6491491491491492,2.563769293257514,0.22731804586241278,-0.22467986030267753,0.22467986030267753,-0.2837884548911165,-0.47512499999999985,-0.06515831000000002,-2010315.0,3092415.0
2,0.341,0.0258,0.0246,0.0453,0.15615967,3.3440887e-07,9.133269e-06,0.3534,0.33390000000000003,0.1636,0.0745,0.023,0.081,0.2576,0.32020000000000004,-0.5662996649114408,-0.27426160337552746,-0.03361344537815127,0.8593238822246456,0.6304430717608479,0.8593238822246456,-0.7654672534299767,0.543046357615894,0.9534883720930233,0.4553789731051345,4.209876543209877,0.5168539325842696,-0.3515655965120888,0.3515655965120888,-0.5694355011805109,-0.6004250000000001,-0.08103957999999999,-2010305.0,3093835.0
3,0.32070000000000004,0.0246,0.0219,0.041800000000000004,0.108248055,1.9816457e-07,7.5832095e-06,0.3687,0.3458,0.1641,0.0703,0.018600000000000002,0.0921,0.273,0.33280000000000004,-0.593977659057795,-0.2590361445783133,-0.08148148148148142,0.8575152041702867,0.5959510754955715,0.8575152041702867,-0.7693793103448275,0.5239234449760765,0.8902439024390244,0.4283973187081048,3.482084690553746,0.5784061696658098,-0.3230198019801981,0.3230198019801981,-0.5661714285714287,-0.5832250000000001,-0.07338773000000001,-2010355.0,3079655.0
3,0.2348,0.0637,0.048600000000000004,0.0719,0.080806285,4.0629206e-07,5.9115705e-06,0.2899,0.3345,0.1942,0.1046,0.0268,0.11460000000000001,0.22490000000000002,0.2565,-0.4596016535137167,-0.06047197640117993,-0.2891246684350133,0.5731993299832496,0.41780439121756485,0.5731993299832496,-0.531137919791327,0.6759388038942976,0.7629513343799058,0.5386199794026776,2.048865619546248,0.2854739203589456,-0.09463869463869462,0.09463869463869462,-0.2548151427938897,-0.389,-0.05706820999999999,-2010355.0,3081065.0
3,0.3302,0.041600000000000005,0.0335,0.0635,0.1109396,3.7294626e-07,6.80121e-06,0.3664,0.34490000000000004,0.22870000000000001,0.11370000000000001,0.0368,0.1226,0.2868,0.3316,-0.5653661875427789,-0.20837297811607988,0.04694167852062585,0.7762237762237761,0.5900417748673366,0.7762237762237761,-0.6774193548387096,0.5275590551181103,0.8052884615384615,0.4971578487101006,2.693311582381729,0.4933008526187575,-0.1816067275004473,0.1816067275004473,-0.40154142581888247,-0.6176749999999999,-0.09230449,-2010345.0,3082485.0
2,0.3522,0.0158,0.0179,0.0339,0.09926879,1.6735494e-07,7.2214257e-06,0.3684,0.3965,0.1192,0.0482,0.019700000000000002,0.0703,0.26130000000000003,0.33590000000000003,-0.5571521881123448,-0.36418511066398385,0.04787234042553199,0.9141304347826088,0.6586935821748238,0.9141304347826088,-0.8243978243978245,0.528023598820059,1.1329113924050631,0.40436241610738255,5.009957325746799,0.6329849012775841,-0.4942723801442512,0.4942723801442512,-0.705137065192352,-0.5924,-0.06379265999999999,-2008945.0,3078225.0
3,0.3009,0.0205,0.0198,0.041800000000000004,0.056875292,6.9105624e-08,3.669071e-06,0.34900000000000003,0.35200000000000004,0.15460000000000002,0.0645,0.0175,0.0877,0.2617,0.3195,-0.5743380855397149,-0.3418940609951846,-0.06166219839142091,0.8724331051649035,0.573741571271758,0.8724331051649035,-0.7560548584768019,0.47368421052631576,0.9658536585365854,0.4172056921086675,3.4310148232611173,0.6210720887245841,-0.32118551042810095,0.32118551042810095,-0.5809711609563716,-0.542825,-0.06744438,-2008945.0,3079645.0
3,0.3221,0.0308,0.026000000000000002,0.0599,0.0850172,1.725763e-07,5.413966e-06,0.3402,0.3341,0.2064,0.10210000000000001,0.023,0.1179,0.2686,0.30960000000000004,-0.5501314307172362,-0.32083792723263505,-0.06122448979591842,0.8254463020685747,0.590327006631603,0.8254463020685747,-0.6863874345549738,0.43405676126878134,0.8441558441558442,0.49467054263565896,2.7319762510602206,0.5857431069266982,-0.21892147587511826,0.21892147587511826,-0.44740124740124737,-0.591475,-0.08368788999999999,-2008935.0,3081065.0
2,0.29660000000000003,0.0228,0.027,0.0444,0.12529,3.039956e-07,9.842146e-06,0.2948,0.3178,0.1358,0.0614,0.027800000000000002,0.07150000000000001,0.21480000000000002,0.2702,-0.507214206437292,-0.3214285714285714,0.01459854014598544,0.857232310582342,0.5838817125680396,0.857232310582342,-0.7395894428152493,0.6081081081081081,1.1842105263157894,0.4521354933726068,4.148251748251748,0.5164369034994698,-0.37187789084181316,0.37187789084181316,-0.5870524767042669,-0.4952500000000001,-0.06213627999999999,-2008935.0,3082485.0
2,0.3801,0.0273,0.030000000000000002,0.0482,0.14087956,1.1240542e-07,8.5250795e-06,0.4354,0.4038,0.1935,0.085,0.0275,0.1003,0.3104,0.39130000000000004,-0.6011584609019446,-0.2768211920529801,-0.04347826086956525,0.865979381443299,0.6997877018727727,0.865979381443299,-0.7749241186084519,0.6224066390041494,1.098901098901099,0.43927648578811374,3.78963110667996,0.5721003134796239,-0.3253138075313807,0.3253138075313807,-0.5700612557427259,-0.6886500000000001,-0.09383690999999998,-2007525.0,3078225.0
2,0.3421,0.0244,0.0221,0.0495,0.11276551,6.41644e-08,7.6106753e-06,0.3809,0.3865,0.1754,0.07590000000000001,0.0196,0.09670000000000001,0.27890000000000004,0.3491,-0.5598043574922188,-0.3396481732070365,-0.05995203836930461,0.866848567530696,0.6281232281232282,0.866848567530696,-0.7471910112359551,0.44646464646464645,0.9057377049180328,0.4327251995438997,3.5377456049638054,0.5970272502064409,-0.32212560386473427,0.32212560386473427,-0.5681377825618945,-0.6114250000000001,-0.07910600999999999,-2007525.0,3079645.0
2,0.374,0.0275,0.028900000000000002,0.0524,0.06875836,7.845759e-08,3.7340462e-06,0.4595,0.4267,0.1967,0.0863,0.0252,0.1081,0.3342,0.4132,-0.5792854275391409,-0.311639549436796,-0.06839186691312388,0.8630136986301369,0.6863301191151447,0.8630136986301369,-0.7542213883677298,0.5515267175572519,1.050909090909091,0.4387391967463142,3.459759481961147,0.5943952802359882,-0.3106711056597161,0.3106711056597161,-0.5595122895297078,-0.6745749999999999,-0.09037732000000001,-2007515.0,3081055.0
3,0.2801,0.0742,0.0519,0.081,0.13442254,6.922483e-07,8.5469455e-06,0.32580000000000003,0.33480000000000004,0.2383,0.1341,0.0349,0.1364,0.2558,0.2932,-0.4926401503288443,-0.043814432989690726,-0.195852534562212,0.581145921535422,0.46858276262115933,0.581145921535422,-0.5513708114095818,0.6407407407407407,0.6994609164420486,0.5627360469995804,2.053519061583578,0.295346628679962,-0.08063271604938273,0.08063271604938273,-0.22894688136220623,-0.4896749999999999,-0.07762238999999999,-2010335.0,3086745.0
3,0.2725,0.027700000000000002,0.0264,0.043300000000000005,0.077818505,9.67741e-08,5.3836916e-06,0.3148,0.3282,0.16340000000000002,0.0763,0.023200000000000002,0.08370000000000001,0.2343,0.2861,-0.5810353168843735,-0.21971830985915494,-0.06451612903225802,0.8154563624250499,0.5267590876118321,0.8154563624250499,-0.7257758074730842,0.6096997690531177,0.9530685920577616,0.4669522643818849,3.255675029868578,0.5026929982046678,-0.250286763019041,0.250286763019041,-0.48374286423430124,-0.500125,-0.07257747,-2010325.0,3088165.0
5,0.3027,0.051800000000000006,0.039,0.0616,0.10406167,1.6833842e-07,6.7133574e-06,0.29000000000000004,0.2736,0.22110000000000002,0.16720000000000002,0.0854,0.13140000000000002,0.23800000000000002,0.2802,-0.5642023346303503,-0.08641975308641972,0.3729903536977492,0.7077574047954865,0.5336487509462529,0.7077574047954865,-0.6618171836398573,0.6331168831168831,0.7528957528957528,0.7562189054726368,2.3036529680365296,0.4344978165938864,-0.15578465063001146,0.15578465063001146,-0.21883360085607273,-0.5509,-0.10192143000000001,-2010325.0,3089585.0
2,0.3146,0.0213,0.0235,0.042,0.075253755,6.3323974e-08,5.4772127e-06,0.32180000000000003,0.338,0.1355,0.0584,0.0213,0.0711,0.23040000000000002,0.2886,-0.5267605633802817,-0.3270142180094788,-0.04910714285714287,0.8731765406370945,0.6043517750661453,0.8731765406370945,-0.7644419517666854,0.5595238095238095,1.1032863849765258,0.4309963099630996,4.424753867791843,0.538961038961039,-0.39791157520550985,0.39791157520550985,-0.6184777405457157,-0.5320500000000001,-0.06563096000000002,-2008925.0,3083905.0
3,0.34500000000000003,0.0274,0.0246,0.0512,0.05557578,7.2735546e-08,3.648999e-06,0.3693,0.3642,0.1842,0.0833,0.0219,0.09860000000000001,0.2781,0.33890000000000003,-0.5649957519116398,-0.30279898218829515,-0.05806451612903228,0.8528464017185823,0.6303117216393691,0.8528464017185823,-0.7415446744068651,0.48046875,0.8978102189781022,0.4522258414766558,3.4989858012170387,0.5650793650793652,-0.30385487528344673,0.30385487528344673,-0.5390381011867582,-0.6203750000000001,-0.08266721999999999,-2008925.0,3085315.0
2,0.3476,0.024300000000000002,0.0227,0.042800000000000005,0.08375462,1.8894076e-07,5.6988565e-06,0.383,0.4016,0.1874,0.08600000000000001,0.0286,0.0883,0.2871,0.3542,-0.6281494352736751,-0.27570789865871836,0.11500974658869394,0.8693197095993548,0.6384007860030987,0.8693197095993548,-0.7807377049180327,0.5303738317757009,0.934156378600823,0.4589114194236926,3.936579841449604,0.5683836589698046,-0.2994392523364486,0.2994392523364486,-0.5409904286308781,-0.6513,-0.09493019999999999,-2008915.0,3086735.0
2,0.34600000000000003,0.0262,0.024200000000000003,0.0446,0.046790622,5.57363e-08,2.976372e-06,0.4026,0.3794,0.188,0.08170000000000001,0.021500000000000002,0.092,0.2968,0.3689,-0.6165090283748925,-0.2598870056497175,-0.05908096280087529,0.8592154755507792,0.6346372096542332,0.8592154755507792,-0.7716333845366102,0.5426008968609866,0.9236641221374047,0.4345744680851064,3.7608695652173916,0.5566835871404399,-0.29588014981273414,0.29588014981273414,-0.5486299937251622,-0.644875,-0.09123408,-2008905.0,3088155.0
2,0.34640000000000004,0.0268,0.0245,0.048600000000000004,0.044291686,5.5098532e-08,2.8731245e-06,0.3678,0.367,0.1721,0.077,0.0239,0.08800000000000001,0.2695,0.33430000000000004,-0.5595831445400996,-0.2891246684350133,-0.01239669421487603,0.8563772775991426,0.6341002682383164,0.8563772775991426,-0.7539240506329116,0.5041152263374485,0.914179104477612,0.44741429401510746,3.9363636363636365,0.5331010452961672,-0.3361620057859209,0.3361620057859209,-0.5626711607330946,-0.6125000000000002,-0.08171257999999998,-2008905.0,3089575.0
2,0.3103,0.0263,0.0238,0.045700000000000005,0.08557778,7.39485e-08,5.3725066e-06,0.3286,0.27590000000000003,0.167,0.0753,0.0316,0.0848,0.24810000000000001,0.30010000000000003,-0.5702867889045604,-0.2694444444444445,0.1407942238267148,0.8437314319667262,0.5811491935483871,0.8437314319667262,-0.7432584269662921,0.5207877461706784,0.9049429657794678,0.4508982035928144,3.6591981132075473,0.5265526552655265,-0.3002304630211607,0.3002304630211607,-0.5336240532476474,-0.5590750000000001,-0.07553111000000001,-2007505.0,3083895.0
3,0.32530000000000003,0.042800000000000005,0.037000000000000005,0.0712,0.08348109,1.6957522e-07,5.2676924e-06,0.3463,0.3808,0.19260000000000002,0.0935,0.0323,0.1179,0.2721,0.3156,-0.4601971190295679,-0.2491228070175438,-0.06782106782106787,0.767454496060853,0.5905641575961982,0.767454496060853,-0.6408575031525852,0.5196629213483147,0.8644859813084113,0.4854620976116303,2.759117896522477,0.46733042937149966,-0.256227070863101,0.256227070863101,-0.45326915363016457,-0.538475,-0.0649298,-2007505.0,3085315.0
2,0.3427,0.0198,0.0201,0.0427,0.11440365,1.8475652e-07,6.8707623e-06,0.39540000000000003,0.3796,0.17420000000000002,0.07540000000000001,0.023100000000000002,0.08610000000000001,0.2863,0.3628,-0.6062701705855232,-0.3664,0.0694444444444445,0.8907586206896553,0.6385275605569329,0.8907586206896553,-0.7784120394395433,0.4707259953161592,1.0151515151515151,0.43283582089552236,3.980255516840882,0.6260623229461757,-0.32598181466434506,0.32598181466434506,-0.5842794759825327,-0.6296499999999999,-0.08835082000000001,-2010295.0,3095255.0
2,0.3745,0.022500000000000003,0.0245,0.0444,0.078920014,1.5722513e-07,4.281172e-06,0.4218,0.3972,0.1913,0.0823,0.027700000000000002,0.0944,0.31820000000000004,0.39030000000000004,-0.6232498939329657,-0.3273542600896861,0.06130268199233719,0.8866498740554155,0.6892325099000565,0.8866498740554155,-0.7880162329911674,0.5518018018018018,1.0888888888888888,0.43021432305279667,3.9671610169491527,0.6150556030795551,-0.32378932484977024,0.32378932484977024,-0.5839618896387455,-0.692625,-0.09440951999999997,-2010295.0,3096675.0
2,0.396,0.029300000000000003,0.0268,0.055600000000000004,0.047653403,6.804764e-08,2.5344348e-06,0.4269,0.40290000000000004,0.19890000000000002,0.0893,0.0236,0.1085,0.3285,0.393,-0.5630648330058939,-0.30977620730270905,-0.06349206349206352,0.8622149071243829,0.7008316311642836,0.8622149071243829,-0.7537643932683792,0.48201438848920863,0.9146757679180887,0.44896933132227246,3.6497695852534564,0.5747460087082727,-0.3313161875945537,0.3313161875945537,-0.5618766161802734,-0.7042249999999999,-0.08971222000000001,-2008895.0,3090995.0
2,0.33890000000000003,0.0281,0.0269,0.0485,0.0766554,6.114542e-08,4.2915326e-06,0.38930000000000003,0.39740000000000003,0.1913,0.0889,0.0251,0.09820000000000001,0.29510000000000003,0.3563,-0.5954962468723936,-0.26631853785900783,-0.0346153846153846,0.8468664850136239,0.627340608845491,0.8468664850136239,-0.7496128033040785,0.554639175257732,0.9572953736654805,0.4647151071615264,3.4511201629327903,0.5550277117973079,-0.27838551490003777,0.27838551490003777,-0.5153272576636289,-0.624925,-0.0888648,-2008895.0,3092415.0
3,0.3023,0.0308,0.024200000000000003,0.0492,0.05777849,9.1215966e-08,4.6778855e-06,0.3126,0.3296,0.16590000000000002,0.07740000000000001,0.0194,0.0922,0.23520000000000002,0.2828,-0.5425383542538356,-0.22999999999999998,-0.1100917431192661,0.8150705493845692,0.5552619485294117,0.8150705493845692,-0.7200568990042673,0.49186991869918706,0.7857142857142858,0.4665461121157324,3.2787418655097613,0.4991869918699187,-0.2913284920973942,0.2913284920973942,-0.5021854152288935,-0.5357500000000002,-0.06963071,-2008885.0,3093825.0
2,0.39640000000000003,0.0329,0.030600000000000002,0.057,0.07937166,1.6072391e-07,4.3100213e-06,0.3648,0.3401,0.18580000000000002,0.0869,0.0229,0.0942,0.27290000000000003,0.3299,-0.5304777594728172,-0.26807563959955505,-0.14392523364485985,0.8467272303750292,0.7022648977497618,0.8467272303750292,-0.7485663872959859,0.5368421052631579,0.9300911854103344,0.46770721205597415,4.208067940552017,0.4822974036191976,-0.36173136379251114,0.36173136379251114,-0.5618141916605706,-0.678475,-0.08770254999999999,-2008875.0,3095245.0
2,0.3789,0.0287,0.0264,0.049300000000000004,0.09511771,2.3928283e-07,5.4261072e-06,0.3885,0.3705,0.20120000000000002,0.0932,0.024,0.09910000000000001,0.2922,0.3547,-0.6063872255489022,-0.26410256410256416,-0.0476190476190476,0.8591756624141315,0.6788485699504841,0.8591756624141315,-0.7697337692666978,0.5354969574036511,0.9198606271777003,0.46322067594433397,3.8234106962663974,0.5508607198748044,-0.30632649543182205,0.30632649543182205,-0.537556904400607,-0.6972,-0.09806879000000002,-2008875.0,3096665.0
3,0.32630000000000003,0.0459,0.0346,0.0682,0.12212143,3.1489134e-07,8.2575225e-06,0.33580000000000004,0.32370000000000004,0.2155,0.11280000000000001,0.031,0.1247,0.2627,0.3052,-0.5192104335565738,-0.19544259421560028,-0.0548780487804878,0.753358409457281,0.573573237967516,0.753358409457281,-0.6542458808618505,0.5073313782991202,0.7538126361655773,0.5234338747099768,2.6166800320769847,0.46189917936694025,-0.20450350682908827,0.20450350682908827,-0.38914549653579683,-0.5794000000000001,-0.08166962,-2007475.0,3090985.0
3,0.3589,0.0303,0.0296,0.055600000000000004,0.090718664,9.2521304e-08,4.962439e-06,0.4242,0.4032,0.1915,0.0852,0.0241,0.10250000000000001,0.32020000000000004,0.39280000000000004,-0.5499797652772156,-0.2945285215366706,-0.10242085661080078,0.8442959917780062,0.6574277697732616,0.8442959917780062,-0.7317249698431846,0.5323741007194245,0.976897689768977,0.44490861618798955,3.501463414634146,0.5436746987951808,-0.30414244186046513,0.30414244186046513,-0.5416666666666667,-0.6356999999999999,-0.08463509999999999,-2007475.0,3092405.0
3,0.2944,0.0458,0.0345,0.0637,0.108406104,5.052149e-07,7.4975137e-06,0.2919,0.3106,0.2225,0.12350000000000001,0.033800000000000004,0.1341,0.2354,0.2636,-0.5548567435359888,-0.16347031963470324,-0.010248901903367484,0.7307466196355085,0.5266893052005037,0.7307466196355085,-0.6442334543423625,0.5416012558869702,0.7532751091703057,0.555056179775281,2.1953765846383297,0.4908282379099499,-0.1390984716579609,0.1390984716579609,-0.32035327177840217,-0.550725,-0.08174984000000002,-2007465.0,3093825.0
3,0.2559,0.07100000000000001,0.0526,0.07690000000000001,0.06837899,2.571851e-07,4.4958574e-06,0.2743,0.2722,0.2513,0.1568,0.0431,0.1389,0.2177,0.2432,-0.5313833028641072,-0.03989181879648412,-0.09926854754440963,0.5656163964515142,0.441781885971726,0.5656163964515142,-0.5378605769230769,0.6840052015604681,0.7408450704225351,0.6239554317548746,1.8423326133909288,0.32348737494044777,-0.009069400630914812,0.009069400630914812,-0.15047548014171172,-0.4767500000000001,-0.0919471,-2007495.0,3086735.0
3,0.32280000000000003,0.06280000000000001,0.045200000000000004,0.0757,0.14664662,1.1270582e-06,9.363427e-06,0.3362,0.3216,0.2364,0.13440000000000002,0.0361,0.1317,0.2645,0.30560000000000004,-0.5148990708106377,-0.09314079422382666,-0.11193111931119315,0.6742738589211618,0.5469645744524475,0.6742738589211618,-0.6200752823086575,0.5970937912813739,0.7197452229299363,0.5685279187817259,2.4510250569476084,0.3542416452442159,-0.15450643776824038,0.15450643776824038,-0.30219391365888176,-0.5707500000000001,-0.08901808000000003,-2007495.0,3088155.0
2,0.31120000000000003,0.0279,0.024800000000000003,0.0431,0.1451132,3.0853448e-07,9.3556355e-06,0.3255,0.3365,0.1736,0.0843,0.025400000000000002,0.0834,0.2384,0.2909,-0.6022150438394094,-0.21408450704225349,0.011952191235059756,0.8354467708640521,0.5803032647377379,0.8354467708640521,-0.7567033587355347,0.5754060324825987,0.888888888888889,0.4855990783410138,3.731414868105516,0.49865229110512127,-0.2838283828382839,0.2838283828382839,-0.499330655957162,-0.5735750000000002,-0.0854773,-2007485.0,3089565.0
3,0.23750000000000002,0.052500000000000005,0.039900000000000005,0.0587,0.10779082,4.901886e-07,7.972911e-06,0.29760000000000003,0.3266,0.19870000000000002,0.1067,0.0313,0.10880000000000001,0.2315,0.2677,-0.5439005439005439,-0.05575539568345321,-0.12078651685393262,0.6379310344827586,0.4318771194893278,0.6379310344827586,-0.6036461850101283,0.6797274275979558,0.76,0.536990437845999,2.182904411764706,0.34903905765654064,-0.08895002292526363,0.08895002292526363,-0.2707283554741182,-0.4409750000000001,-0.07155191,-2006085.0,3083895.0
3,0.387,0.064,0.054900000000000004,0.0873,0.15121433,1.4623403e-07,7.872196e-06,0.44170000000000004,0.4274,0.23040000000000002,0.1259,0.037700000000000004,0.13670000000000002,0.3543,0.4157,-0.4504249291784702,-0.15399867812293458,-0.18574514038876885,0.7161862527716186,0.66470480044142,0.7161862527716186,-0.6318785578747629,0.6288659793814433,0.8578125000000001,0.5464409722222222,2.831016825164594,0.362232187344295,-0.2536443148688046,0.2536443148688046,-0.39886039886039887,-0.6214750000000001,-0.08159155,-2006085.0,3085305.0
3,0.4052,0.0308,0.028200000000000003,0.0584,0.112568185,1.9142627e-07,5.9707268e-06,0.4282,0.4042,0.19190000000000002,0.0868,0.029,0.1072,0.3286,0.39630000000000004,-0.533359968038354,-0.3094170403587444,0.013986013986013962,0.8587155963302753,0.7125136017410227,0.8587155963302753,-0.7480586712683347,0.48287671232876717,0.9155844155844156,0.4523189161021365,3.779850746268657,0.553623188405797,-0.3572265952101826,0.3572265952101826,-0.5731397459165153,-0.6997499999999999,-0.08527727,-2006075.0,3086725.0
3,0.2706,0.06280000000000001,0.0465,0.0728,0.113738365,7.6177116e-07,7.712353e-06,0.2937,0.3015,0.2369,0.13470000000000001,0.0396,0.13090000000000002,0.2323,0.2621,-0.5298676138198256,-0.07374631268436574,-0.0801393728222996,0.6232753449310137,0.4725676664228238,0.6232753449310137,-0.5760046592894583,0.6387362637362637,0.7404458598726114,0.5685943436048967,2.0672268907563023,0.3515745998967475,-0.06640394088669951,0.06640394088669951,-0.232413525068014,-0.4990750000000001,-0.08454086,-2006075.0,3088145.0
2,0.32730000000000004,0.0274,0.023700000000000002,0.0504,0.04649353,4.0641424e-08,3.00558e-06,0.369,0.3705,0.19740000000000002,0.08900000000000001,0.02,0.095,0.268,0.3347,-0.5932203389830509,-0.29562982005141386,-0.08466819221967967,0.8455032421764873,0.6018874386392178,0.8455032421764873,-0.7331215250198571,0.4702380952380953,0.8649635036496351,0.4508611955420466,3.445263157894737,0.5522875816993463,-0.24757004002287022,0.24757004002287022,-0.5019255455712452,-0.6151,-0.09352097,-2006065.0,3089565.0
3,0.3378,0.0281,0.025400000000000002,0.054200000000000005,0.082168125,9.1883535e-08,5.26901e-06,0.37010000000000004,0.35350000000000004,0.18480000000000002,0.081,0.0212,0.10740000000000001,0.28340000000000004,0.3331,-0.5464435146443515,-0.31713244228432563,-0.09012875536480691,0.846406121891227,0.6204118854016263,0.846406121891227,-0.723469387755102,0.46863468634686345,0.903914590747331,0.43831168831168826,3.145251396648044,0.585239852398524,-0.2927669345579793,0.2927669345579793,-0.5380055049756511,-0.6027499999999999,-0.07464854000000001,-2004675.0,3083885.0
2,0.5034000000000001,0.0234,0.021500000000000002,0.0446,0.079691604,9.018183e-08,3.6515473e-06,0.4842,0.42500000000000004,0.16390000000000002,0.06520000000000001,0.017400000000000002,0.0882,0.3519,0.45220000000000005,-0.5721822541966427,-0.31176470588235294,-0.10539845758354753,0.9111617312072894,0.833091632659944,0.9111617312072894,-0.8372262773722629,0.4820627802690583,0.9188034188034189,0.39780353874313606,5.70748299319728,0.5806451612903225,-0.5087666716619211,0.5087666716619211,-0.7111654441727792,-0.8516500000000002,-0.09214670000000003,-2004665.0,3085305.0
2,0.30770000000000003,0.020200000000000003,0.0221,0.0427,0.06637047,9.102821e-08,4.5000234e-06,0.3297,0.3509,0.14980000000000002,0.065,0.026600000000000002,0.0799,0.24550000000000002,0.3005,-0.5563636363636364,-0.3577106518282988,0.09240246406570841,0.8767917047880451,0.59300162292681,0.8767917047880451,-0.7562785388127853,0.5175644028103045,1.094059405940594,0.43391188251001334,3.8510638297872344,0.5964035964035964,-0.3451366120218579,0.3451366120218579,-0.5893975903614458,-0.54115,-0.06893437,-2007465.0,3095245.0
1,0.3593,0.0506,0.0417,0.07400000000000001,0.10989891,3.7817955e-07,6.170794e-06,0.39390000000000003,0.3941,0.2255,0.11030000000000001,0.0368,0.13540000000000002,0.3106,0.3602,-0.5058430717863105,-0.18780096308186203,-0.062420382165605116,0.7531105147596976,0.6278191312076437,0.7531105147596976,-0.6584352642510962,0.5635135135135134,0.8241106719367589,0.4891352549889135,2.6536189069423926,0.4559139784946237,-0.22879616963064298,0.22879616963064298,-0.4273002313578928,-0.622925,-0.07839509,-2007455.0,3096665.0
3,0.3085,0.058300000000000005,0.0439,0.0757,0.11228352,7.109463e-07,6.3921466e-06,0.3373,0.3335,0.2446,0.134,0.029900000000000003,0.13390000000000002,0.2664,0.307,-0.5273181392444583,-0.1298507462686567,-0.18970189701897017,0.6821155943293347,0.5364358000075241,0.6821155943293347,-0.6059344091618949,0.5799207397622193,0.7530017152658661,0.5478331970564186,2.303958177744585,0.39334027055150883,-0.11553064545290179,0.11553064545290179,-0.29392326051037265,-0.5630000000000001,-0.09166199999999997,-2006065.0,3090985.0
3,0.2758,0.0536,0.0424,0.0712,0.13836396,6.805211e-07,9.623185e-06,0.3155,0.3315,0.21480000000000002,0.1207,0.0358,0.1272,0.2485,0.2861,-0.5020979020979021,-0.14102564102564102,-0.08439897698209722,0.6745598057073466,0.4970298577458184,0.6745598057073466,-0.5896253602305476,0.5955056179775281,0.7910447761194029,0.5619180633147113,2.1682389937106916,0.4070796460176991,-0.12433754586220946,0.12433754586220946,-0.29218274111675124,-0.48532500000000006,-0.07496927,-2006055.0,3092395.0
2,0.4592,0.0224,0.024800000000000003,0.053500000000000006,0.06546652,7.371306e-08,2.8418408e-06,0.4562,0.4107,0.20980000000000001,0.0927,0.0211,0.10020000000000001,0.34400000000000003,0.42160000000000003,-0.5936194454994302,-0.4097496706192359,-0.08061002178649242,0.9069767441860466,0.7996589940323955,0.9069767441860466,-0.7913009557245952,0.4635514018691589,1.1071428571428572,0.44184938036224974,4.582834331337325,0.634584013050571,-0.37279521674140503,0.37279521674140503,-0.6157569687865131,-0.8217750000000001,-0.11061407000000001,-2006045.0,3093815.0
2,0.35850000000000004,0.026500000000000003,0.0213,0.039900000000000005,0.07158264,1.1509657e-07,4.5838497e-06,0.3612,0.3597,0.1678,0.07400000000000001,0.0182,0.08120000000000001,0.2712,0.33280000000000004,-0.6157920077034185,-0.20180722891566263,-0.07848101265822781,0.8623376623376623,0.6405818449640951,0.8623376623376623,-0.799698795180723,0.5338345864661653,0.8037735849056603,0.4410011918951133,4.415024630541872,0.5078922934076137,-0.36234087022610684,0.36234087022610684,-0.5815115552779512,-0.6499,-0.08504144000000001,-2006045.0,3095235.0
2,0.3416,0.0322,0.0322,0.0529,0.13318716,1.2234747e-07,8.938976e-06,0.3694,0.3679,0.182,0.08270000000000001,0.0273,0.09040000000000001,0.266,0.33080000000000004,-0.5495955725840783,-0.24324324324324326,-0.08235294117647056,0.8277153558052435,0.6354287481636126,0.8277153558052435,-0.7318124207858048,0.608695652173913,1.0,0.45439560439560445,3.7787610619469025,0.47471451876019577,-0.3048128342245989,0.3048128342245989,-0.5297728667894414,-0.6002750000000001,-0.08384323,-2006035.0,3096655.0
2,0.3366,0.020900000000000002,0.021400000000000002,0.044500000000000005,0.053270165,3.7813187e-08,3.7218235e-06,0.3628,0.3527,0.16820000000000002,0.0718,0.018000000000000002,0.08170000000000001,0.26780000000000004,0.3309,-0.5815702867889045,-0.36085626911314983,-0.08629441624365482,0.8830769230769229,0.6305032654629275,0.8830769230769229,-0.7664654946208345,0.48089887640449436,1.0239234449760766,0.4268727705112961,4.119951040391676,0.5925925925925926,-0.33359746434231374,0.33359746434231374,-0.5886398934990015,-0.6066,-0.08306148999999999,-2004645.0,3090975.0
2,0.3528,0.024300000000000002,0.0256,0.0453,0.05789663,6.412267e-08,3.2763749e-06,0.3995,0.39280000000000004,0.1757,0.0794,0.0273,0.0891,0.2969,0.37160000000000004,-0.5900452488687782,-0.3017241379310345,0.03213610586011342,0.8711217183770884,0.6564365528853513,0.8711217183770884,-0.7724189902034664,0.565121412803532,1.0534979423868311,0.45190665907797384,3.95959595959596,0.5714285714285714,-0.3350993377483444,0.3350993377483444,-0.5697987969300975,-0.6340499999999999,-0.08640536999999998,-2004635.0,3092395.0
3,0.41340000000000005,0.031200000000000002,0.029,0.0635,0.06449008,8.34316e-08,3.4223176e-06,0.44630000000000003,0.40900000000000003,0.188,0.0844,0.020300000000000002,0.1139,0.33890000000000003,0.41290000000000004,-0.49502982107355864,-0.3410770855332629,-0.1764705882352941,0.8596491228070176,0.7246764514496422,0.8596491228070176,-0.7336967917802475,0.4566929133858268,0.9294871794871795,0.448936170212766,3.6294995610184375,0.5699517574086836,-0.37479215164615903,0.37479215164615903,-0.585663082437276,-0.6932500000000001,-0.07946568,-2004635.0,3093815.0
2,0.4169,0.0257,0.025500000000000002,0.053200000000000004,0.089931756,1.03497506e-07,5.397367e-06,0.43210000000000004,0.4025,0.1862,0.078,0.023100000000000002,0.09820000000000001,0.31870000000000004,0.396,-0.5555555555555556,-0.34854245880861856,-0.0493827160493827,0.8838680524175327,0.7367105120121752,0.8838680524175327,-0.7736651776217826,0.4793233082706767,0.9922178988326849,0.4189044038668099,4.245417515274949,0.5851493139628733,-0.3825236279224009,0.3825236279224009,-0.6202160776414576,-0.72665,-0.08941599,-2007515.0,3082475.0
2,0.34940000000000004,0.0229,0.0245,0.0523,0.049600925,7.061362e-08,3.2925436e-06,0.381,0.37260000000000004,0.1642,0.0669,0.0207,0.1038,0.29000000000000004,0.3456,-0.5168591224018476,-0.39095744680851063,-0.08407079646017701,0.8769809293580447,0.6527761789647366,0.8769809293580447,-0.7396066716455065,0.4684512428298279,1.0698689956331877,0.4074299634591961,3.366088631984586,0.638516179952644,-0.3605919003115265,0.3605919003115265,-0.6126806124649559,-0.5984250000000001,-0.06410774,-2006105.0,3078215.0
3,0.2735,0.053200000000000004,0.0367,0.0733,0.07048748,2.2349357e-07,4.816918e-06,0.299,0.30460000000000004,0.2015,0.10110000000000001,0.0261,0.1279,0.23470000000000002,0.2639,-0.4665211062590975,-0.15889328063241107,-0.16878980891719747,0.6743189470462198,0.4786139891456982,0.6743189470462198,-0.577277970011534,0.5006821282401092,0.6898496240601504,0.5017369727047146,2.1383893666927287,0.41247929320817234,-0.15157894736842106,0.15157894736842106,-0.3356297093649085,-0.46727499999999994,-0.05857830999999997,-2006105.0,3079635.0
3,0.318,0.029500000000000002,0.0256,0.049600000000000005,0.1190781,2.4544596e-07,8.559121e-06,0.3252,0.3266,0.1777,0.0868,0.0241,0.1024,0.2515,0.2967,-0.5635723713154421,-0.25410872313527183,-0.030181086519114716,0.8302158273381294,0.5874904067536455,0.8302158273381294,-0.7301414581066376,0.5161290322580645,0.8677966101694915,0.4884637028700056,3.10546875,0.5526914329037149,-0.28303409320153317,0.28303409320153317,-0.4942378777995216,-0.5722499999999999,-0.07486052999999998,-2006095.0,3081055.0
2,0.4283,0.031400000000000004,0.0309,0.0521,0.11244462,9.766817e-08,6.4360697e-06,0.4304,0.447,0.1721,0.0745,0.0263,0.0902,0.31620000000000004,0.40030000000000004,-0.535236396074933,-0.2479041916167664,-0.08041958041958042,0.8633891668479444,0.7504603054261887,0.8633891668479444,-0.783097418817652,0.5930902111324377,0.984076433121019,0.4328878558977339,4.748337028824833,0.4835526315789473,-0.4267155229846768,0.4267155229846768,-0.6251990798088835,-0.720825,-0.08459795999999997,-2006095.0,3082475.0
2,0.3159,0.0189,0.020300000000000002,0.0419,0.060830332,5.6609508e-08,5.116353e-06,0.3194,0.31320000000000003,0.1183,0.0485,0.017,0.0775,0.2388,0.2918,-0.47690387016229707,-0.3782894736842105,-0.08847184986595176,0.8870967741935486,0.603617712697232,0.8870967741935486,-0.7657909446618223,0.4844868735083533,1.0740740740740742,0.4099746407438715,4.0761290322580646,0.6078838174273858,-0.4550898203592814,0.4550898203592814,-0.666005946481665,-0.5141249999999999,-0.04980462000000001,-2004695.0,3078215.0
3,0.341,0.0195,0.0195,0.0425,0.08437673,7.39336e-08,5.8289406e-06,0.3674,0.3745,0.1449,0.0599,0.0159,0.0835,0.2795,0.3417,-0.5464247598719316,-0.37096774193548393,-0.10169491525423725,0.8918169209431345,0.6350295406899181,0.8918169209431345,-0.7783572359843547,0.4588235294117647,1.0,0.41338854382332646,4.083832335329341,0.6213592233009708,-0.40358098374151063,0.40358098374151063,-0.6390088656512843,-0.588125,-0.06674156,-2004685.0,3079635.0
2,0.37160000000000004,0.0183,0.020300000000000002,0.0443,0.08970293,4.2796135e-08,6.1909686e-06,0.3919,0.3754,0.15810000000000002,0.06620000000000001,0.0171,0.0835,0.2912,0.3583,-0.5622529644268774,-0.4153354632587859,-0.08556149732620325,0.9061297768658632,0.6851747357333634,0.9061297768658632,-0.7869680211589324,0.45823927765237027,1.109289617486339,0.4187223276407337,4.450299401197605,0.6404715127701376,-0.40305833490655085,0.40305833490655085,-0.6452560873215785,-0.6469500000000001,-0.07957336,-2004685.0,3081045.0
3,0.2998,0.0219,0.0253,0.040600000000000004,0.16066082,2.3808478e-07,1.0845695e-05,0.37310000000000004,0.39730000000000004,0.1592,0.0729,0.0316,0.0847,0.27,0.3423,-0.5935935935935936,-0.2992000000000001,0.11072056239015822,0.863848305875039,0.5860888477183939,0.863848305875039,-0.7614571092831961,0.6231527093596059,1.1552511415525115,0.45791457286432163,3.5395513577331763,0.5891181988742964,-0.306318082788671,0.306318082788671,-0.5484639199809479,-0.5434749999999999,-0.07596375,-2004675.0,3082465.0
3,0.2713,0.0524,0.0367,0.0625,0.096212,4.2364297e-07,6.7954225e-06,0.3173,0.36160000000000003,0.223,0.1213,0.020900000000000002,0.1097,0.2411,0.2806,-0.5621716287215412,-0.0879025239338555,-0.2743055555555556,0.6762434352795799,0.47758403601816174,0.6762434352795799,-0.6255242660275614,0.5872,0.7003816793893131,0.5439461883408072,2.4731084776663623,0.3534855027760641,-0.09771393890349987,0.09771393890349987,-0.2788042350010379,-0.5181749999999998,-0.09334894999999996,-2004655.0,3086725.0
3,0.3435,0.028300000000000002,0.025900000000000003,0.0475,0.11144226,1.8623768e-07,6.3304856e-06,0.39980000000000004,0.39640000000000003,0.19360000000000002,0.0884,0.020300000000000002,0.0959,0.2989,0.36510000000000004,-0.6059726254666113,-0.25329815303430075,-0.12121212121212122,0.8477676169983863,0.6295818960615596,0.8477676169983863,-0.7570332480818415,0.5452631578947369,0.9151943462897527,0.45661157024793386,3.5818561001042757,0.5442834138486312,-0.27909141686836714,0.27909141686836714,-0.5198518823287389,-0.6389,-0.09270877,-2004655.0,3088135.0
3,0.2711,0.0587,0.041800000000000004,0.07100000000000001,0.13340123,6.9686473e-07,9.344066e-06,0.30360000000000004,0.3271,0.2245,0.1263,0.028800000000000003,0.1233,0.2396,0.2753,-0.5194585448392555,-0.09483423284502702,-0.18413597733711048,0.6440266828380837,0.4726294090700871,0.6440266828380837,-0.5849166910260157,0.5887323943661972,0.7120954003407155,0.5625835189309577,2.1987023519870235,0.35494505494505496,-0.0940274414850686,0.0940274414850686,-0.25687889134364333,-0.492525,-0.08233021999999997,-2004645.0,3089555.0
2,0.4083,0.021500000000000002,0.023100000000000002,0.0437,0.06446624,1.0297298e-07,3.6012902e-06,0.4319,0.41090000000000004,0.1756,0.0743,0.022000000000000002,0.0881,0.32130000000000003,0.40540000000000004,-0.6014591883264935,-0.34049079754601225,-0.02439024390243903,0.8999534667287109,0.7325611231259852,0.8999534667287109,-0.8066371681415928,0.5286041189931351,1.0744186046511628,0.42312072892938496,4.634506242905789,0.6076642335766422,-0.3985271450590855,0.3985271450590855,-0.6365705614567527,-0.724925,-0.09164754,-2004625.0,3095225.0
2,0.4313,0.024200000000000003,0.028200000000000003,0.053500000000000006,0.07515675,7.240176e-08,4.816188e-06,0.43560000000000004,0.39990000000000003,0.1655,0.07050000000000001,0.0251,0.0983,0.3259,0.4046,-0.5114155251141552,-0.37709137709137713,-0.05816135084427771,0.8937431394072448,0.7721978021978023,0.8937431394072448,-0.7792904290429044,0.5271028037383177,1.165289256198347,0.4259818731117825,4.387589013224822,0.6048979591836735,-0.4453753351206435,0.4453753351206435,-0.6582461205341033,-0.715625,-0.07728427000000002,-2004615.0,3096645.0
2,0.316,0.0284,0.0222,0.041,0.081983216,1.3559759e-07,5.082993e-06,0.39,0.38070000000000004,0.1525,0.0671,0.016900000000000002,0.0874,0.28950000000000004,0.3599,-0.5762273901808784,-0.18155619596541786,-0.13554987212276212,0.8350754936120791,0.5770134101068263,0.8350754936120791,-0.7703081232492999,0.5414634146341464,0.7816901408450704,0.44000000000000006,3.6155606407322654,0.5094991364421416,-0.3489861259338314,0.3489861259338314,-0.5596034124971179,-0.561275,-0.06879909,-2008995.0,3061205.0
2,0.3115,0.0632,0.0417,0.0707,0.0916722,4.4581293e-07,6.3883085e-06,0.327,0.3804,0.18000000000000002,0.0945,0.023700000000000002,0.1174,0.24580000000000002,0.2907,-0.43597925807738336,-0.05601194921583265,-0.2752293577981651,0.662663464104617,0.5192858957146486,0.662663464104617,-0.6300366300366301,0.5898161244695899,0.6598101265822784,0.5249999999999999,2.6533219761499147,0.3001107419712071,-0.26754832146490326,0.26754832146490326,-0.3826580544137796,-0.4951750000000001,-0.05425435999999999,-2008995.0,3062625.0
2,0.458,0.0257,0.0227,0.054900000000000004,0.052011643,7.836819e-08,2.551072e-06,0.4974,0.46730000000000005,0.2043,0.0857,0.015300000000000001,0.1047,0.3536,0.4571,-0.576388888888889,-0.3622828784119107,-0.19473684210526312,0.8937357866446144,0.7762405076458961,0.8937357866446144,-0.7859231819068044,0.4134790528233151,0.8832684824902725,0.4194811551639745,4.374403056351481,0.6058282208588956,-0.38305903669032165,0.38305903669032165,-0.6237122107752069,-0.8120749999999999,-0.10564003,-2008995.0,3064045.0
3,0.3373,0.0771,0.0482,0.0789,0.0928298,4.0318966e-07,5.939236e-06,0.3483,0.36160000000000003,0.21200000000000002,0.1106,0.028900000000000002,0.1403,0.2711,0.31120000000000003,-0.45754554829838434,-0.011538461538461513,-0.25032425421530474,0.6278957528957528,0.5326404338153503,0.6278957528957528,-0.6208553580009609,0.6108998732572877,0.6251621271076524,0.5216981132075471,2.404133998574483,0.2907083716651334,-0.2281085017294738,0.2281085017294738,-0.3450802512212142,-0.5508500000000001,-0.05793151999999999,-2007585.0,3058365.0
2,0.5024000000000001,0.025900000000000003,0.0273,0.0558,0.08717599,2.1866559e-07,4.5510665e-06,0.46990000000000004,0.38730000000000003,0.17600000000000002,0.07400000000000001,0.0193,0.0999,0.3541,0.4323,-0.5185504745470233,-0.36597307221542225,-0.17167381974248927,0.9019496498201779,0.8465641237397199,0.9019496498201779,-0.8000716589036189,0.489247311827957,1.054054054054054,0.42045454545454547,5.029029029029029,0.5882352941176471,-0.48113207547169806,0.48113207547169806,-0.6826556543837358,-0.8323000000000003,-0.08861451000000001,-2007585.0,3059785.0
2,0.3925,0.0207,0.0224,0.0439,0.06159913,1.4921426e-07,3.872621e-06,0.38570000000000004,0.41500000000000004,0.1422,0.060200000000000004,0.0161,0.0848,0.2959,0.3648,-0.5282106394411606,-0.3591331269349845,-0.16363636363636364,0.8998063891577929,0.7122043449247424,0.8998063891577929,-0.7988084326306142,0.5102505694760819,1.0821256038647342,0.4233473980309424,4.628537735849057,0.6075829383886256,-0.4681129605386199,0.4681129605386199,-0.6736587333602257,-0.6548499999999999,-0.06839440000000001,-2007585.0,3061205.0
2,0.40650000000000003,0.025900000000000003,0.025,0.056400000000000006,0.073046125,1.5462636e-07,4.3697205e-06,0.3951,0.4212,0.18080000000000002,0.07690000000000001,0.019700000000000002,0.1022,0.2934,0.3612,-0.524451939291737,-0.370595382746051,-0.11856823266219237,0.8802035152636448,0.7205689755529686,0.8802035152636448,-0.7563188593648736,0.4432624113475177,0.9652509652509652,0.42533185840707965,3.977495107632094,0.5956284153005464,-0.3843010386514558,0.3843010386514558,-0.6151974546135129,-0.695725,-0.08132755,-2007575.0,3062625.0
2,0.3054,0.0328,0.0274,0.049800000000000004,0.07841782,2.2810697e-07,6.0554803e-06,0.322,0.32780000000000004,0.1678,0.08710000000000001,0.0286,0.1,0.24760000000000001,0.2923,-0.5422794117647058,-0.20581113801452786,0.021428571428571422,0.8060319337670018,0.5635073648492327,0.8060319337670018,-0.7195945945945945,0.5502008032128514,0.8353658536585366,0.5190703218116807,3.054,0.5060240963855422,-0.29078613693998306,0.29078613693998306,-0.47028937486193945,-0.536125,-0.06974323,-2007575.0,3064035.0
2,0.3975,0.024900000000000002,0.0221,0.0454,0.044377003,7.363855e-08,2.4777933e-06,0.439,0.3829,0.1648,0.0694,0.018600000000000002,0.0906,0.3196,0.40240000000000004,-0.5680304471931494,-0.29160739687055476,-0.08599508599508598,0.8821022727272728,0.7014806501828186,0.8821022727272728,-0.7949875818469181,0.486784140969163,0.8875502008032129,0.42111650485436897,4.387417218543047,0.5688311688311688,-0.41383603058865376,0.41383603058865376,-0.6330025296750341,-0.6905000000000001,-0.08237633999999999,-2006165.0,3058365.0
2,0.3428,0.0241,0.0304,0.05,0.20079455,3.3105908e-07,1.338551e-05,0.3481,0.38130000000000003,0.1466,0.062,0.025,0.0765,0.2467,0.3176,-0.491353001017294,-0.349527665317139,-0.0974729241877256,0.868629054238212,0.6613466730188979,0.868629054238212,-0.7454175152749491,0.608,1.2614107883817427,0.4229195088676671,4.481045751633987,0.5208747514910538,-0.4008990600735594,0.4008990600735594,-0.6250816459830176,-0.5632,-0.06870478000000001,-2008955.0,3075395.0
3,0.3603,0.0188,0.0195,0.0398,0.054397684,7.281899e-08,4.1373896e-06,0.36300000000000004,0.3422,0.1408,0.056600000000000004,0.0151,0.0753,0.261,0.329,-0.5592469545957918,-0.3583617747440273,-0.12716763005780346,0.9008177261936166,0.6646945773825225,0.9008177261936166,-0.8010497375656086,0.48994974874371855,1.0372340425531914,0.40198863636363635,4.7848605577689245,0.6004250797024443,-0.4380363200957893,0.4380363200957893,-0.6687170474516695,-0.6184999999999999,-0.07208255,-2008955.0,3076805.0
5,0.2999,0.0424,0.031900000000000005,0.0534,0.064040825,1.2577176e-07,4.709863e-06,0.3246,0.3372,0.161,0.0809,0.024200000000000003,0.10690000000000001,0.2526,0.3008,-0.5018656716417911,-0.11482254697286016,-0.13725490196078433,0.7522640958223781,0.5378882932207901,0.7522640958223781,-0.6977073308802717,0.5973782771535581,0.7523584905660379,0.5024844720496894,2.805425631431244,0.43201607501674477,-0.30136689086569757,0.30136689086569757,-0.45814106789716547,-0.5057249999999999,-0.05480075999999998,-2007545.0,3072545.0
2,0.3987,0.0228,0.026600000000000002,0.0526,0.10120784,9.229481e-08,6.3514103e-06,0.4242,0.4212,0.1643,0.0665,0.020900000000000002,0.09960000000000001,0.3234,0.39480000000000004,-0.5149838635315813,-0.3952254641909815,-0.12000000000000001,0.8918149466192171,0.7290044910179642,0.8918149466192171,-0.7668956348327056,0.5057034220532319,1.1666666666666667,0.40474741326841146,4.003012048192771,0.6274509803921569,-0.41634103019538193,0.41634103019538193,-0.6529343179168285,-0.6697749999999999,-0.07117076,-2007545.0,3073965.0
2,0.38520000000000004,0.021400000000000002,0.020800000000000003,0.0432,0.060777806,1.16908545e-07,3.4427858e-06,0.406,0.3798,0.15080000000000002,0.0618,0.015300000000000001,0.0868,0.2934,0.3704,-0.554639175257732,-0.3374613003095975,-0.15235457063711913,0.894736842105263,0.6935769004124926,0.894736842105263,-0.7983193277310924,0.4814814814814815,0.9719626168224299,0.40981432360742703,4.43778801843318,0.6044362292051756,-0.4373134328358209,0.4373134328358209,-0.6598528209321342,-0.6597500000000001,-0.07455513000000001,-2007535.0,3076805.0
3,0.2811,0.0694,0.045700000000000005,0.0708,0.1350659,1.2933731e-06,9.1250795e-06,0.3039,0.30010000000000003,0.26230000000000003,0.1516,0.025900000000000003,0.13090000000000002,0.23440000000000003,0.267,-0.5749024317021916,-0.009985734664764611,-0.27653631284916197,0.6039942938659058,0.46750322937811406,0.6039942938659058,-0.5976129582267691,0.6454802259887006,0.6585014409221902,0.5779641631719405,2.1474407944996177,0.3070394408387419,-0.03459698196540298,0.03459698196540298,-0.1931361810879883,-0.5545000000000001,-0.10583688,-2006135.0,3071125.0
3,0.3204,0.046700000000000005,0.034,0.067,0.05692691,8.283853e-08,3.3931508e-06,0.3592,0.34500000000000003,0.2034,0.0954,0.0238,0.13390000000000002,0.2876,0.3267,-0.5044378698224853,-0.17854001759014948,-0.17647058823529413,0.7455734132388994,0.5605677764565993,0.7455734132388994,-0.6541042849767682,0.5074626865671642,0.728051391862955,0.4690265486725664,2.3928304705003733,0.4828349944629014,-0.22336769759450173,0.22336769759450173,-0.4275931520644512,-0.56035,-0.06212184999999999,-2006125.0,3072545.0
2,0.3025,0.0154,0.0162,0.0341,0.0447915,3.8444995e-08,3.4642762e-06,0.3309,0.3272,0.126,0.0494,0.0134,0.07540000000000001,0.248,0.30010000000000003,-0.5740162398500938,-0.3777777777777777,-0.09459459459459454,0.9031141868512109,0.5817889115753102,0.9031141868512109,-0.7973856209150326,0.4750733137829912,1.051948051948052,0.39206349206349206,4.011936339522546,0.6607929515418504,-0.411901983663944,0.411901983663944,-0.6620599739243809,-0.52895,-0.05784990999999999,-2006125.0,3073965.0
2,0.2983,0.02,0.020800000000000003,0.0393,0.05175854,5.5691597e-08,3.5899086e-06,0.335,0.3526,0.1389,0.056900000000000006,0.0189,0.0784,0.2416,0.3007,-0.5589225589225589,-0.3254637436762226,-0.047858942065491246,0.8743323908262645,0.574942565158837,0.8743323908262645,-0.7671800947867299,0.529262086513995,1.04,0.4096472282217423,3.8048469387755106,0.5934959349593495,-0.3645928636779506,0.3645928636779506,-0.6116161616161615,-0.522525,-0.06296664999999999,-2006115.0,3075385.0
2,0.2722,0.019700000000000002,0.0198,0.0367,0.114092164,6.49929e-08,8.783082e-06,0.3131,0.31820000000000004,0.1509,0.06470000000000001,0.018000000000000002,0.07740000000000001,0.2273,0.2797,-0.6087420042643923,-0.30141843971631205,-0.0476190476190476,0.8650222678999657,0.5320879297850067,0.8650222678999657,-0.7623826481061832,0.5395095367847411,1.0050761421319796,0.4287607687210073,3.5167958656330742,0.5942327497425335,-0.28669345308437716,0.28669345308437716,-0.5515409139213603,-0.506925,-0.07057889,-2006115.0,3076795.0
3,0.4228,0.029300000000000003,0.0324,0.07050000000000001,0.0763673,9.9831816e-08,3.924693e-06,0.42860000000000004,0.4181,0.1865,0.0789,0.0261,0.12090000000000001,0.3362,0.3956,-0.4513618677042801,-0.4128256513026052,-0.10769230769230764,0.8703826587038266,0.758114488049572,0.8703826587038266,-0.7141698763429961,0.4595744680851063,1.1058020477815698,0.4230563002680965,3.497105045492142,0.6098535286284953,-0.3878220909240112,0.3878220909240112,-0.6159034433794817,-0.6855749999999999,-0.06852647,-2007555.0,3069715.0
2,0.5364,0.027200000000000002,0.025900000000000003,0.0582,0.08280645,1.1724829e-07,3.660355e-06,0.519,0.4495,0.2141,0.0917,0.0206,0.11710000000000001,0.383,0.47240000000000004,-0.5725302974660302,-0.36299765807962525,-0.11397849462365597,0.9034776437189496,0.8727538446208524,0.9034776437189496,-0.8042381432896064,0.4450171821305842,0.9522058823529412,0.42830453059318074,4.580700256191289,0.623007623007623,-0.42944703530979345,0.42944703530979345,-0.6509101585437463,-0.931425,-0.10953563,-2006145.0,3065455.0
3,0.2505,0.015600000000000001,0.0159,0.0286,0.062400248,1.0803937e-07,5.81973e-06,0.2579,0.2805,0.09970000000000001,0.0441,0.0166,0.0528,0.1892,0.2359,-0.554169914263445,-0.2941176470588235,0.021538461538461513,0.882750845546787,0.4985508429603625,0.882750845546787,-0.7950555356503045,0.5559440559440559,1.0192307692307692,0.44232698094282846,4.744318181818182,0.5438596491228069,-0.4306110793832095,0.4306110793832095,-0.6338546458141674,-0.426875,-0.05122228,-2006145.0,3066875.0
2,0.35800000000000004,0.0323,0.0258,0.0512,0.0669122,2.0664035e-07,3.9729443e-06,0.3739,0.32330000000000003,0.1638,0.0789,0.0204,0.0983,0.2848,0.34700000000000003,-0.5237209302325582,-0.22634730538922154,-0.11688311688311684,0.8344862925954395,0.6351321504822205,0.8344862925954395,-0.7497556207233625,0.50390625,0.7987616099071206,0.4816849816849817,3.6419125127161753,0.5053598774885146,-0.37217324645458033,0.37217324645458033,-0.5507070707070708,-0.609175,-0.07126385,-2006145.0,3068285.0
3,0.3029,0.0261,0.024800000000000003,0.044700000000000004,0.12538163,1.5938282e-07,8.814573e-06,0.3351,0.35750000000000004,0.161,0.07350000000000001,0.0241,0.0941,0.25780000000000003,0.3028,-0.5653864851725815,-0.2627118644067797,-0.014314928425357929,0.841337386018237,0.5741264232430311,0.841337386018237,-0.742807825086306,0.5548098434004475,0.9501915708812261,0.4565217391304348,3.218916046758767,0.5657237936772047,-0.305884888984695,0.305884888984695,-0.5338169904048677,-0.5409249999999999,-0.06682690999999999,-2006135.0,3069705.0
2,0.3713,0.0218,0.0224,0.0505,0.058133606,1.2889504e-07,3.6105043e-06,0.3865,0.3796,0.1514,0.061200000000000004,0.015300000000000001,0.08320000000000001,0.28700000000000003,0.3598,-0.4997523526498266,-0.39695712309820197,-0.18832891246684347,0.8890867463749683,0.6794468180796043,0.8890867463749683,-0.7605500237079185,0.4435643564356435,1.0275229357798166,0.4042272126816381,4.462740384615384,0.5847619047619048,-0.4207002104457624,0.4207002104457624,-0.6517726033144534,-0.6201000000000001,-0.07103132999999999,-2004735.0,3065445.0
2,0.33130000000000004,0.0145,0.0176,0.0363,0.067458965,1.2751818e-07,4.8012726e-06,0.34590000000000004,0.3768,0.1318,0.0534,0.0198,0.0666,0.2571,0.3204,-0.5681142177275431,-0.42913385826771655,0.05882352941176472,0.9161364950838634,0.6326284692528961,0.9161364950838634,-0.8025027203482046,0.4848484848484849,1.2137931034482758,0.40515933232169954,4.974474474474475,0.6424167694204687,-0.4307924854243144,0.4307924854243144,-0.6741842610364683,-0.5729500000000001,-0.06930992999999999,-2004725.0,3066865.0
3,0.4174,0.0316,0.029300000000000003,0.0644,0.064686015,1.1563897e-07,4.055399e-06,0.40080000000000005,0.3916,0.2126,0.0946,0.0227,0.1076,0.2969,0.36360000000000003,-0.5350180505415162,-0.3416666666666666,-0.12692307692307694,0.8592427616926502,0.7294287258965578,0.8592427616926502,-0.7326691573266916,0.45496894409937894,0.9272151898734178,0.444967074317968,3.879182156133829,0.5459770114942529,-0.325079365079365,0.325079365079365,-0.5594344562750917,-0.7310500000000001,-0.09772660999999999,-2004725.0,3068285.0
3,0.2682,0.018000000000000002,0.017,0.0308,0.15774599,6.9772597e-07,1.2709963e-05,0.2574,0.298,0.132,0.0603,0.023700000000000002,0.0636,0.1899,0.23170000000000002,-0.6216216216216217,-0.2622950819672131,0.16461916461916465,0.8742138364779873,0.5225434451829903,0.8742138364779873,-0.793979933110368,0.551948051948052,0.9444444444444444,0.4568181818181818,4.216981132075471,0.5588235294117647,-0.34032983508245873,0.34032983508245873,-0.5691884456671251,-0.49122500000000013,-0.06701075,-2004715.0,3069705.0
3,0.38,0.0212,0.0239,0.048100000000000004,0.055517804,7.598996e-08,3.008176e-06,0.42650000000000005,0.4176,0.18610000000000002,0.0781,0.0198,0.0908,0.32180000000000003,0.3922,-0.5892399658411615,-0.3881673881673882,-0.09382151029748281,0.8943170488534397,0.6994239240935276,0.8943170488534397,-0.7752861480962391,0.49688149688149685,1.1273584905660379,0.4196668457818377,4.185022026431718,0.6214285714285714,-0.34251898957781307,0.34251898957781307,-0.6053259141494436,-0.6854750000000001,-0.09240462000000002,-2003315.0,3065445.0
3,0.365,0.0212,0.0201,0.046400000000000004,0.064338975,1.148045e-07,4.239681e-06,0.37670000000000003,0.38270000000000004,0.1642,0.0699,0.0164,0.09730000000000001,0.2921,0.3428,-0.5593542260208927,-0.3727810650887574,-0.10136986301369857,0.8902123252200932,0.664430280666443,0.8902123252200932,-0.7744287797763734,0.43318965517241376,0.9481132075471698,0.42570036540803896,3.7512846865364846,0.6421940928270043,-0.37944066515495084,0.37944066515495084,-0.617387652246955,-0.640225,-0.07265152999999999,-2006165.0,3059775.0
2,0.4055,0.0262,0.0251,0.0625,0.08486699,2.612114e-07,4.7727085e-06,0.38430000000000003,0.3552,0.169,0.0779,0.025400000000000002,0.12200000000000001,0.3093,0.3573,-0.4600431965442765,-0.40924464487034945,0.005940594059405973,0.8786194116284457,0.7185055840518026,0.8786194116284457,-0.732905982905983,0.4016,0.9580152671755725,0.4609467455621301,3.3237704918032787,0.6464237516869097,-0.41166231505657097,0.41166231505657097,-0.6106227791284832,-0.660925,-0.06066323000000001,-2006165.0,3061195.0
1,0.3013,0.061700000000000005,0.0431,0.0688,0.121766515,4.2041242e-07,7.3888673e-06,0.3498,0.3295,0.2354,0.1269,0.034,0.1295,0.2715,0.3144,-0.5476660092044707,-0.054406130268199196,-0.11802853437094678,0.6600550964187328,0.5129241609493789,0.6600550964187328,-0.6282085922723589,0.626453488372093,0.6985413290113451,0.5390824129141887,2.3266409266409265,0.35460251046025104,-0.12278740450903675,0.12278740450903675,-0.2923076923076923,-0.558225,-0.08745692999999999,-2006155.0,3062615.0
2,0.34190000000000004,0.020300000000000002,0.0196,0.0468,0.048092756,4.4900176e-08,3.025762e-06,0.3668,0.3493,0.13670000000000002,0.054700000000000006,0.014,0.091,0.2751,0.3371,-0.48991825613079015,-0.39493293591654244,-0.16666666666666666,0.8879072335726119,0.6337434495329233,0.8879072335726119,-0.7591973244147157,0.41880341880341876,0.9655172413793102,0.4001463057790783,3.7571428571428576,0.6352201257861635,-0.4287505223568742,0.4287505223568742,-0.6563573883161512,-0.567625,-0.05578469,-2006155.0,3064035.0
2,0.3115,0.0594,0.0408,0.07060000000000001,0.072758235,2.4108886e-07,4.600909e-06,0.3412,0.3224,0.2273,0.1193,0.027800000000000002,0.1371,0.2637,0.30210000000000004,-0.5260154414232965,-0.08615384615384622,-0.18950437317784255,0.6796980318145052,0.528195902782877,0.6796980318145052,-0.6304632295210678,0.5779036827195467,0.6868686868686869,0.5248570171579411,2.2720641867250184,0.3954198473282442,-0.15627319970304382,0.15627319970304382,-0.32693032015065915,-0.5610749999999999,-0.07750974999999999,-2004755.0,3058355.0
1,0.2509,0.014700000000000001,0.0165,0.0296,0.034618285,7.094145e-08,2.6113557e-06,0.3083,0.3431,0.10690000000000001,0.0451,0.0159,0.0656,0.22740000000000002,0.28190000000000004,-0.5663003663003663,-0.33634311512415344,-0.018518518518518514,0.8893072289156627,0.5040111901921258,0.8893072289156627,-0.7889483065953653,0.5574324324324325,1.1224489795918366,0.421889616463985,3.8246951219512195,0.6338729763387297,-0.40245947456679715,0.40245947456679715,-0.6344743276283618,-0.4349249999999999,-0.04966951,-2004745.0,3059775.0
2,0.276,0.0345,0.026600000000000002,0.0495,0.097555235,3.446996e-07,7.840457e-06,0.2626,0.3004,0.1588,0.0881,0.0228,0.09330000000000001,0.2106,0.2422,-0.5247239558329333,-0.17857142857142855,-0.07692307692307696,0.7777777777777779,0.5107128944292949,0.7777777777777779,-0.6958525345622121,0.5373737373737374,0.7710144927536232,0.5547858942065491,2.9581993569131835,0.46009389671361495,-0.2695492180312788,0.2695492180312788,-0.4233301975540923,-0.47982500000000006,-0.06471011999999998,-2004745.0,3061195.0
3,0.3186,0.06430000000000001,0.039900000000000005,0.0707,0.14389688,6.956398e-07,8.6535065e-06,0.342,0.3579,0.2109,0.1056,0.0206,0.11800000000000001,0.25370000000000004,0.3003,-0.4978693181818181,-0.04740740740740732,-0.31900826446280994,0.6641420736484721,0.5210831583816674,0.6641420736484721,-0.6367839712304136,0.5643564356435644,0.6205287713841369,0.5007112375533428,2.6999999999999997,0.2945693911135491,-0.20339943342776204,0.20339943342776204,-0.35692657077971235,-0.5511999999999999,-0.07438968999999998,-2004735.0,3062615.0
3,0.3405,0.0279,0.0252,0.0563,0.079354726,9.484589e-08,5.081937e-06,0.3808,0.3685,0.1612,0.07150000000000001,0.0213,0.0995,0.2964,0.3568,-0.4822988505747126,-0.33729216152019004,-0.0838709677419355,0.8485342019543975,0.6242702251876564,0.8485342019543975,-0.7162298387096774,0.44760213143872113,0.9032258064516129,0.4435483870967742,3.422110552763819,0.5620094191522762,-0.35738489136934426,0.35738489136934426,-0.5725650397763921,-0.568725,-0.06332070000000001,-2004735.0,3064035.0
1,0.3614,0.048100000000000004,0.0402,0.0668,0.08127229,1.8011332e-07,4.992349e-06,0.3885,0.3704,0.1948,0.09730000000000001,0.0287,0.10210000000000001,0.2861,0.3612,-0.4892966360856269,-0.16275021758050473,-0.16690856313497823,0.7650793650793651,0.6343344456803856,0.7650793650793651,-0.6879962634283044,0.6017964071856288,0.8357588357588357,0.4994866529774128,3.539666993143976,0.35952063914780297,-0.29953254225098885,0.29953254225098885,-0.46837294332723944,-0.6027750000000001,-0.08255868999999998,-2003335.0,3058355.0
3,0.2716,0.0424,0.033800000000000004,0.0563,0.15257744,6.951004e-07,1.1341348e-05,0.3275,0.3552,0.1821,0.09280000000000001,0.028900000000000002,0.1038,0.24500000000000002,0.2911,-0.5276845637583893,-0.1408308004052685,-0.07814992025518343,0.7299363057324841,0.5002750491159136,0.7299363057324841,-0.6566026227508386,0.6003552397868561,0.7971698113207548,0.5096101043382757,2.6165703275529864,0.41997264021887826,-0.1972669164646242,0.1972669164646242,-0.38629142078983203,-0.4828,-0.06947095000000002,-2004715.0,3071125.0
2,0.45330000000000004,0.020900000000000002,0.022500000000000003,0.0438,0.07440429,8.267164e-08,4.2655834e-06,0.45640000000000003,0.41450000000000004,0.1739,0.0714,0.0162,0.0858,0.335,0.42200000000000004,-0.5976113918236104,-0.3539412673879443,-0.1627906976744187,0.9118515394348375,0.7889286854143766,0.9118515394348375,-0.8237779118889559,0.5136986301369864,1.076555023923445,0.410580793559517,5.283216783216783,0.6082474226804123,-0.4454719387755103,0.4454719387755103,-0.6750572082379863,-0.7909499999999999,-0.0963098,-2004715.0,3072535.0
2,0.2381,0.0368,0.028800000000000003,0.052000000000000005,0.054903794,1.6418696e-07,4.8262687e-06,0.26130000000000003,0.2806,0.1502,0.0748,0.0177,0.0872,0.20370000000000002,0.2349,-0.4856577645895153,-0.17117117117117123,-0.2387096774193549,0.7322662786467806,0.4493120926864592,0.7322662786467806,-0.6415029300241295,0.5538461538461539,0.782608695652174,0.49800266311584557,2.7305045871559632,0.4064516129032258,-0.22637136234869948,0.22637136234869948,-0.41030383091149275,-0.40494999999999987,-0.053325849999999994,-2004705.0,3073955.0
3,0.46140000000000003,0.0298,0.030500000000000003,0.059800000000000006,0.11261969,1.851499e-07,5.155641e-06,0.47090000000000004,0.38630000000000003,0.21730000000000002,0.09430000000000001,0.0201,0.1022,0.35050000000000003,0.432,-0.5683868639480333,-0.3348214285714286,-0.2055335968379447,0.8786644951140066,0.7961316376775657,0.8786644951140066,-0.7705295471987721,0.5100334448160535,1.0234899328859062,0.4339622641509434,4.5146771037182,0.5484848484848484,-0.35965817003094147,0.35965817003094147,-0.597077922077922,-0.8144750000000001,-0.11007430000000004,-2004705.0,3075375.0
3,0.2511,0.0164,0.0166,0.029900000000000003,0.050060872,8.404851e-08,4.9715645e-06,0.2982,0.3032,0.1024,0.042300000000000004,0.016,0.0613,0.2185,0.2711,-0.5479969765684052,-0.2915766738660907,-0.018404907975460117,0.8773831775700934,0.49906122448979595,0.8773831775700934,-0.7871886120996441,0.5551839464882943,1.0121951219512195,0.4130859375,4.096247960848287,0.5778635778635778,-0.4206506364922207,0.4206506364922207,-0.6403186274509803,-0.42832499999999996,-0.04775905,-2003295.0,3071115.0
2,0.2954,0.015700000000000002,0.0167,0.0327,0.060354576,9.86278e-08,4.294955e-06,0.3558,0.3381,0.1325,0.0531,0.013300000000000001,0.0722,0.2651,0.33590000000000003,-0.6041162227602905,-0.35123966942148754,-0.11333333333333329,0.8990678238508518,0.5716771463597896,0.8990678238508518,-0.8006705272782688,0.5107033639143731,1.0636942675159233,0.4007547169811321,4.091412742382271,0.6427758816837315,-0.3806964243982239,0.3806964243982239,-0.6387503281701233,-0.530125,-0.065026,-2003295.0,3072535.0
3,0.307,0.033800000000000004,0.026600000000000002,0.055400000000000005,0.086284816,1.8490553e-07,5.9078425e-06,0.33390000000000003,0.3286,0.1753,0.0848,0.020800000000000003,0.1135,0.2609,0.2999,-0.5197225834416992,-0.242152466367713,-0.12236286919831221,0.8016431924882629,0.5599481034877508,0.8016431924882629,-0.6942604856512141,0.48014440433212996,0.7869822485207101,0.4837421563034797,2.7048458149779733,0.5410726408689748,-0.27306655608542396,0.27306655608542396,-0.475453339230429,-0.53715,-0.06305163,-2003285.0,3073955.0
2,0.3079,0.0205,0.021400000000000002,0.039900000000000005,0.06334974,7.898211e-08,4.1430835e-06,0.3264,0.3638,0.1332,0.0565,0.0195,0.07780000000000001,0.24050000000000002,0.2989,-0.5389948006932408,-0.3211920529801325,-0.046454767726161424,0.8751522533495736,0.5897748740554157,0.8751522533495736,-0.7705577918343877,0.5363408521303258,1.0439024390243903,0.42417417417417413,3.9575835475578405,0.582909460834181,-0.39605531625481744,0.39605531625481744,-0.620969726802855,-0.526375,-0.06003262,-2003285.0,3075375.0
3,0.33840000000000003,0.0439,0.031100000000000003,0.0618,0.09118701,3.174722e-07,5.88352e-06,0.3271,0.3256,0.2184,0.1145,0.020800000000000003,0.1269,0.2472,0.2893,-0.5588865096359743,-0.1693472090823084,-0.19845857418111754,0.7703374313366467,0.5860947718388074,0.7703374313366467,-0.6911544227886056,0.5032362459546926,0.7084282460136675,0.5242673992673993,2.6666666666666665,0.48594847775175654,-0.21551724137931036,0.21551724137931036,-0.3998863421102482,-0.6209750000000002,-0.08808777000000001,-2003325.0,3059775.0
3,0.2735,0.0327,0.0238,0.0446,0.0893591,1.3970732e-07,5.9273116e-06,0.35660000000000003,0.3295,0.16870000000000002,0.0786,0.0218,0.0881,0.2686,0.3272,-0.5818096577590248,-0.1539456662354463,-0.04385964912280706,0.7864141084258655,0.5042208798017349,0.7864141084258655,-0.7195850361521534,0.5336322869955157,0.72782874617737,0.4659158269116775,3.1044267877412035,0.4586092715231788,-0.23699683401175936,0.23699683401175936,-0.4552129221732746,-0.5083500000000001,-0.07339897000000001,-2003325.0,3061195.0
1,0.2775,0.0502,0.033,0.056600000000000004,0.09961464,2.8035043e-07,6.918092e-06,0.3241,0.3289,0.197,0.1032,0.0267,0.1114,0.2482,0.2973,-0.5536277602523659,-0.05992509363295882,-0.10552763819095477,0.693622215440952,0.4834359975961539,0.693622215440952,-0.6611792876384316,0.5830388692579506,0.6573705179282868,0.5238578680203045,2.491023339317774,0.3787128712871287,-0.1696522655426765,0.1696522655426765,-0.33865057124380255,-0.5114500000000001,-0.07466832000000001,-2003325.0,3062605.0
3,0.27590000000000003,0.0466,0.0327,0.058100000000000006,0.097457245,4.579097e-07,7.575915e-06,0.2723,0.2969,0.1502,0.07680000000000001,0.0236,0.09480000000000001,0.2093,0.2472,-0.44215074411905897,-0.10983763132760269,-0.16163410301953818,0.7110077519379846,0.4908605228009922,0.7110077519379846,-0.6520958083832336,0.5628227194492255,0.7017167381974249,0.511318242343542,2.9103375527426163,0.3408769448373409,-0.2950011734334664,0.2950011734334664,-0.42870370370370375,-0.44200000000000006,-0.04860046,-2003315.0,3064025.0
2,0.28300000000000003,0.0137,0.016900000000000002,0.0354,0.16445644,2.7098358e-07,1.28916545e-05,0.3023,0.3763,0.1282,0.0522,0.0172,0.061700000000000005,0.22,0.2781,-0.5672371638141809,-0.44195519348268836,0.008797653958944227,0.9076508257499158,0.5602163995316726,0.9076508257499158,-0.7776381909547739,0.47740112994350287,1.2335766423357666,0.40717628705148207,4.586709886547812,0.636604774535809,-0.37645914396887165,0.37645914396887165,-0.6396938217605249,-0.49835,-0.06568587000000001,-2003305.0,3066865.0
3,0.32980000000000004,0.0708,0.0466,0.0825,0.1405589,4.526317e-07,8.109763e-06,0.3511,0.34690000000000004,0.23290000000000002,0.12810000000000002,0.0317,0.15430000000000002,0.276,0.3129,-0.4768547875713381,-0.07632093933463799,-0.19029374201787996,0.6465302046929605,0.5364031029819942,0.6465302046929605,-0.5998059665292262,0.5648484848484848,0.6581920903954802,0.5500214684413912,2.137394685677252,0.3709462461128388,-0.17220543806646527,0.17220543806646527,-0.3085346775595342,-0.5591750000000002,-0.06889671,-2003305.0,3068285.0
3,0.24150000000000002,0.0322,0.032600000000000004,0.0512,0.12125693,2.589941e-07,1.0596631e-05,0.3063,0.38870000000000005,0.1623,0.0763,0.0292,0.0911,0.2318,0.2757,-0.5203747072599532,-0.22781774580335734,-0.05501618122977352,0.7647058823529412,0.4802134095110066,0.7647058823529412,-0.6501537410317731,0.63671875,1.0124223602484475,0.47011706715958107,2.650933040614709,0.47769667477696676,-0.19613670133729572,0.19613670133729572,-0.43282801881860944,-0.42602500000000015,-0.060048229999999994,-2003305.0,3069695.0
